date,unit_id,region,unit_type,month,year,trend,seasonal,covid,gdp_growth,rainfall_mm,infra_index,coal_price,interest_rate,capacity_util,clinker_ratio,clinker_volume,clinker_volume_lag1,clinker_volume_lag12,month_sin,month_cos
2015-01-01,GU_Central_1,Central,GU,1,2015,1.0,1.08,1.0,8.615809915247203,73.39888049772708,39.191768145001994,6345.478781767802,8.513702514179792,57.57687885576119,0.73,410641,,,0.49999999999999994,0.8660254037844387
2015-02-01,GU_Central_1,Central,GU,2,2015,1.0,1.12,1.0,7.073033493333421,54.415547962940394,35.63918066467143,5950.197928068229,6.38495644328028,63.634064259951074,0.73,344022,410640.6177683916,,0.8660254037844386,0.5000000000000001
2015-03-01,GU_Central_1,Central,GU,3,2015,1.0,1.15,1.0,5.81203409332232,33.23286252312546,44.2082929317421,5262.529192228736,6.681777407209799,58.15404320375414,0.73,458505,344022.24399909336,,1.0,6.123233995736766e-17
2015-04-01,GU_Central_1,Central,GU,4,2015,1.0,1.05,1.0,6.167099082284428,54.144581329843646,42.06236919363408,5520.698291007212,7.491065106176375,57.98431192919401,0.73,389666,458505.11278741254,,0.8660254037844387,-0.4999999999999998
2015-05-01,GU_Central_1,Central,GU,5,2015,1.0,0.95,1.0,7.767510144137542,81.78194366961327,41.95434415261332,4923.782407959386,7.528481574324028,63.43611108962392,0.73,330691,389665.5782300782,,0.49999999999999994,-0.8660254037844387
2015-06-01,GU_Central_1,Central,GU,6,2015,1.0,0.72,1.0,5.616575947893657,126.82162852254174,35.214903349131355,5071.075972038396,7.458241995629712,62.309823259184554,0.73,203117,330691.17727947177,,1.2246467991473532e-16,-1.0
2015-07-01,GU_Central_1,Central,GU,7,2015,1.0,0.65,1.0,4.7215667818267875,152.86132588853843,38.21353002253214,5574.428195648807,7.251378256969858,66.58000591408793,0.73,176752,203116.65535192052,,-0.4999999999999997,-0.8660254037844388
2015-08-01,GU_Central_1,Central,GU,8,2015,1.0,0.68,1.0,4.8098610312775465,248.45361922386525,38.99636191322913,5284.67510570343,7.239151742038384,60.615294201623165,0.73,155258,176751.69635606956,,-0.8660254037844385,-0.5000000000000004
2015-09-01,GU_Central_1,Central,GU,9,2015,1.0,0.82,1.0,4.425229279754255,172.96100877139057,34.206815523897966,5037.109771752345,7.807406509457303,61.46379425521196,0.73,203906,155258.13161148806,,-1.0,-1.8369701987210297e-16
2015-10-01,GU_Central_1,Central,GU,10,2015,1.0,1.02,1.0,4.94142217008265,216.86662465365453,42.66985028822826,5727.608021104685,8.407154042911339,62.84601704935274,0.73,257633,203906.20871091876,,-0.8660254037844386,0.5000000000000001
2015-11-01,GU_Central_1,Central,GU,11,2015,1.0,1.1,1.0,5.082960872239028,135.23924032556005,44.36165346564441,5470.167137978638,7.115237816249259,58.552684594254174,0.73,350538,257632.69569216407,,-0.5000000000000004,0.8660254037844384
2015-12-01,GU_Central_1,Central,GU,12,2015,1.0,1.15,1.0,8.162284855529766,129.0781951433278,46.18580486801084,4801.7820097116655,9.450719476136523,59.10772061993627,0.73,420453,350538.3142873246,,-2.4492935982947064e-16,1.0
2016-01-01,GU_Central_1,Central,GU,1,2016,1.06,1.08,1.0,7.505245116588699,86.90947972702139,41.36234851744679,5546.183865224545,8.668553148592252,67.26439466309021,0.7255,390791,420452.87560477015,410640.6177683916,0.49999999999999994,0.8660254037844387
2016-02-01,GU_Central_1,Central,GU,2,2016,1.06,1.12,1.0,7.1247439248157605,51.136207368948476,44.85197049050282,6223.4948256416355,8.163404503664065,60.60417983487556,0.7255,477931,390791.0727312521,344022.24399909336,0.8660254037844386,0.5000000000000001
2016-03-01,GU_Central_1,Central,GU,3,2016,1.06,1.15,1.0,5.828564496157533,37.02805353673777,48.468454807451266,5765.280685451363,7.597986667649249,67.52990626579874,0.7255,494829,477931.017485253,458505.11278741254,1.0,6.123233995736766e-17
2016-04-01,GU_Central_1,Central,GU,4,2016,1.06,1.05,1.0,7.3889084948142125,51.791678921711046,43.73914456315914,5638.989867088256,8.706390485176124,65.22925032267318,0.7255,399553,494829.3528432723,389665.5782300782,0.8660254037844387,-0.4999999999999998
2016-05-01,GU_Central_1,Central,GU,5,2016,1.06,0.95,1.0,5.47586649670279,83.2041240011621,42.799036258471965,6988.0361406309885,6.867907708000473,56.60987589804426,0.7255,301875,399553.4275567801,330691.17727947177,0.49999999999999994,-0.8660254037844387
2016-06-01,GU_Central_1,Central,GU,6,2016,1.06,0.72,1.0,7.117359566236183,152.21885675351308,38.90194697936653,6436.0300995606685,6.433916470407812,64.92151476735116,0.7255,232662,301874.9291506564,203116.65535192052,1.2246467991473532e-16,-1.0
2016-07-01,GU_Central_1,Central,GU,7,2016,1.06,0.65,1.0,9.0,139.06383315279288,47.89786737331525,6360.549129798574,6.679222352476812,64.8899192923765,0.7255,240216,232661.59955734984,176751.69635606956,-0.4999999999999997,-0.8660254037844388
2016-08-01,GU_Central_1,Central,GU,8,2016,1.06,0.68,1.0,8.357224466227459,173.49836684772842,44.442217731779905,6395.217382732213,6.297645757527935,64.49171443404514,0.7255,237438,240216.39998978807,155258.13161148806,-0.8660254037844385,-0.5000000000000004
2016-09-01,GU_Central_1,Central,GU,9,2016,1.06,0.82,1.0,7.308902379354384,208.5420667120801,42.31197442311081,5967.975532143214,7.197441057850695,62.232493094467955,0.7255,248525,237438.21038604176,203906.20871091876,-1.0,-1.8369701987210297e-16
2016-10-01,GU_Central_1,Central,GU,10,2016,1.06,1.02,1.0,8.398408498267449,182.01207502902957,45.35157186948658,6664.939274256426,7.339864371302195,59.03973017843259,0.7255,342836,248525.13159258023,257632.69569216407,-0.8660254037844386,0.5000000000000001
2016-11-01,GU_Central_1,Central,GU,11,2016,1.06,1.1,1.0,6.934808358026739,157.59901509446559,44.959016119535995,6421.184852970407,7.260671870944885,68.18485106445048,0.7255,414513,342836.24675952195,350538.3142873246,-0.5000000000000004,0.8660254037844384
2016-12-01,GU_Central_1,Central,GU,12,2016,1.06,1.15,1.0,6.599846880324796,139.2663330365477,45.004777307063776,6139.166104809315,7.09005491825456,62.39368164510866,0.7255,405675,414512.69940977456,420452.87560477015,-2.4492935982947064e-16,1.0
2017-01-01,GU_Central_1,Central,GU,1,2017,1.12,1.08,1.0,9.0,46.15680195884919,48.348705813019976,7179.387414991431,6.806523622537292,60.06637535865853,0.721,553811,405675.116856519,390791.0727312521,0.49999999999999994,0.8660254037844387
2017-02-01,GU_Central_1,Central,GU,2,2017,1.12,1.12,1.0,6.629270415295672,46.16895136246459,53.8670744762901,6900.463902082148,8.089059047079912,65.42987474435203,0.721,565958,553810.6158031927,477931.017485253,0.8660254037844386,0.5000000000000001
2017-03-01,GU_Central_1,Central,GU,3,2017,1.12,1.15,1.0,7.575054517187179,29.545784642492503,48.599020800212735,7270.0110302218545,7.196041494111268,60.62888011706697,0.721,550993,565957.6774030114,494829.3528432723,1.0,6.123233995736766e-17
2017-04-01,GU_Central_1,Central,GU,4,2017,1.12,1.05,1.0,8.367239938836212,41.62056078443464,53.857966228969914,7344.987776675549,7.438007037283858,59.80365588685952,0.721,554195,550992.6874491108,399553.4275567801,0.8660254037844387,-0.4999999999999998
2017-05-01,GU_Central_1,Central,GU,5,2017,1.12,0.95,1.0,6.876518953091062,108.85549390486965,50.692350779200595,7258.292824919196,6.852631949349431,62.09810955119025,0.721,435923,554195.1824373472,301874.9291506564,0.49999999999999994,-0.8660254037844387
2017-06-01,GU_Central_1,Central,GU,6,2017,1.12,0.72,1.0,8.780725944357691,130.76702641114963,50.05351042828519,7477.639873831395,5.407529041225538,60.938408942727705,0.721,327709,435922.56021426665,232661.59955734984,1.2246467991473532e-16,-1.0
2017-07-01,GU_Central_1,Central,GU,7,2017,1.12,0.65,1.0,7.632086570429297,182.8375582013945,48.660175740165535,7417.49005588489,5.248894023624391,59.9510309920617,0.721,265263,327708.9994272038,240216.39998978807,-0.4999999999999997,-0.8660254037844388
2017-08-01,GU_Central_1,Central,GU,8,2017,1.12,0.68,1.0,8.796692393080228,186.99560993692435,51.92187008063776,7556.666165426754,8.366247992166812,66.82564704904703,0.721,274820,265262.5344285247,237438.21038604176,-0.8660254037844385,-0.5000000000000004
2017-09-01,GU_Central_1,Central,GU,9,2017,1.12,0.82,1.0,8.703181015700622,222.7614147449573,49.338975302733985,7877.213989642398,6.274542179815023,63.14468874215041,0.721,278410,274819.7633816273,248525.13159258023,-1.0,-1.8369701987210297e-16
2017-10-01,GU_Central_1,Central,GU,10,2017,1.12,1.02,1.0,7.708385443249004,139.12519427615283,46.20360635465941,7719.680887773567,6.206598924678454,68.60911978206357,0.721,380323,278409.5454701589,342836.24675952195,-0.8660254037844386,0.5000000000000001
2017-11-01,GU_Central_1,Central,GU,11,2017,1.12,1.1,1.0,9.0,184.91916188247043,46.1035234270059,7882.385751257331,6.8965305931018,60.18196208908026,0.721,375913,380322.87042802793,414512.69940977456,-0.5000000000000004,0.8660254037844384
2017-12-01,GU_Central_1,Central,GU,12,2017,1.12,1.15,1.0,7.20159703587987,105.24280586592182,50.267453865802814,7071.339919605877,7.140322382663943,56.689755849454656,0.721,516210,375913.47338350693,405675.116856519,-2.4492935982947064e-16,1.0
2018-01-01,GU_Central_1,Central,GU,1,2018,1.18,1.08,1.0,9.0,73.62421016808904,50.77786334450051,6118.302974632473,6.84148970986753,64.99508139699768,0.7165,544915,516210.1753462988,553810.6158031927,0.49999999999999994,0.8660254037844387
2018-02-01,GU_Central_1,Central,GU,2,2018,1.18,1.12,1.0,8.97058006293347,54.561003048277065,53.3133068290825,6641.298184748054,7.719534826304003,71.82391568722566,0.7165,518075,544915.249582358,565957.6774030114,0.8660254037844386,0.5000000000000001
2018-03-01,GU_Central_1,Central,GU,3,2018,1.18,1.15,1.0,9.0,41.89868055149329,56.67155361565327,6649.3446291168075,7.500589106126353,66.52394731744802,0.7165,780853,518075.41183064604,550992.6874491108,1.0,6.123233995736766e-17
2018-04-01,GU_Central_1,Central,GU,4,2018,1.18,1.05,1.0,7.769527418991446,51.36173122938941,54.411910533683,6041.800399080772,5.651253420288943,77.26149678485133,0.7165,560746,780853.1047555964,554195.1824373472,0.8660254037844387,-0.4999999999999998
2018-05-01,GU_Central_1,Central,GU,5,2018,1.18,0.95,1.0,6.614357317466233,63.642846157036175,51.33359538901376,6622.392443574153,7.074987658737431,65.72823648379637,0.7165,451280,560745.8312695195,435922.56021426665,0.49999999999999994,-0.8660254037844387
2018-06-01,GU_Central_1,Central,GU,6,2018,1.18,0.72,1.0,9.0,121.79664603878955,57.72996253484842,5922.590224481695,5.992727265431361,65.34220884515237,0.7165,417809,451280.11590628757,327708.9994272038,1.2246467991473532e-16,-1.0
2018-07-01,GU_Central_1,Central,GU,7,2018,1.18,0.65,1.0,7.1590184102081835,183.0534724835975,55.143625710984104,6563.654752836176,6.189993004455379,55.77854931576834,0.7165,259319,417809.2535356656,265262.5344285247,-0.4999999999999997,-0.8660254037844388
2018-08-01,GU_Central_1,Central,GU,8,2018,1.18,0.68,1.0,6.584409084533179,174.16349634404085,56.55337896161227,6335.34638658283,5.42480863523891,66.11178976235412,0.7165,314983,259318.6210165427,274819.7633816273,-0.8660254037844385,-0.5000000000000004
2018-09-01,GU_Central_1,Central,GU,9,2018,1.18,0.82,1.0,7.332916076694046,239.44811136020886,46.697324970372094,5724.183655214517,4.945541716934872,65.07467104007718,0.7165,273578,314983.40157397714,278409.5454701589,-1.0,-1.8369701987210297e-16
2018-10-01,GU_Central_1,Central,GU,10,2018,1.18,1.02,1.0,6.382631312391328,164.5042968221507,54.49255863478824,6151.846457180635,6.274750629894169,62.77031520718186,0.7165,405401,273577.54055807076,380322.87042802793,-0.8660254037844386,0.5000000000000001
2018-11-01,GU_Central_1,Central,GU,11,2018,1.18,1.1,1.0,8.192038761927837,160.15714940124099,56.02647350913968,7329.200191335341,5.535214467111003,63.85288453176373,0.7165,555467,405400.84419990395,375913.47338350693,-0.5000000000000004,0.8660254037844384
2018-12-01,GU_Central_1,Central,GU,12,2018,1.18,1.15,1.0,6.833858113669606,147.63589920077905,58.600865926893974,6438.430840234616,7.042250942857629,64.12759770263129,0.7165,572827,555466.8234490047,516210.1753462988,-2.4492935982947064e-16,1.0
2019-01-01,GU_Central_1,Central,GU,1,2019,1.24,1.08,1.0,6.155018996114153,71.82320104760468,53.608544247546874,8355.202489523068,5.675137405183904,64.48028338827174,0.712,571873,572827.2658093189,544915.249582358,0.49999999999999994,0.8660254037844387
2019-02-01,GU_Central_1,Central,GU,2,2019,1.24,1.12,1.0,7.661334633997955,58.73636795213742,61.618343767583596,6670.233061556084,6.146872175159899,73.55885985250384,0.712,713447,571872.9627368203,518075.41183064604,0.8660254037844386,0.5000000000000001
2019-03-01,GU_Central_1,Central,GU,3,2019,1.24,1.15,1.0,7.2484318522114295,51.847914173330864,62.93314085710374,7657.83380669858,6.994020603132346,63.71655188877997,0.712,742350,713447.2576524239,780853.1047555964,1.0,6.123233995736766e-17
2019-04-01,GU_Central_1,Central,GU,4,2019,1.24,1.05,1.0,6.51870148708359,52.019218831619966,51.94813306816306,6179.548713686649,4.711763854574314,65.87725489541543,0.712,521901,742349.9542013347,560745.8312695195,0.8660254037844387,-0.4999999999999998
2019-05-01,GU_Central_1,Central,GU,5,2019,1.24,0.95,1.0,6.705048234496378,73.67579615140032,59.435773329609226,7319.894031788199,5.32030608916025,63.58439566645517,0.712,540589,521900.7734077509,451280.11590628757,0.49999999999999994,-0.8660254037844387
2019-06-01,GU_Central_1,Central,GU,6,2019,1.24,0.72,1.0,6.51470651675785,106.09070154689957,59.852862443022104,7604.047819942945,6.04470689965268,68.33372474657553,0.712,362605,540589.0850863683,417809.2535356656,1.2246467991473532e-16,-1.0
2019-07-01,GU_Central_1,Central,GU,7,2019,1.24,0.65,1.0,5.982613920299163,191.3104648803358,57.01897701204428,7697.050542748175,6.150019852658609,65.90705479988883,0.712,257472,362605.05220297526,259318.6210165427,-0.4999999999999997,-0.8660254037844388
2019-08-01,GU_Central_1,Central,GU,8,2019,1.24,0.68,1.0,6.496968006982655,225.53032320477723,56.52971661980113,6960.328623938665,6.782798001017861,64.08035770731807,0.712,286748,257471.54452690322,314983.40157397714,-0.8660254037844385,-0.5000000000000004
2019-09-01,GU_Central_1,Central,GU,9,2019,1.24,0.82,1.0,7.0890099505915325,243.47927368606025,60.003561739863464,7787.590689889382,6.593722503232479,57.496128216371275,0.712,368487,286747.8724168396,273577.54055807076,-1.0,-1.8369701987210297e-16
2019-10-01,GU_Central_1,Central,GU,10,2019,1.24,1.02,1.0,6.348605445225393,188.3496758403109,56.155054739768104,7079.828357979738,5.977546900584592,66.173232901155,0.712,434826,368486.5961190357,405400.84419990395,-0.8660254037844386,0.5000000000000001
2019-11-01,GU_Central_1,Central,GU,11,2019,1.24,1.1,1.0,7.003721156276328,184.90736659665055,57.348252014745704,7246.156236999273,6.142723736477804,63.961694905681,0.712,494493,434826.02722248633,555466.8234490047,-0.5000000000000004,0.8660254037844384
2019-12-01,GU_Central_1,Central,GU,12,2019,1.24,1.15,1.0,5.495997465892343,119.12089095973074,60.437304702471764,7125.005001289365,6.164860712792392,64.9570373724516,0.712,547216,494492.7854606169,572827.2658093189,-2.4492935982947064e-16,1.0
2020-01-01,GU_Central_1,Central,GU,1,2020,1.3,1.08,1.0,4.714667446845334,69.40333854069969,67.7621291509806,7781.44511519823,4.324230108260996,61.270168211018664,0.7075,664994,547216.2690662468,571872.9627368203,0.49999999999999994,0.8660254037844387
2020-02-01,GU_Central_1,Central,GU,2,2020,1.3,1.12,1.0,4.558155224291409,59.27036197824304,64.11395281762606,8999.194137367165,5.3748996181160305,71.73312869088079,0.7075,681503,664993.9633673393,713447.2576524239,0.8660254037844386,0.5000000000000001
2020-03-01,GU_Central_1,Central,GU,3,2020,1.3,1.15,1.0,4.761182182069291,49.80322166966923,62.900453486243535,8314.428340748915,5.698778574397673,69.42697270337548,0.7075,714672,681503.1378449722,742349.9542013347,1.0,6.123233995736766e-17
2020-04-01,GU_Central_1,Central,GU,4,2020,1.3,1.05,0.68,6.983957084267488,42.9535390141548,60.950807546017685,8782.113593424163,5.866840687028085,71.72282399056253,0.7075,464476,714672.2835521876,521900.7734077509,0.8660254037844387,-0.4999999999999998
2020-05-01,GU_Central_1,Central,GU,5,2020,1.3,0.95,0.68,6.310586379952611,67.52682844519197,59.46819987804683,8762.940381821849,4.760509247948672,70.58791720312382,0.7075,361092,464475.9117373152,540589.0850863683,0.49999999999999994,-0.8660254037844387
2020-06-01,GU_Central_1,Central,GU,6,2020,1.3,0.72,0.68,4.147032085798965,120.71967481614224,65.82873472450285,7857.247226604937,4.484961669976887,68.36926920850985,0.7075,252842,361092.104083561,362605.05220297526,1.2246467991473532e-16,-1.0
2020-07-01,GU_Central_1,Central,GU,7,2020,1.3,0.65,1.0,5.964337783910325,182.947086537784,62.03965044661935,8840.077584480001,5.312373925985535,61.43086996509423,0.7075,325777,252842.3269051997,257471.54452690322,-0.4999999999999997,-0.8660254037844388
2020-08-01,GU_Central_1,Central,GU,8,2020,1.3,0.68,1.0,4.970641053041895,157.09029211411215,65.95210982400019,8519.356732624974,7.073892888873195,73.37354865628744,0.7075,364392,325777.42647002003,286747.8724168396,-0.8660254037844385,-0.5000000000000004
2020-09-01,GU_Central_1,Central,GU,9,2020,1.3,0.82,1.0,4.6204783256543,206.81047210867715,61.51134436601362,7824.414484014979,4.844601989817065,62.289459396449956,0.7075,358791,364391.9615335742,368486.5961190357,-1.0,-1.8369701987210297e-16
2020-10-01,GU_Central_1,Central,GU,10,2020,1.3,1.02,1.0,3.656452469353171,172.51845023414182,60.55213401591696,8494.803197131456,6.439142597883848,64.92636950370016,0.7075,440776,358791.4361504008,434826.02722248633,-0.8660254037844386,0.5000000000000001
2020-11-01,GU_Central_1,Central,GU,11,2020,1.3,1.1,1.0,6.605642260804473,176.81989839580007,63.762396666482545,7832.484774837149,6.767791714436096,68.82760912250768,0.7075,603931,440775.8346445249,494492.7854606169,-0.5000000000000004,0.8660254037844384
2020-12-01,GU_Central_1,Central,GU,12,2020,1.3,1.15,1.0,3.8027040486196126,105.63803721307399,62.2703921821948,9015.726588618169,5.536373220986555,69.02616314874962,0.7075,574324,603930.6338526917,547216.2690662468,-2.4492935982947064e-16,1.0
2021-01-01,GU_Central_1,Central,GU,1,2021,1.3599999999999999,1.08,1.0,4.937644186388151,89.26163600329016,63.383414186167784,7553.383712187412,4.5561216522772385,69.08894690777824,0.703,668622,574324.4664524987,664993.9633673393,0.49999999999999994,0.8660254037844387
2021-02-01,GU_Central_1,Central,GU,2,2021,1.3599999999999999,1.12,1.0,3.864426505130157,49.514317647603164,72.45210498934554,7155.162823986503,5.51025565092658,65.19884607468364,0.703,767078,668622.4830059803,681503.1378449722,0.8660254037844386,0.5000000000000001
2021-03-01,GU_Central_1,Central,GU,3,2021,1.3599999999999999,1.15,1.0,5.931012736483909,34.37715685791375,65.11904867868509,7756.341305170202,5.255992233679597,64.3722734905781,0.703,751947,767078.3234240847,714672.2835521876,1.0,6.123233995736766e-17
2021-04-01,GU_Central_1,Central,GU,4,2021,1.3599999999999999,1.05,1.0,4.598777808423259,51.2025014625419,69.78277456352264,6475.285236855877,4.4127168158477525,76.93813027442454,0.703,791604,751946.6573473463,464475.9117373152,0.8660254037844387,-0.4999999999999998
2021-05-01,GU_Central_1,Central,GU,5,2021,1.3599999999999999,0.95,1.0,4.838644813375586,56.74432022613977,69.52556988818944,6849.97609191845,4.572957738902579,66.64274424600066,0.703,655799,791603.651066122,361092.104083561,0.49999999999999994,-0.8660254037844387
2021-06-01,GU_Central_1,Central,GU,6,2021,1.3599999999999999,0.72,1.0,4.879118884483961,109.93629770211109,63.22161170525693,7073.590802189302,5.462863881716265,66.15291446144465,0.703,397599,655799.3059112581,252842.3269051997,1.2246467991473532e-16,-1.0
2021-07-01,GU_Central_1,Central,GU,7,2021,1.3599999999999999,0.65,1.0,5.36308440192294,168.0976256877919,63.99283706615054,8193.237783613951,5.846752326534838,63.945774036244984,0.703,314050,397599.2084820874,325777.42647002003,-0.4999999999999997,-0.8660254037844388
2021-08-01,GU_Central_1,Central,GU,8,2021,1.3599999999999999,0.68,1.0,5.015605716779971,138.9778305051637,66.09547198089962,6705.462371579436,4.84176783894769,67.77868139628383,0.703,361311,314049.9678388536,364391.9615335742,-0.8660254037844385,-0.5000000000000004
2021-09-01,GU_Central_1,Central,GU,9,2021,1.3599999999999999,0.82,1.0,4.94807217324666,122.86589440683767,64.40306036626505,6418.892003189166,5.044693148089557,67.59209120231228,0.703,463626,361310.7612118631,358791.4361504008,-1.0,-1.8369701987210297e-16
2021-10-01,GU_Central_1,Central,GU,10,2021,1.3599999999999999,1.02,1.0,4.377917629694267,122.8620022132223,72.17936911563606,6537.206195448247,5.6349108564088635,66.73509516518281,0.703,699909,463626.2806772642,440775.8346445249,-0.8660254037844386,0.5000000000000001
2021-11-01,GU_Central_1,Central,GU,11,2021,1.3599999999999999,1.1,1.0,3.1103247519894883,191.8510853320089,66.39947308960447,7594.976818114989,4.962010492660851,68.32690658715154,0.703,509735,699908.9900230883,603930.6338526917,-0.5000000000000004,0.8660254037844384
2021-12-01,GU_Central_1,Central,GU,12,2021,1.3599999999999999,1.15,1.0,3.6577388485497737,118.61833777027088,69.66924712844221,6919.793155229983,4.860538421363292,73.85415000976941,0.703,728772,509735.1758464536,574324.4664524987,-2.4492935982947064e-16,1.0
2022-01-01,GU_Central_1,Central,GU,1,2022,1.42,1.08,1.0,6.301515514636954,73.61041527191375,73.04091216700061,8088.411001033775,4.0957273442182185,65.21978917483641,0.6985,803361,728772.2446794978,668622.4830059803,0.49999999999999994,0.8660254037844387
2022-02-01,GU_Central_1,Central,GU,2,2022,1.42,1.12,1.0,5.072356472228622,57.90841680011215,72.29206734698906,8503.27468875317,4.081852301300774,67.77233496880848,0.6985,760602,803361.4966004727,767078.3234240847,0.8660254037844386,0.5000000000000001
2022-03-01,GU_Central_1,Central,GU,3,2022,1.42,1.15,1.0,4.642528094953203,37.57330190518533,71.62096363221876,8088.8619174185915,6.835106206578605,65.00860618979777,0.6985,829221,760601.992833682,751946.6573473463,1.0,6.123233995736766e-17
2022-04-01,GU_Central_1,Central,GU,4,2022,1.42,1.05,1.0,3.752466054918525,52.7603439920522,75.2113921233661,8251.865972028276,4.543038671936734,68.7787934433025,0.6985,706623,829220.6562411397,791603.651066122,0.8660254037844387,-0.4999999999999998
2022-05-01,GU_Central_1,Central,GU,5,2022,1.42,0.95,1.0,3.3757632601117566,80.30906421107915,69.02472107999495,8400.846816424015,5.792046657209779,65.32612199450232,0.6985,570347,706622.6138472914,655799.3059112581,0.49999999999999994,-0.8660254037844387
2022-06-01,GU_Central_1,Central,GU,6,2022,1.42,0.72,1.0,4.595491572066341,111.5220104264464,76.67900593136976,7966.195623617555,6.047194670015256,65.49822803426324,0.6985,470356,570346.6329461372,397599.2084820874,1.2246467991473532e-16,-1.0
2022-07-01,GU_Central_1,Central,GU,7,2022,1.42,0.65,1.0,6.505003253074488,167.05950121333854,67.63833045848772,8085.157323031294,4.553134168405472,61.76190650377749,0.6985,347954,470356.3046047728,314049.9678388536,-0.4999999999999997,-0.8660254037844388
2022-08-01,GU_Central_1,Central,GU,8,2022,1.42,0.68,1.0,4.770855595873397,211.23670062645246,73.84453517686727,8268.879931044106,4.994743846747815,67.9911791312787,0.6985,410193,347953.77585396776,361310.7612118631,-0.8660254037844385,-0.5000000000000004
2022-09-01,GU_Central_1,Central,GU,9,2022,1.42,0.82,1.0,5.919922458509916,194.45280148949035,67.28450842018066,8550.680672873601,4.781982785626425,69.3190784876199,0.6985,457151,410193.31705199357,463626.2806772642,-1.0,-1.8369701987210297e-16
2022-10-01,GU_Central_1,Central,GU,10,2022,1.42,1.02,1.0,4.71566803294263,176.20579807149525,70.55288334331912,7803.433831118359,3.410254119473058,75.04190541276918,0.6985,563029,457150.7672896474,699908.9900230883,-0.8660254037844386,0.5000000000000001
2022-11-01,GU_Central_1,Central,GU,11,2022,1.42,1.1,1.0,6.205979863454798,151.7797022080131,71.7799298141829,6800.740835176251,3.4584215902014694,69.47800992475938,0.6985,725785,563028.8751132895,509735.1758464536,-0.5000000000000004,0.8660254037844384
2022-12-01,GU_Central_1,Central,GU,12,2022,1.42,1.15,1.0,5.017238866049776,78.63757440985684,70.03991395351146,8465.812417223193,4.739078773523418,65.80126350681071,0.6985,746392,725785.3627521654,728772.2446794978,-2.4492935982947064e-16,1.0
2023-01-01,GU_Central_1,Central,GU,1,2023,1.48,1.08,1.0,5.021738905339404,83.39671455810695,75.45499129114933,9550.292486465054,3.960069169113123,62.96128364925565,0.694,678344,746391.5423940866,803361.4966004727,0.49999999999999994,0.8660254037844387
2023-02-01,GU_Central_1,Central,GU,2,2023,1.48,1.12,1.0,6.1772563185206675,41.51941760265058,71.83908865620762,9222.835695986094,5.813264270714872,63.51485197733809,0.694,1039269,678344.0339712091,760601.992833682,0.8660254037844386,0.5000000000000001
2023-03-01,GU_Central_1,Central,GU,3,2023,1.48,1.15,1.0,8.700800501936488,43.77831234471355,73.03764859382935,9253.552271557957,4.110741649044305,63.217486642112114,0.694,1019839,1039268.8995892694,829220.6562411397,1.0,6.123233995736766e-17
2023-04-01,GU_Central_1,Central,GU,4,2023,1.48,1.05,1.0,8.647861178661024,50.030048704679615,77.49479412158765,8878.88087066444,5.8607431976545,75.91216814179754,0.694,931033,1019839.1237658517,706622.6138472914,0.8660254037844387,-0.4999999999999998
2023-05-01,GU_Central_1,Central,GU,5,2023,1.48,0.95,1.0,7.083839963335238,81.2614531583653,76.08901547493234,9357.902862718232,3.9188868830915644,69.55124198770548,0.694,682086,931032.8207725128,570346.6329461372,0.49999999999999994,-0.8660254037844387
2023-06-01,GU_Central_1,Central,GU,6,2023,1.48,0.72,1.0,6.335529421503557,132.60592507091164,73.92841592253548,9516.7453918854,5.829760336487147,66.06813512295244,0.694,459108,682085.6073897784,470356.3046047728,1.2246467991473532e-16,-1.0
2023-07-01,GU_Central_1,Central,GU,7,2023,1.48,0.65,1.0,6.8646821625141,137.76342960781756,79.97283328938902,9158.243676665834,4.705139597557877,64.56056157938694,0.694,534643,459107.59875409596,347953.77585396776,-0.4999999999999997,-0.8660254037844388
2023-08-01,GU_Central_1,Central,GU,8,2023,1.48,0.68,1.0,6.8802228064799476,199.76584667006978,72.34020730002935,10253.882071530785,4.750633516616958,64.97556863842432,0.694,448258,534642.5976320008,410193.31705199357,-0.8660254037844385,-0.5000000000000004
2023-09-01,GU_Central_1,Central,GU,9,2023,1.48,0.82,1.0,6.452135897159478,208.02863157687997,74.91522860240781,8429.136833575394,3.89058883461308,65.96280242197449,0.694,534944,448257.9842739485,457150.7672896474,-1.0,-1.8369701987210297e-16
2023-10-01,GU_Central_1,Central,GU,10,2023,1.48,1.02,1.0,7.0291328239071404,184.03567857277164,74.48303116546458,9206.153074912872,4.761533744322951,73.66502086502061,0.694,628159,534943.6507132953,563028.8751132895,-0.8660254037844386,0.5000000000000001
2023-11-01,GU_Central_1,Central,GU,11,2023,1.48,1.1,1.0,6.749872234584276,137.72353118167507,77.84511288328314,8604.361489984723,5.654170746465001,68.280226211769,0.694,881832,628159.0963832032,725785.3627521654,-0.5000000000000004,0.8660254037844384
2023-12-01,GU_Central_1,Central,GU,12,2023,1.48,1.15,1.0,6.1208331375628235,130.71429055299296,76.14449107341159,9528.750988808117,4.1841380047518895,62.61013433090421,0.694,835849,881832.1241252995,746391.5423940866,-2.4492935982947064e-16,1.0
2024-01-01,GU_Central_1,Central,GU,1,2024,1.54,1.08,1.0,6.126352012519449,88.44145453303179,80.17550426039621,7315.515734353587,3.6284825477067058,78.4418370989215,0.6895,963709,835849.4527052392,678344.0339712091,0.49999999999999994,0.8660254037844387
2024-02-01,GU_Central_1,Central,GU,2,2024,1.54,1.12,1.0,7.008589081115622,51.582217279828086,74.96734988839829,7426.914982749604,3.702589968911929,64.63935544253641,0.6895,1026768,963709.4277322871,1039268.8995892694,0.8660254037844386,0.5000000000000001
2024-03-01,GU_Central_1,Central,GU,3,2024,1.54,1.15,1.0,8.520082790668138,33.57818550571213,83.09510344189628,7742.245553725425,5.19608928400515,66.83665876030453,0.6895,1114516,1026767.7338408073,1019839.1237658517,1.0,6.123233995736766e-17
2024-04-01,GU_Central_1,Central,GU,4,2024,1.54,1.05,1.0,7.522905502385384,46.70529624516648,79.84652255550479,8146.804153407497,4.584280965600869,74.44057755053554,0.6895,940423,1114515.8298779214,931032.8207725128,0.8660254037844387,-0.4999999999999998
2024-05-01,GU_Central_1,Central,GU,5,2024,1.54,0.95,1.0,7.921004441684827,79.2760073309592,80.84698305283126,7759.217552074841,5.058143992376895,70.86059853043626,0.6895,860313,940422.8848594471,682085.6073897784,0.49999999999999994,-0.8660254037844387
2024-06-01,GU_Central_1,Central,GU,6,2024,1.54,0.72,1.0,7.221041538534526,132.39290189967767,78.25431033971837,7763.731108802976,4.150898168387416,67.32030800150316,0.6895,599519,860312.967935226,459107.59875409596,1.2246467991473532e-16,-1.0
2024-07-01,GU_Central_1,Central,GU,7,2024,1.54,0.65,1.0,6.289143165767071,121.99625437328521,77.78251371154879,7945.77897225583,3.9314554854222656,64.27453229562467,0.6895,472737,599519.2144252621,534642.5976320008,-0.4999999999999997,-0.8660254037844388
2024-08-01,GU_Central_1,Central,GU,8,2024,1.54,0.68,1.0,7.274304513933633,173.27435247132513,84.99786327542706,7918.17160539489,4.239155231256506,65.3332395642999,0.6895,539913,472736.85883539054,448257.9842739485,-0.8660254037844385,-0.5000000000000004
2024-09-01,GU_Central_1,Central,GU,9,2024,1.54,0.82,1.0,6.333713090880599,187.91982320173392,75.18028426521276,8696.531901715904,4.756126827530032,65.57401552369414,0.6895,545911,539912.7909734027,534943.6507132953,-1.0,-1.8369701987210297e-16
2024-10-01,GU_Central_1,Central,GU,10,2024,1.54,1.02,1.0,6.25711316345556,186.91917985062753,77.33740291665168,8335.839680823603,3.702305405929708,69.2281271913982,0.6895,736486,545910.5491989334,628159.0963832032,-0.8660254037844386,0.5000000000000001
2024-11-01,GU_Central_1,Central,GU,11,2024,1.54,1.1,1.0,9.0,128.76819318340367,84.94147645800724,7881.120144069478,4.994941594685429,69.96424726912522,0.6895,1049167,736486.1923054477,881832.1241252995,-0.5000000000000004,0.8660254037844384
2024-12-01,GU_Central_1,Central,GU,12,2024,1.54,1.15,1.0,7.0565569658587615,116.08440998928,82.42223914299596,8970.835037018694,4.192664445652701,68.60538148547464,0.6895,917898,1049166.6537302248,835849.4527052392,-2.4492935982947064e-16,1.0
2025-01-01,GU_Central_1,Central,GU,1,2025,1.6,1.08,1.0,7.110218329447959,76.27419722824892,84.02361240477273,9221.247528684657,1.5749774895758573,69.84314474430268,0.6849999999999999,1115902,917897.693528073,963709.4277322871,0.49999999999999994,0.8660254037844387
2025-02-01,GU_Central_1,Central,GU,2,2025,1.6,1.12,1.0,9.0,42.82428504407446,88.73978894286596,8563.967075108356,4.206794741684155,65.79710721922271,0.6849999999999999,1201797,1115902.3229871313,1026767.7338408073,0.8660254037844386,0.5000000000000001
2025-03-01,GU_Central_1,Central,GU,3,2025,1.6,1.15,1.0,8.97798204248509,39.292194494987896,86.34058034918803,9115.431182995782,2.4821559893904137,71.17254442489556,0.6849999999999999,1360725,1201796.5249678947,1114515.8298779214,1.0,6.123233995736766e-17
2025-04-01,GU_Central_1,Central,GU,4,2025,1.6,1.05,1.0,7.554188929397794,46.600918181817775,85.69798027592326,9240.980645188843,4.18733820853919,75.12207454734798,0.6849999999999999,1061266,1360725.4107604863,940422.8848594471,0.8660254037844387,-0.4999999999999998
2025-05-01,GU_Central_1,Central,GU,5,2025,1.6,0.95,1.0,8.513163590662842,85.94703371011649,85.67668605130726,8690.568876421847,4.221214398590533,69.34883327300173,0.6849999999999999,968942,1061265.5347684466,860312.967935226,0.49999999999999994,-0.8660254037844387
2025-06-01,GU_Central_1,Central,GU,6,2025,1.6,0.72,1.0,7.717054018087157,104.0641039019219,86.39571465164349,8526.370990136735,3.7639140779049667,69.27085317428211,0.6849999999999999,701456,968941.8690211716,599519.2144252621,1.2246467991473532e-16,-1.0
2025-07-01,GU_Central_1,Central,GU,7,2025,1.6,0.65,1.0,7.16878438486448,162.15601893108294,86.51707750389235,9038.90659051855,3.934944719101355,70.33200420821139,0.6849999999999999,555282,701456.272511089,472736.85883539054,-0.4999999999999997,-0.8660254037844388
2025-08-01,GU_Central_1,Central,GU,8,2025,1.6,0.68,1.0,8.569629469382006,166.33001000251255,91.58791915868787,8837.900202911736,4.379096630275189,74.47281943903756,0.6849999999999999,653373,555281.9294750235,539912.7909734027,-0.8660254037844385,-0.5000000000000004
2025-09-01,GU_Central_1,Central,GU,9,2025,1.6,0.82,1.0,7.610837737615756,182.00737285523562,84.41532156498198,9665.607549804401,3.103497860951418,66.42110800224543,0.6849999999999999,672161,653373.0474449673,545910.5491989334,-1.0,-1.8369701987210297e-16
2025-10-01,GU_Central_1,Central,GU,10,2025,1.6,1.02,1.0,8.090597610799284,197.7228268245561,84.50785843555539,9333.520120837664,4.1347437277619825,75.80338934292854,0.6849999999999999,848561,672161.073870138,736486.1923054477,-0.8660254037844386,0.5000000000000001
2025-11-01,GU_Central_1,Central,GU,11,2025,1.6,1.1,1.0,9.0,165.63322558821173,81.28932043728786,8711.651126660492,4.430418642365629,71.68488895774095,0.6849999999999999,958886,848561.2585561268,1049166.6537302248,-0.5000000000000004,0.8660254037844384
2025-12-01,GU_Central_1,Central,GU,12,2025,1.6,1.15,1.0,9.0,112.49360071358953,84.84430783953695,9191.672149926317,4.9080660780307825,70.11472278279547,0.6849999999999999,1030693,958886.2861284582,917897.693528073,-2.4492935982947064e-16,1.0
2015-01-01,GU_Central_2,Central,GU,1,2015,1.0,1.08,1.0,6.823758889469585,86.22601454337189,40.876757828728806,5915.185241238896,7.258169245525196,62.259731914290775,0.73,342968,,,0.49999999999999994,0.8660254037844387
2015-02-01,GU_Central_2,Central,GU,2,2015,1.0,1.12,1.0,5.8233561169936,51.30496243498044,40.41053802396357,5326.20355614517,9.36004401270047,60.16978327447417,0.73,376224,342967.72339850944,,0.8660254037844386,0.5000000000000001
2015-03-01,GU_Central_2,Central,GU,3,2015,1.0,1.15,1.0,5.16888502651126,34.71430354001467,40.14065757705517,5952.358411349974,8.727957019225208,57.796498201393916,0.73,370892,376223.81148095697,,1.0,6.123233995736766e-17
2015-04-01,GU_Central_2,Central,GU,4,2015,1.0,1.05,1.0,6.15219212878724,66.02487878888628,38.04395762843027,6086.838413595753,7.896404078476177,63.15708900801722,0.73,360515,370892.2366572514,,0.8660254037844387,-0.4999999999999998
2015-05-01,GU_Central_2,Central,GU,5,2015,1.0,0.95,1.0,6.719882718842109,89.94952125945917,35.99986121189385,5795.248726033347,7.562771114758732,64.15546729667692,0.73,293631,360515.0501342482,,0.49999999999999994,-0.8660254037844387
2015-06-01,GU_Central_2,Central,GU,6,2015,1.0,0.72,1.0,6.799610033585342,129.9489554036976,45.089355939702216,5141.791695244893,7.930506039482747,62.48519083688894,0.73,280641,293630.70936525165,,1.2246467991473532e-16,-1.0
2015-07-01,GU_Central_2,Central,GU,7,2015,1.0,0.65,1.0,7.767229694168321,184.1159501682625,41.89091774937228,4944.305409054651,8.161467774298327,59.74806914449227,0.73,190392,280641.046085604,,-0.4999999999999997,-0.8660254037844388
2015-08-01,GU_Central_2,Central,GU,8,2015,1.0,0.68,1.0,8.068770942765893,196.22705047678218,43.01719495918221,4861.846978471777,7.835061348563608,64.37936408492904,0.73,199385,190392.3693432272,,-0.8660254037844385,-0.5000000000000004
2015-09-01,GU_Central_2,Central,GU,9,2015,1.0,0.82,1.0,6.903536996908827,238.58902656565863,39.74911094548323,6003.489492738223,6.898895901290754,61.237850841092076,0.73,225786,199385.08661618212,,-1.0,-1.8369701987210297e-16
2015-10-01,GU_Central_2,Central,GU,10,2015,1.0,1.02,1.0,7.120527652411291,190.89675805242172,39.50792367321959,5446.519626482551,8.927608614179608,57.2436651706194,0.73,301993,225786.00558321623,,-0.8660254037844386,0.5000000000000001
2015-11-01,GU_Central_2,Central,GU,11,2015,1.0,1.1,1.0,6.614370839810786,160.0419390465804,41.471979042176166,5237.529869433752,7.696966582203215,66.14497742000559,0.73,339648,301993.1339093245,,-0.5000000000000004,0.8660254037844384
2015-12-01,GU_Central_2,Central,GU,12,2015,1.0,1.15,1.0,7.420670556379502,131.4341126182417,34.49593494864327,5447.7427087801325,9.111144024311852,63.41403207706596,0.73,307411,339648.31441033696,,-2.4492935982947064e-16,1.0
2016-01-01,GU_Central_2,Central,GU,1,2016,1.06,1.08,1.0,8.145045938384298,98.91629055549109,41.156069591940565,6966.279544029426,7.249717989501867,62.322838777217044,0.7255,432269,307410.81720860465,342967.72339850944,0.49999999999999994,0.8660254037844387
2016-02-01,GU_Central_2,Central,GU,2,2016,1.06,1.12,1.0,7.4952744591504565,62.22117262128095,42.10667536591488,6830.432903411847,6.903477318299572,56.5157911806611,0.7255,434177,432269.36849269236,376223.81148095697,0.8660254037844386,0.5000000000000001
2016-03-01,GU_Central_2,Central,GU,3,2016,1.06,1.15,1.0,9.0,43.55708558955997,43.136300732374714,6677.327770069034,8.207312099237171,59.82055888345915,0.7255,484842,434176.7280528396,370892.2366572514,1.0,6.123233995736766e-17
2016-04-01,GU_Central_2,Central,GU,4,2016,1.06,1.05,1.0,6.905240135649638,54.64819323054168,41.860912961589534,6767.0487258419325,7.340949566462213,70.8742628495317,0.7255,430022,484841.79255969817,360515.0501342482,0.8660254037844387,-0.4999999999999998
2016-05-01,GU_Central_2,Central,GU,5,2016,1.06,0.95,1.0,9.0,88.35250893315782,45.49842137575224,6561.077559973677,7.206738107607431,56.76663175247721,0.7255,394493,430021.86995137436,293630.70936525165,0.49999999999999994,-0.8660254037844387
2016-06-01,GU_Central_2,Central,GU,6,2016,1.06,0.72,1.0,5.935508660187496,137.74117644005875,44.74434170338851,6615.950875783441,6.139708635485924,61.79460288143323,0.7255,227898,394493.26233716257,280641.046085604,1.2246467991473532e-16,-1.0
2016-07-01,GU_Central_2,Central,GU,7,2016,1.06,0.65,1.0,8.537000015521567,191.1695665459178,48.67859406925413,6579.461354018021,7.628174244108662,62.73465695058552,0.7255,233654,227898.49741398994,190392.3693432272,-0.4999999999999997,-0.8660254037844388
2016-08-01,GU_Central_2,Central,GU,8,2016,1.06,0.68,1.0,9.0,182.56486486814492,51.92127747133769,6479.9724394676505,6.705351693635273,64.08190715764621,0.7255,253606,233653.50107556078,199385.08661618212,-0.8660254037844385,-0.5000000000000004
2016-09-01,GU_Central_2,Central,GU,9,2016,1.06,0.82,1.0,5.2719972865703175,239.54183869512175,40.7114492795547,6819.018247724127,6.74176703274082,56.81131625669434,0.7255,174520,253605.92204547283,225786.00558321623,-1.0,-1.8369701987210297e-16
2016-10-01,GU_Central_2,Central,GU,10,2016,1.06,1.02,1.0,7.727400859445934,199.02045414195493,44.94191564190534,6642.576947790228,6.707560923675862,63.4967050256184,0.7255,313710,174520.07698962284,301993.1339093245,-0.8660254037844386,0.5000000000000001
2016-11-01,GU_Central_2,Central,GU,11,2016,1.06,1.1,1.0,8.419157021272673,175.6223589399988,44.936577634620924,6083.678236001919,7.451227067756242,56.05557815011328,0.7255,371500,313709.72788931336,339648.31441033696,-0.5000000000000004,0.8660254037844384
2016-12-01,GU_Central_2,Central,GU,12,2016,1.06,1.15,1.0,7.863016496733501,144.8750877876119,44.45740579070601,6717.993473485244,5.871698981139447,63.189715184782045,0.7255,381835,371500.181758546,307410.81720860465,-2.4492935982947064e-16,1.0
2017-01-01,GU_Central_2,Central,GU,1,2017,1.12,1.08,1.0,8.453787122728356,88.96474700108814,45.745526287103495,7564.081502898367,6.531323725819354,60.990408323961674,0.721,475093,381834.94204909704,432269.36849269236,0.49999999999999994,0.8660254037844387
2017-02-01,GU_Central_2,Central,GU,2,2017,1.12,1.12,1.0,8.163467794851996,57.68658270466572,46.24840766307235,7727.956384039475,7.4842231928875025,60.13652293232876,0.721,481908,475092.7540591385,434176.7280528396,0.8660254037844386,0.5000000000000001
2017-03-01,GU_Central_2,Central,GU,3,2017,1.12,1.15,1.0,6.68690260836609,37.66348880030547,49.72121683574836,7405.927211900917,5.703464904527994,66.93926863467036,0.721,556341,481908.4692946324,484841.79255969817,1.0,6.123233995736766e-17
2017-04-01,GU_Central_2,Central,GU,4,2017,1.12,1.05,1.0,9.0,62.11666516869074,46.16394978007829,7818.1034642229015,6.838303168747668,62.65757502654447,0.721,447286,556340.9566672825,430021.86995137436,0.8660254037844387,-0.4999999999999998
2017-05-01,GU_Central_2,Central,GU,5,2017,1.12,0.95,1.0,7.395754564021041,88.3482405329135,49.47781591650102,7425.18647513791,6.194880463783333,65.49484321963028,0.721,437951,447285.8224712214,394493.26233716257,0.49999999999999994,-0.8660254037844387
2017-06-01,GU_Central_2,Central,GU,6,2017,1.12,0.72,1.0,8.520993486534685,122.26918292112896,48.26215064636318,7778.566181997926,6.377045504427493,65.62730764551127,0.721,280004,437951.03718936106,227898.49741398994,1.2246467991473532e-16,-1.0
2017-07-01,GU_Central_2,Central,GU,7,2017,1.12,0.65,1.0,7.223792387497487,186.42578528543447,49.42497370936385,7247.4081408499505,8.024121808311925,68.6798139558204,0.721,207559,280004.0137802416,233653.50107556078,-0.4999999999999997,-0.8660254037844388
2017-08-01,GU_Central_2,Central,GU,8,2017,1.12,0.68,1.0,5.268964171975162,262.7565046834287,46.140098588696695,7278.555998683152,5.379608653163993,58.766969033515906,0.721,205110,207558.8232571697,253605.92204547283,-0.8660254037844385,-0.5000000000000004
2017-09-01,GU_Central_2,Central,GU,9,2017,1.12,0.82,1.0,6.890584551501237,164.93226494534196,49.472407727003606,7723.743958472236,7.312504270537294,67.27606265007903,0.721,292412,205110.2426000311,174520.07698962284,-1.0,-1.8369701987210297e-16
2017-10-01,GU_Central_2,Central,GU,10,2017,1.12,1.02,1.0,6.262871969269835,166.46221065851367,46.35714224957023,7303.522295842546,6.31765738497823,63.66584648975219,0.721,390616,292412.2832450934,313709.72788931336,-0.8660254037844386,0.5000000000000001
2017-11-01,GU_Central_2,Central,GU,11,2017,1.12,1.1,1.0,9.0,224.44732741206124,49.482086825970754,8445.422535664353,6.277868811883466,62.087501678521626,0.721,404639,390615.57852924784,371500.181758546,-0.5000000000000004,0.8660254037844384
2017-12-01,GU_Central_2,Central,GU,12,2017,1.12,1.15,1.0,7.271758380746654,127.68050716147876,53.01818836731747,7707.720567078242,5.810750126009387,59.00299792323887,0.721,514109,404638.59231172275,381834.94204909704,-2.4492935982947064e-16,1.0
2018-01-01,GU_Central_2,Central,GU,1,2018,1.18,1.08,1.0,6.9437505647638655,82.2904361435788,54.28295155004821,6358.395245741759,6.903119709818909,66.82636344617146,0.7165,575292,514108.89227629115,475092.7540591385,0.49999999999999994,0.8660254037844387
2018-02-01,GU_Central_2,Central,GU,2,2018,1.18,1.12,1.0,6.283463316655338,49.84014814949325,54.46561114714917,6716.135026513851,6.1468763069727865,60.71110191466447,0.7165,586544,575291.8900971137,481908.4692946324,0.8660254037844386,0.5000000000000001
2018-03-01,GU_Central_2,Central,GU,3,2018,1.18,1.15,1.0,7.673502650237944,47.25061600582863,55.951619552492645,6130.873492482936,6.045864468964278,66.47122634790858,0.7165,654749,586544.1241478991,556340.9566672825,1.0,6.123233995736766e-17
2018-04-01,GU_Central_2,Central,GU,4,2018,1.18,1.05,1.0,6.700909952146284,70.5835411959086,49.28932496658021,6762.536345627226,6.3878695433632595,72.11132309186854,0.7165,527840,654748.5837244097,447285.8224712214,0.8660254037844387,-0.4999999999999998
2018-05-01,GU_Central_2,Central,GU,5,2018,1.18,0.95,1.0,8.751485849275968,72.01773751119985,58.65676472116904,6750.035524470958,6.1637702994065595,68.31990816143733,0.7165,551458,527839.8596468768,437951.03718936106,0.49999999999999994,-0.8660254037844387
2018-06-01,GU_Central_2,Central,GU,6,2018,1.18,0.72,1.0,7.9231073594868136,118.256218910592,50.33323002216289,6911.270002973166,4.69944969619718,69.9657373006026,0.7165,315012,551458.0753083687,280004.0137802416,1.2246467991473532e-16,-1.0
2018-07-01,GU_Central_2,Central,GU,7,2018,1.18,0.65,1.0,6.874469228910483,151.58254891437122,56.13898299210681,6148.8153878655085,5.907340653618113,61.52398089109988,0.7165,306746,315011.52925383026,207558.8232571697,-0.4999999999999997,-0.8660254037844388
2018-08-01,GU_Central_2,Central,GU,8,2018,1.18,0.68,1.0,8.580939833984244,210.08975813513473,55.74072996176897,5796.949712610383,7.01635271275866,67.45093218452799,0.7165,261725,306746.3192280279,205110.2426000311,-0.8660254037844385,-0.5000000000000004
2018-09-01,GU_Central_2,Central,GU,9,2018,1.18,0.82,1.0,7.570188799407707,236.67180312951723,50.793500915485716,6072.610089331222,5.094706828710153,59.82314017945444,0.7165,326479,261725.0258898856,292412.2832450934,-1.0,-1.8369701987210297e-16
2018-10-01,GU_Central_2,Central,GU,10,2018,1.18,1.02,1.0,7.5864564586077625,235.3040500778578,56.526658410300286,6220.445944784633,5.428049680114916,63.46606838970155,0.7165,443248,326479.0561272371,390615.57852924784,-0.8660254037844386,0.5000000000000001
2018-11-01,GU_Central_2,Central,GU,11,2018,1.18,1.1,1.0,5.805498287301511,178.4012387828867,54.993438299239926,7097.424897355659,5.958566883681179,71.36508822487649,0.7165,476980,443248.2350112401,404638.59231172275,-0.5000000000000004,0.8660254037844384
2018-12-01,GU_Central_2,Central,GU,12,2018,1.18,1.15,1.0,7.475356812437444,165.34799024238512,59.16993593320677,7334.935090079855,5.719501265090286,61.96863117429407,0.7165,570979,476980.0669067317,514108.89227629115,-2.4492935982947064e-16,1.0
2019-01-01,GU_Central_2,Central,GU,1,2019,1.24,1.08,1.0,6.885853567181598,73.10296420151104,58.58013625402388,7475.098037089643,5.8776916142867135,69.64542473669238,0.712,603814,570979.0507769161,575291.8900971137,0.49999999999999994,0.8660254037844387
2019-02-01,GU_Central_2,Central,GU,2,2019,1.24,1.12,1.0,8.100280186638015,44.36903758019648,57.67437000543221,7324.22577360822,5.025538598657008,69.26258693199887,0.712,679126,603814.0599599715,586544.1241478991,0.8660254037844386,0.5000000000000001
2019-03-01,GU_Central_2,Central,GU,3,2019,1.24,1.15,1.0,5.597727644116013,48.816065759897256,56.45571241624539,7162.541476286456,5.589716380952502,69.49896500088336,0.712,586189,679125.9460172817,654748.5837244097,1.0,6.123233995736766e-17
2019-04-01,GU_Central_2,Central,GU,4,2019,1.24,1.05,1.0,9.0,51.65243853986461,52.76993418594648,7691.1106575947415,5.861604374720533,60.13199209551491,0.712,660555,586189.4198082614,527839.8596468768,0.8660254037844387,-0.4999999999999998
2019-05-01,GU_Central_2,Central,GU,5,2019,1.24,0.95,1.0,7.168241980194783,63.48871611901663,57.04531730574652,8304.861626396034,6.4191523329663775,67.30080386406271,0.712,515621,660554.7277366382,551458.0753083687,0.49999999999999994,-0.8660254037844387
2019-06-01,GU_Central_2,Central,GU,6,2019,1.24,0.72,1.0,4.6767057487594315,114.31086651052593,57.17230481722337,8123.632901034573,6.895831508879677,64.57360573633255,0.712,343012,515620.73825361824,315011.52925383026,1.2246467991473532e-16,-1.0
2019-07-01,GU_Central_2,Central,GU,7,2019,1.24,0.65,1.0,5.485762263097333,166.1358076983346,58.7861745476723,7832.089475672476,5.690762276917249,69.55398743011645,0.712,297212,343011.62492259167,306746.3192280279,-0.4999999999999997,-0.8660254037844388
2019-08-01,GU_Central_2,Central,GU,8,2019,1.24,0.68,1.0,8.205198997060183,170.9335553262783,53.730690667352604,7825.4861390010865,7.410448192996661,58.579998401092624,0.712,287726,297212.34018084983,261725.0258898856,-0.8660254037844385,-0.5000000000000004
2019-09-01,GU_Central_2,Central,GU,9,2019,1.24,0.82,1.0,7.991874971554873,169.56017938716235,57.28296336643936,7694.539448814203,5.752876335564381,66.67115155626242,0.712,355646,287726.40583830077,326479.0561272371,-1.0,-1.8369701987210297e-16
2019-10-01,GU_Central_2,Central,GU,10,2019,1.24,1.02,1.0,6.521712177872603,183.3869625637225,59.728754176066346,7298.71920943101,6.563100118605225,66.10550081136027,0.712,472676,355646.25515276345,443248.2350112401,-0.8660254037844386,0.5000000000000001
2019-11-01,GU_Central_2,Central,GU,11,2019,1.24,1.1,1.0,6.6799012436694225,134.45119791131893,60.02652902647755,6988.553299856493,7.445206187781424,57.23953305100426,0.712,550426,472675.9365990581,476980.0669067317,-0.5000000000000004,0.8660254037844384
2019-12-01,GU_Central_2,Central,GU,12,2019,1.24,1.15,1.0,5.102467671528835,131.43235870164418,52.42055447158802,7310.633659802277,6.011446727388749,61.65831857562009,0.712,497785,550425.7155559665,570979.0507769161,-2.4492935982947064e-16,1.0
2020-01-01,GU_Central_2,Central,GU,1,2020,1.3,1.08,1.0,7.025071116502589,56.674341837285844,64.61921982595968,8482.873143986888,4.401178702737972,58.6793911475326,0.7075,743738,497784.8584471312,603814.0599599715,0.49999999999999994,0.8660254037844387
2020-02-01,GU_Central_2,Central,GU,2,2020,1.3,1.12,1.0,4.254019324090819,51.4058929835813,61.76027826063552,7638.685068604546,5.572723085766105,63.094578792308376,0.7075,657456,743737.9948048234,679125.9460172817,0.8660254037844386,0.5000000000000001
2020-03-01,GU_Central_2,Central,GU,3,2020,1.3,1.15,1.0,6.4530291615682795,43.117059328649816,61.94496736750434,8223.992494812985,5.010685689436071,68.1968683386606,0.7075,759028,657455.5912777075,586189.4198082614,1.0,6.123233995736766e-17
2020-04-01,GU_Central_2,Central,GU,4,2020,1.3,1.05,0.68,7.061790670618344,50.02915754632092,55.40645389043249,7921.150763461706,5.280454378422038,66.78146230259443,0.7075,428882,759028.3614379932,660554.7277366382,0.8660254037844387,-0.4999999999999998
2020-05-01,GU_Central_2,Central,GU,5,2020,1.3,0.95,0.68,5.49712649328359,93.11867476485048,66.98071348767364,8749.048845508443,7.087981505996172,66.67760032237419,0.7075,375953,428882.4921085201,515620.73825361824,0.49999999999999994,-0.8660254037844387
2020-06-01,GU_Central_2,Central,GU,6,2020,1.3,0.72,0.68,6.600473467566817,95.32989778432555,63.03039665503388,8045.45154205726,4.521789261420899,61.84100756427447,0.7075,272814,375953.1929417963,343011.62492259167,1.2246467991473532e-16,-1.0
2020-07-01,GU_Central_2,Central,GU,7,2020,1.3,0.65,1.0,7.656507477851012,143.17385196697325,57.90561872043188,8440.519472419224,5.7403734578446866,70.48180196604213,0.7075,343030,272814.02438048733,297212.34018084983,-0.4999999999999997,-0.8660254037844388
2020-08-01,GU_Central_2,Central,GU,8,2020,1.3,0.68,1.0,5.760902387273065,179.9115880168517,63.6256047247494,7977.81119120677,4.79782297574262,65.92472128655464,0.7075,338799,343029.55384518113,287726.40583830077,-0.8660254037844385,-0.5000000000000004
2020-09-01,GU_Central_2,Central,GU,9,2020,1.3,0.82,1.0,5.228977648501844,221.3817370822792,63.533435322541074,9011.78501971019,5.253873647039269,66.13481524903004,0.7075,382234,338798.83041128336,355646.25515276345,-1.0,-1.8369701987210297e-16
2020-10-01,GU_Central_2,Central,GU,10,2020,1.3,1.02,1.0,5.359116399158359,195.48596629681194,66.16763245879896,7527.479701587216,6.095873868163587,69.76159827578452,0.7075,500057,382234.3031295226,472675.9365990581,-0.8660254037844386,0.5000000000000001
2020-11-01,GU_Central_2,Central,GU,11,2020,1.3,1.1,1.0,4.547754345013673,211.440783585818,61.57093369212737,8506.948492607564,5.754531154778419,62.03461700922985,0.7075,468145,500057.4456067158,550425.7155559665,-0.5000000000000004,0.8660254037844384
2020-12-01,GU_Central_2,Central,GU,12,2020,1.3,1.15,1.0,4.520639276935931,105.49585385446993,62.53598820681576,7718.05437222981,5.319974184830729,66.9141910794877,0.7075,608864,468144.7531391884,497784.8584471312,-2.4492935982947064e-16,1.0
2021-01-01,GU_Central_2,Central,GU,1,2021,1.3599999999999999,1.08,1.0,5.530888116590844,63.260133217032184,65.07157659928627,6957.979984254286,4.580159739788297,68.49384996640568,0.703,673487,608863.8320034833,743737.9948048234,0.49999999999999994,0.8660254037844387
2021-02-01,GU_Central_2,Central,GU,2,2021,1.3599999999999999,1.12,1.0,4.803260213420859,64.32881128382925,68.79384584197821,7279.963693630496,5.352862553722891,64.6177273988246,0.703,804435,673486.5901399144,657455.5912777075,0.8660254037844386,0.5000000000000001
2021-03-01,GU_Central_2,Central,GU,3,2021,1.3599999999999999,1.15,1.0,5.393083012221519,31.414848496405703,64.64952897497486,7302.090341065045,6.466149373722696,69.4094935230391,0.703,836842,804435.2174850967,759028.3614379932,1.0,6.123233995736766e-17
2021-04-01,GU_Central_2,Central,GU,4,2021,1.3599999999999999,1.05,1.0,3.2120766201769144,55.91450057703431,64.32102844875931,7290.349755465404,4.378918445901101,68.70849268251827,0.703,588712,836841.8887240078,428882.4921085201,0.8660254037844387,-0.4999999999999998
2021-05-01,GU_Central_2,Central,GU,5,2021,1.3599999999999999,0.95,1.0,4.888857409775432,68.25595949573638,66.79660738666024,7255.466790411444,6.629331108366218,66.3952931508903,0.703,641671,588712.4752418015,375953.1929417963,0.49999999999999994,-0.8660254037844387
2021-06-01,GU_Central_2,Central,GU,6,2021,1.3599999999999999,0.72,1.0,6.236141420108556,82.75226968474166,63.322408686088515,6898.34975912942,6.0595979605801205,66.27139643946055,0.703,411716,641671.3673577047,272814.02438048733,1.2246467991473532e-16,-1.0
2021-07-01,GU_Central_2,Central,GU,7,2021,1.3599999999999999,0.65,1.0,3.6572908676287783,151.00518894848244,71.8063936556177,7113.355681582504,6.195482694062213,68.89419063148522,0.703,388068,411715.62111383554,343029.55384518113,-0.4999999999999997,-0.8660254037844388
2021-08-01,GU_Central_2,Central,GU,8,2021,1.3599999999999999,0.68,1.0,5.019831696961462,214.8209094458444,72.78180018322563,7201.4149842529805,5.346745904743681,69.95388416005275,0.703,351170,388067.63362849975,338798.83041128336,-0.8660254037844385,-0.5000000000000004
2021-09-01,GU_Central_2,Central,GU,9,2021,1.3599999999999999,0.82,1.0,2.774468826921907,163.3468673458078,65.63922974373456,7275.091855513966,6.0369038204079155,67.05159966962655,0.703,413878,351169.94757990306,382234.3031295226,-1.0,-1.8369701987210297e-16
2021-10-01,GU_Central_2,Central,GU,10,2021,1.3599999999999999,1.02,1.0,3.4334455732721914,205.63868944407864,62.840214980328504,7157.623464209324,4.292934974039499,71.28075784162738,0.703,414792,413877.62105331756,500057.4456067158,-0.8660254037844386,0.5000000000000001
2021-11-01,GU_Central_2,Central,GU,11,2021,1.3599999999999999,1.1,1.0,5.969193065213659,178.30872546847485,68.00977611670618,7515.495366415474,4.565564873721191,69.43410384972233,0.703,573345,414792.21201327833,468144.7531391884,-0.5000000000000004,0.8660254037844384
2021-12-01,GU_Central_2,Central,GU,12,2021,1.3599999999999999,1.15,1.0,4.628858848024461,97.10957745265254,65.55369244609322,7229.203813540393,5.712651051136314,59.64614420109274,0.703,706592,573345.0500894279,608863.8320034833,-2.4492935982947064e-16,1.0
2022-01-01,GU_Central_2,Central,GU,1,2022,1.42,1.08,1.0,7.6258272668664295,77.26686453545155,75.0240433975841,8250.596685429378,4.936676044179053,61.980413209831426,0.6985,825475,706592.0982485854,673486.5901399144,0.49999999999999994,0.8660254037844387
2022-02-01,GU_Central_2,Central,GU,2,2022,1.42,1.12,1.0,5.958271560729354,62.715872181484,69.13856021341029,7987.806443259469,4.581296593201784,72.32894087608663,0.6985,771116,825474.51253397,804435.2174850967,0.8660254037844386,0.5000000000000001
2022-03-01,GU_Central_2,Central,GU,3,2022,1.42,1.15,1.0,6.076054626087369,43.90355571978246,73.13353966728533,7686.4011330231615,2.6979128875140614,66.6129074741164,0.6985,977991,771116.0581035491,836841.8887240078,1.0,6.123233995736766e-17
2022-04-01,GU_Central_2,Central,GU,4,2022,1.42,1.05,1.0,4.1475613683463,48.728612741528984,71.84198076817508,8229.313018829263,4.351620761569462,68.2567032911899,0.6985,839080,977991.0007146746,588712.4752418015,0.8660254037844387,-0.4999999999999998
2022-05-01,GU_Central_2,Central,GU,5,2022,1.42,0.95,1.0,4.977213376006835,84.98354577504702,69.47121546815977,8703.350719782973,3.760756975761387,72.15716207063657,0.6985,663861,839079.9273245186,641671.3673577047,0.49999999999999994,-0.8660254037844387
2022-06-01,GU_Central_2,Central,GU,6,2022,1.42,0.72,1.0,4.560176409763044,107.66526044753194,72.22014948547583,8359.737553828338,5.094827449049201,67.57435513051263,0.6985,441542,663861.1264442669,411715.62111383554,1.2246467991473532e-16,-1.0
2022-07-01,GU_Central_2,Central,GU,7,2022,1.42,0.65,1.0,4.160809740759476,186.72869628124062,74.13559767542455,7792.127726452995,4.5470651771462105,67.74907043835739,0.6985,409902,441542.4940217342,388067.63362849975,-0.4999999999999997,-0.8660254037844388
2022-08-01,GU_Central_2,Central,GU,8,2022,1.42,0.68,1.0,6.236011579535541,220.89005142916346,71.7605455571662,8526.633011618023,4.197359564666796,64.12508306883308,0.6985,348807,409901.6544887699,351169.94757990306,-0.8660254037844385,-0.5000000000000004
2022-09-01,GU_Central_2,Central,GU,9,2022,1.42,0.82,1.0,6.476758867142594,203.62717745258166,71.79185399537877,8009.197319492371,6.814328386099442,69.07997802891008,0.6985,474611,348807.0203300582,413877.62105331756,-1.0,-1.8369701987210297e-16
2022-10-01,GU_Central_2,Central,GU,10,2022,1.42,1.02,1.0,5.9180644612211175,195.83231182661555,68.88164971643897,8481.59429121578,5.530539581355387,69.94604887586729,0.6985,574138,474611.22398467374,414792.21201327833,-0.8660254037844386,0.5000000000000001
2022-11-01,GU_Central_2,Central,GU,11,2022,1.42,1.1,1.0,4.445659196348995,136.02887499986386,74.93261439371241,7994.041860796379,5.5446977130848465,65.28847265198857,0.6985,779047,574138.0620209898,573345.0500894279,-0.5000000000000004,0.8660254037844384
2022-12-01,GU_Central_2,Central,GU,12,2022,1.42,1.15,1.0,5.836215870337134,95.66334431277909,74.63363973442955,8318.987897921968,6.461772115745737,63.911914486776524,0.6985,868095,779046.8837116084,706592.0982485854,-2.4492935982947064e-16,1.0
2023-01-01,GU_Central_2,Central,GU,1,2023,1.48,1.08,1.0,4.204785918241212,75.48074307270163,74.76832243394051,8899.49652154656,4.941753426146487,78.90515702078092,0.694,764120,868095.4774571848,825474.51253397,0.49999999999999994,0.8660254037844387
2023-02-01,GU_Central_2,Central,GU,2,2023,1.48,1.12,1.0,8.087611122449648,50.053042133924734,75.62713462155101,8910.946699615864,3.6832367924217073,68.02836612060688,0.694,935117,764119.6518135171,771116.0581035491,0.8660254037844386,0.5000000000000001
2023-03-01,GU_Central_2,Central,GU,3,2023,1.48,1.15,1.0,4.942219789235076,46.37576498432793,80.24266201807097,8428.000907834434,3.5896829186466106,65.66523064156284,0.694,1021123,935116.6137308747,977991.0007146746,1.0,6.123233995736766e-17
2023-04-01,GU_Central_2,Central,GU,4,2023,1.48,1.05,1.0,5.155449221073844,57.73551682608018,72.59928753685763,9363.253991650037,5.071922207003388,71.22634578116906,0.694,766587,1021123.1825153418,839079.9273245186,0.8660254037844387,-0.4999999999999998
2023-05-01,GU_Central_2,Central,GU,5,2023,1.48,0.95,1.0,6.638350723484231,82.2179946603091,77.81286517407635,9299.396658696667,2.6525165761798584,68.19682385908844,0.694,774604,766586.9694978297,663861.1264442669,0.49999999999999994,-0.8660254037844387
2023-06-01,GU_Central_2,Central,GU,6,2023,1.48,0.72,1.0,6.7449914722904545,141.42970171871016,74.32415868060662,9324.71954534494,4.237776295192347,64.0569347069516,0.694,465293,774604.2468480936,441542.4940217342,1.2246467991473532e-16,-1.0
2023-07-01,GU_Central_2,Central,GU,7,2023,1.48,0.65,1.0,6.412701681857858,137.35633170845432,81.33423363025493,9256.71907553683,2.5631004979548413,70.33221428660579,0.694,504352,465293.2278790299,409901.6544887699,-0.4999999999999997,-0.8660254037844388
2023-08-01,GU_Central_2,Central,GU,8,2023,1.48,0.68,1.0,5.167846470821244,219.87010962757117,76.190340185996,8789.80780803203,4.379074806711605,64.98751612369674,0.694,412514,504352.1192504873,348807.0203300582,-0.8660254037844385,-0.5000000000000004
2023-09-01,GU_Central_2,Central,GU,9,2023,1.48,0.82,1.0,7.860017592323951,176.28713856951597,79.78113555442013,9567.474992049627,4.983256200569563,74.70583200862254,0.694,551217,412513.68207655445,474611.22398467374,-1.0,-1.8369701987210297e-16
2023-10-01,GU_Central_2,Central,GU,10,2023,1.48,1.02,1.0,4.4768609587169,224.47981731553045,73.71601795461662,9579.571008069037,4.523532427682905,70.37801851900961,0.694,591149,551216.9964889032,574138.0620209898,-0.8660254037844386,0.5000000000000001
2023-11-01,GU_Central_2,Central,GU,11,2023,1.48,1.1,1.0,4.7200772114618665,159.67968484552046,72.2544139530272,8778.113463700754,5.050487487176478,67.29247830189567,0.694,701879,591148.7131097169,779046.8837116084,-0.5000000000000004,0.8660254037844384
2023-12-01,GU_Central_2,Central,GU,12,2023,1.48,1.15,1.0,6.371620673654623,84.03083982232074,75.29722162839667,9372.276119134996,5.871861553327932,68.83738807208846,0.694,924939,701879.3204041993,868095.4774571848,-2.4492935982947064e-16,1.0
2024-01-01,GU_Central_2,Central,GU,1,2024,1.54,1.08,1.0,6.043579393566556,88.7618859683773,81.2880503738405,8420.925710388157,3.785169250190393,72.81315248439277,0.6895,903052,924939.2767802331,764119.6518135171,0.49999999999999994,0.8660254037844387
2024-02-01,GU_Central_2,Central,GU,2,2024,1.54,1.12,1.0,9.0,56.87674504921523,78.96780495395076,7815.635453967893,6.146120626623105,69.9438450142432,0.6895,1113009,903052.2559681092,935116.6137308747,0.8660254037844386,0.5000000000000001
2024-03-01,GU_Central_2,Central,GU,3,2024,1.54,1.15,1.0,6.1468026092843235,37.26051967306851,82.7749222788249,7893.96361681261,4.0701359649361235,77.6884378289342,0.6895,1111152,1113009.34548574,1021123.1825153418,1.0,6.123233995736766e-17
2024-04-01,GU_Central_2,Central,GU,4,2024,1.54,1.05,1.0,9.0,47.89353800160284,79.87013929656871,8267.530710667872,4.659332050152287,73.7434700655821,0.6895,1044490,1111151.9772328974,766586.9694978297,0.8660254037844387,-0.4999999999999998
2024-05-01,GU_Central_2,Central,GU,5,2024,1.54,0.95,1.0,8.80280677070571,78.08545664138475,74.25568851470018,7347.531280736132,3.411149828347946,71.15042947024449,0.6895,862570,1044490.0657805614,774604.2468480936,0.49999999999999994,-0.8660254037844387
2024-06-01,GU_Central_2,Central,GU,6,2024,1.54,0.72,1.0,9.0,85.34726737272712,82.158435937579,7537.346927282268,5.195451183704545,65.45205650596607,0.6895,747693,862570.0887141523,465293.2278790299,1.2246467991473532e-16,-1.0
2024-07-01,GU_Central_2,Central,GU,7,2024,1.54,0.65,1.0,9.0,103.24652384571657,77.85238882255852,7581.780923431265,4.733368158834104,68.61244758439204,0.6895,617881,747692.6152415841,504352.1192504873,-0.4999999999999997,-0.8660254037844388
2024-08-01,GU_Central_2,Central,GU,8,2024,1.54,0.68,1.0,7.65813368069474,226.23818421515867,79.41520785497045,7218.837312801095,5.0771610420543976,71.11549988020981,0.6895,447525,617881.3393997645,412513.68207655445,-0.8660254037844385,-0.5000000000000004
2024-09-01,GU_Central_2,Central,GU,9,2024,1.54,0.82,1.0,6.345090656795872,175.2779699776827,85.15939361061807,8515.402575356935,3.943603537419164,65.90855433696746,0.6895,663664,447524.6844175536,551216.9964889032,-1.0,-1.8369701987210297e-16
2024-10-01,GU_Central_2,Central,GU,10,2024,1.54,1.02,1.0,7.437050720857451,241.95725647060144,85.81843517236327,7132.520360586318,2.8956659484933684,74.3737074998518,0.6895,790108,663664.012574961,591148.7131097169,-0.8660254037844386,0.5000000000000001
2024-11-01,GU_Central_2,Central,GU,11,2024,1.54,1.1,1.0,6.880661445289066,192.88964322733392,78.77351969472157,8181.579475516683,4.2683179517003245,65.30337063288783,0.6895,777033,790108.4131695572,701879.3204041993,-0.5000000000000004,0.8660254037844384
2024-12-01,GU_Central_2,Central,GU,12,2024,1.54,1.15,1.0,6.7096306447633545,148.2095156568553,82.23335989189552,8392.437204612417,2.542384149341187,66.65109720781639,0.6895,938232,777032.7534604227,924939.2767802331,-2.4492935982947064e-16,1.0
2025-01-01,GU_Central_2,Central,GU,1,2025,1.6,1.08,1.0,8.181024124168198,72.19641257039414,83.34317652873207,8867.881820513483,3.231051357102438,67.75080326042047,0.6849999999999999,1107129,938231.963547785,903052.2559681092,0.49999999999999994,0.8660254037844387
2025-02-01,GU_Central_2,Central,GU,2,2025,1.6,1.12,1.0,7.625954942950704,38.48174178080157,84.13938106330419,8699.234568870392,3.6528643493058004,72.97529784253253,0.6849999999999999,1123487,1107129.2207742536,1113009.34548574,0.8660254037844386,0.5000000000000001
2025-03-01,GU_Central_2,Central,GU,3,2025,1.6,1.15,1.0,7.097348378819604,33.47870616043387,83.18267375530434,9104.77910283094,5.401779434008614,66.78025453131691,0.6849999999999999,1155349,1123486.8668473114,1111151.9772328974,1.0,6.123233995736766e-17
2025-04-01,GU_Central_2,Central,GU,4,2025,1.6,1.05,1.0,7.70551712889529,47.32147623274137,79.82696895881054,9000.824850266968,3.7548388895535525,62.80009371832378,0.6849999999999999,1080124,1155349.2315836365,1044490.0657805614,0.8660254037844387,-0.4999999999999998
2025-05-01,GU_Central_2,Central,GU,5,2025,1.6,0.95,1.0,8.658774157044446,51.521243205792324,85.28516567120113,9451.57718808684,3.6116299752664314,74.35215534304685,0.6849999999999999,982885,1080123.7590948371,862570.0887141523,0.49999999999999994,-0.8660254037844387
2025-06-01,GU_Central_2,Central,GU,6,2025,1.6,0.72,1.0,9.0,111.442337595765,85.8644961608385,7817.165486820371,3.449574060771766,68.22245485957775,0.6849999999999999,755589,982884.5019577311,747692.6152415841,1.2246467991473532e-16,-1.0
2025-07-01,GU_Central_2,Central,GU,7,2025,1.6,0.65,1.0,6.076491304170813,155.15972733973337,82.98699476406658,8586.581635732795,2.426327276187986,65.72596947139225,0.6849999999999999,557529,755589.051188462,617881.3393997645,-0.4999999999999997,-0.8660254037844388
2025-08-01,GU_Central_2,Central,GU,8,2025,1.6,0.68,1.0,7.636158696405749,152.53043747916962,88.26337513431133,9252.709597761677,3.568660672010406,66.98056578718985,0.6849999999999999,640324,557528.7935194098,447524.6844175536,-0.8660254037844385,-0.5000000000000004
2025-09-01,GU_Central_2,Central,GU,9,2025,1.6,0.82,1.0,7.830388153430355,168.78544705262502,83.69175934871434,9022.70134924796,3.582306140909418,76.8670509967374,0.6849999999999999,754716,640324.2563227947,663664.012574961,-1.0,-1.8369701987210297e-16
2025-10-01,GU_Central_2,Central,GU,10,2025,1.6,1.02,1.0,6.580975973326842,183.01873184094245,83.08836452542296,9338.415371638042,2.7251132036370262,67.37182521090836,0.6849999999999999,778035,754715.9060313577,790108.4131695572,-0.8660254037844386,0.5000000000000001
2025-11-01,GU_Central_2,Central,GU,11,2025,1.6,1.1,1.0,7.856353120351161,168.55087715944723,86.57950935432432,9117.9089893073,2.550603508457308,69.5065275784924,0.6849999999999999,949162,778035.3025321208,777032.7534604227,-0.5000000000000004,0.8660254037844384
2025-12-01,GU_Central_2,Central,GU,12,2025,1.6,1.15,1.0,8.177594731448034,103.96519197599561,80.3719540300824,8939.368321540862,3.114743453785813,68.21232655085593,0.6849999999999999,1067825,949162.2979320446,938231.963547785,-2.4492935982947064e-16,1.0
2015-01-01,GU_Central_3,Central,GU,1,2015,1.0,1.08,1.0,6.427522490011114,80.025506505895,38.21162266285949,5001.624023750898,7.734440151054754,61.578647508833896,0.73,358173,,,0.49999999999999994,0.8660254037844387
2015-02-01,GU_Central_3,Central,GU,2,2015,1.0,1.12,1.0,7.150614768921973,54.273648985208226,38.757384996526305,4857.56487473689,6.71891859915339,65.50091451665226,0.73,359266,358173.2098179216,,0.8660254037844386,0.5000000000000001
2015-03-01,GU_Central_3,Central,GU,3,2015,1.0,1.15,1.0,4.446555165185613,38.025640000335166,36.67543867618461,4708.890958632788,8.402509397697548,70.42390269666214,0.73,352656,359265.6346108267,,1.0,6.123233995736766e-17
2015-04-01,GU_Central_3,Central,GU,4,2015,1.0,1.05,1.0,6.745886466431023,53.64692416374223,36.13377431314097,5149.049445187073,8.336642761094392,63.53152849038226,0.73,356267,352655.680329173,,0.8660254037844387,-0.4999999999999998
2015-05-01,GU_Central_3,Central,GU,5,2015,1.0,0.95,1.0,4.847076020140525,74.75520215967661,35.06333664131999,4566.295018181731,7.995453847679672,70.56716729686211,0.73,297831,356266.65876424656,,0.49999999999999994,-0.8660254037844387
2015-06-01,GU_Central_3,Central,GU,6,2015,1.0,0.72,1.0,5.3448520668709065,142.0305636291045,36.01143712504548,5992.653156155684,7.5353934203150805,62.68172990753865,0.73,185575,297831.4887938347,,1.2246467991473532e-16,-1.0
2015-07-01,GU_Central_3,Central,GU,7,2015,1.0,0.65,1.0,7.379467773235897,221.24416226973653,44.89597302133789,5697.572986769675,8.24995801212123,63.80569527518492,0.73,190302,185575.0039700345,,-0.4999999999999997,-0.8660254037844388
2015-08-01,GU_Central_3,Central,GU,8,2015,1.0,0.68,1.0,6.261060513861176,178.13485192722356,37.92873689390962,5393.941445364482,7.279241821756793,63.312942264641016,0.73,167289,190301.65712185498,,-0.8660254037844385,-0.5000000000000004
2015-09-01,GU_Central_3,Central,GU,9,2015,1.0,0.82,1.0,7.337137369658968,214.39798432396836,31.175114584708712,6006.402468314989,6.920408910893433,66.88119913202034,0.73,199935,167289.48624640677,,-1.0,-1.8369701987210297e-16
2015-10-01,GU_Central_3,Central,GU,10,2015,1.0,1.02,1.0,6.235068075678644,200.59383387573746,38.23882918455698,5025.15944214116,8.452087716495793,60.31071576755919,0.73,283417,199934.8435836037,,-0.8660254037844386,0.5000000000000001
2015-11-01,GU_Central_3,Central,GU,11,2015,1.0,1.1,1.0,7.827687579669387,163.3286902302382,35.22875638971753,5138.188202058584,7.754034205615207,65.27314703504604,0.73,316788,283416.9949362693,,-0.5000000000000004,0.8660254037844384
2015-12-01,GU_Central_3,Central,GU,12,2015,1.0,1.15,1.0,6.213103153254436,131.75851701614326,40.17845481999149,4636.972700836848,6.952753887534887,57.076813574974295,0.73,363314,316787.5281577548,,-2.4492935982947064e-16,1.0
2016-01-01,GU_Central_3,Central,GU,1,2016,1.06,1.08,1.0,5.2147579843040734,85.74585426775792,44.35493903428898,6828.459162759145,6.765806106366736,61.66198358139436,0.7255,419963,363313.9777907284,358173.2098179216,0.49999999999999994,0.8660254037844387
2016-02-01,GU_Central_3,Central,GU,2,2016,1.06,1.12,1.0,7.831131270193346,47.13433573227696,44.667656913076165,6115.346421160877,6.5108576129877855,60.25302550824476,0.7255,457806,419962.96224959294,359265.6346108267,0.8660254037844386,0.5000000000000001
2016-03-01,GU_Central_3,Central,GU,3,2016,1.06,1.15,1.0,4.95802835693676,47.89927463573613,44.377821763764445,6487.063025974171,8.717739887062883,63.15184623447177,0.7255,417250,457805.750970616,352655.680329173,1.0,6.123233995736766e-17
2016-04-01,GU_Central_3,Central,GU,4,2016,1.06,1.05,1.0,5.817395088740932,52.25218303109376,43.38186908614075,6931.159380258655,7.1032787499604195,61.53568100238487,0.7255,424272,417250.28979180404,356266.65876424656,0.8660254037844387,-0.4999999999999998
2016-05-01,GU_Central_3,Central,GU,5,2016,1.06,0.95,1.0,6.501124336981537,75.38239496203565,40.13231163538004,7096.882839974789,7.226217049002934,67.3285347698279,0.7255,353498,424272.49000289553,297831.4887938347,0.49999999999999994,-0.8660254037844387
2016-06-01,GU_Central_3,Central,GU,6,2016,1.06,0.72,1.0,6.351408798455596,163.97764542925324,44.27603778408573,6466.884141829293,7.676975238289552,59.28532761931343,0.7255,218966,353498.12651810254,185575.0039700345,1.2246467991473532e-16,-1.0
2016-07-01,GU_Central_3,Central,GU,7,2016,1.06,0.65,1.0,6.906599206480279,157.2108789482656,47.55677376740708,6652.90684632216,6.127711213914395,55.874736256755945,0.7255,223407,218965.58112225606,190301.65712185498,-0.4999999999999997,-0.8660254037844388
2016-08-01,GU_Central_3,Central,GU,8,2016,1.06,0.68,1.0,6.310178783542494,196.52047556691886,49.94101925138561,6073.267389280402,7.977237813028978,57.370864721153765,0.7255,251671,223407.16196094887,167289.48624640677,-0.8660254037844385,-0.5000000000000004
2016-09-01,GU_Central_3,Central,GU,9,2016,1.06,0.82,1.0,5.873516975477013,205.26321033741007,43.786026018081984,7237.51800435344,6.613723095369718,66.77667218520527,0.7255,244166,251670.9032565118,199934.8435836037,-1.0,-1.8369701987210297e-16
2016-10-01,GU_Central_3,Central,GU,10,2016,1.06,1.02,1.0,9.0,185.59402491085206,44.111170164148945,6405.232247865335,8.564013028892118,58.92177062673511,0.7255,363486,244165.942742279,283416.9949362693,-0.8660254037844386,0.5000000000000001
2016-11-01,GU_Central_3,Central,GU,11,2016,1.06,1.1,1.0,6.746886716109546,170.76795292105635,46.00128153726668,6516.1282283407045,6.849873015988325,64.39137766208283,0.7255,345544,363486.4338941946,316787.5281577548,-0.5000000000000004,0.8660254037844384
2016-12-01,GU_Central_3,Central,GU,12,2016,1.06,1.15,1.0,4.8837389880029445,104.79000163635075,48.97972467841631,6296.916117481598,7.930112011810548,61.62084998700768,0.7255,443678,345544.3728807942,363313.9777907284,-2.4492935982947064e-16,1.0
2017-01-01,GU_Central_3,Central,GU,1,2017,1.12,1.08,1.0,7.566897952388891,87.15852063827668,47.541110168486355,7992.482372313871,4.702561506304731,66.89697621901303,0.721,423368,443678.0965983955,419962.96224959294,0.49999999999999994,0.8660254037844387
2017-02-01,GU_Central_3,Central,GU,2,2017,1.12,1.12,1.0,6.650322730366936,37.34094627539575,51.07795395085101,7542.637588415116,5.759893539131224,62.67693717953356,0.721,479243,423368.2028730769,457805.750970616,0.8660254037844386,0.5000000000000001
2017-03-01,GU_Central_3,Central,GU,3,2017,1.12,1.15,1.0,6.938038847248624,32.21158149245723,46.53154220342684,7795.240882863811,6.465114272801899,74.65739406446855,0.721,542008,479243.0744781928,417250.28979180404,1.0,6.123233995736766e-17
2017-04-01,GU_Central_3,Central,GU,4,2017,1.12,1.05,1.0,8.852410977622982,64.60752348834889,49.98954697079651,7612.101486018178,5.075373601500087,71.19246806327402,0.721,547624,542007.758345267,424272.49000289553,0.8660254037844387,-0.4999999999999998
2017-05-01,GU_Central_3,Central,GU,5,2017,1.12,0.95,1.0,7.462210857457738,64.92583967933857,51.91181252985511,7353.636100580478,7.180707559073124,62.33915927837723,0.721,447095,547623.5945194022,353498.12651810254,0.49999999999999994,-0.8660254037844387
2017-06-01,GU_Central_3,Central,GU,6,2017,1.12,0.72,1.0,6.616884078538538,84.72074066333651,45.127418180356614,7871.081175612497,6.950366500348999,61.79146164362006,0.721,277759,447094.86735330743,218965.58112225606,1.2246467991473532e-16,-1.0
2017-07-01,GU_Central_3,Central,GU,7,2017,1.12,0.65,1.0,8.535504211948693,130.4460119424115,47.424565833945344,7608.212610586602,5.907337880112099,76.12930460323385,0.721,290007,277759.2847737547,223407.16196094887,-0.4999999999999997,-0.8660254037844388
2017-08-01,GU_Central_3,Central,GU,8,2017,1.12,0.68,1.0,9.0,238.68626873826608,51.864349290085,7020.379745646425,6.687233096108401,59.284596154685644,0.721,248139,290007.4754401885,251670.9032565118,-0.8660254037844385,-0.5000000000000004
2017-09-01,GU_Central_3,Central,GU,9,2017,1.12,0.82,1.0,8.644246595167814,146.24414779181856,50.84848369154439,7007.675200313459,7.3451817839385,63.379905808326605,0.721,346442,248138.67177456582,244165.942742279,-1.0,-1.8369701987210297e-16
2017-10-01,GU_Central_3,Central,GU,10,2017,1.12,1.02,1.0,5.0557333140194896,162.1442646550463,52.10783842094457,7519.792351091915,5.017560386504021,63.68979567882171,0.721,410548,346441.56384458416,363486.4338941946,-0.8660254037844386,0.5000000000000001
2017-11-01,GU_Central_3,Central,GU,11,2017,1.12,1.1,1.0,6.662012597123583,125.00338037639231,51.545318939362204,7861.176379102113,5.681208787012275,63.59064840874171,0.721,443558,410548.372723979,345544.3728807942,-0.5000000000000004,0.8660254037844384
2017-12-01,GU_Central_3,Central,GU,12,2017,1.12,1.15,1.0,8.056938236763447,115.06567445237985,47.97668941624988,8190.559569855562,6.431929360621325,56.645153117877896,0.721,457584,443558.237975474,443678.0965983955,-2.4492935982947064e-16,1.0
2018-01-01,GU_Central_3,Central,GU,1,2018,1.18,1.08,1.0,7.2675008854630025,74.76774922183117,60.097570445184076,5547.433621061007,6.3189789013059805,66.38640963870377,0.7165,640349,457583.6289510373,423368.2028730769,0.49999999999999994,0.8660254037844387
2018-02-01,GU_Central_3,Central,GU,2,2018,1.18,1.12,1.0,7.167929987052785,47.060518750481606,53.910729972260185,6358.726609066794,6.253110862718765,60.518599634430736,0.7165,578815,640349.351330829,479243.0744781928,0.8660254037844386,0.5000000000000001
2018-03-01,GU_Central_3,Central,GU,3,2018,1.18,1.15,1.0,6.38135214037082,51.136802796430814,44.3328731525674,6567.521124951117,7.011435828348569,70.1439564966763,0.7165,506733,578814.9673947078,542007.758345267,1.0,6.123233995736766e-17
2018-04-01,GU_Central_3,Central,GU,4,2018,1.18,1.05,1.0,5.873959272086894,41.59576821326919,52.6529608828681,6480.230787720012,6.681768996524317,58.57613983026152,0.7165,495189,506732.60810259223,547623.5945194022,0.8660254037844387,-0.4999999999999998
2018-05-01,GU_Central_3,Central,GU,5,2018,1.18,0.95,1.0,9.0,78.77374664339467,52.09248622900201,6801.376874237538,6.857307872456848,64.63786370950191,0.7165,500742,495188.5415824554,447094.86735330743,0.49999999999999994,-0.8660254037844387
2018-06-01,GU_Central_3,Central,GU,6,2018,1.18,0.72,1.0,7.593193315546515,126.09482243377323,55.885747502101836,6642.169966393545,5.1880994137565075,55.535517412192455,0.7165,350623,500742.2458635709,277759.2847737547,1.2246467991473532e-16,-1.0
2018-07-01,GU_Central_3,Central,GU,7,2018,1.18,0.65,1.0,8.331206318420723,136.47497771026855,52.146444054405606,5903.704594361216,6.4158590838395035,55.78246517463711,0.7165,319556,350623.170891352,290007.4754401885,-0.4999999999999997,-0.8660254037844388
2018-08-01,GU_Central_3,Central,GU,8,2018,1.18,0.68,1.0,7.568161580080392,203.09744338503253,56.79690998745741,5890.5234170615395,6.054285992609645,61.04259216682947,0.7165,307884,319556.38156254654,248138.67177456582,-0.8660254037844385,-0.5000000000000004
2018-09-01,GU_Central_3,Central,GU,9,2018,1.18,0.82,1.0,7.616278610145408,188.00568516340078,55.174298117220125,6487.784362240644,7.469657505335014,61.607159670651896,0.7165,364027,307883.91414986993,346441.56384458416,-1.0,-1.8369701987210297e-16
2018-10-01,GU_Central_3,Central,GU,10,2018,1.18,1.02,1.0,7.486136092008676,199.90952941641947,50.49972861558982,6792.907117962505,6.43951650990232,70.26290565195775,0.7165,405850,364027.1851948206,410548.372723979,-0.8660254037844386,0.5000000000000001
2018-11-01,GU_Central_3,Central,GU,11,2018,1.18,1.1,1.0,6.216125140890503,157.40801796338434,53.07887999316573,6411.717575801082,5.764756852227176,64.2376326549524,0.7165,461235,405849.62175353203,443558.237975474,-0.5000000000000004,0.8660254037844384
2018-12-01,GU_Central_3,Central,GU,12,2018,1.18,1.15,1.0,5.743272822138724,83.09043793980653,51.1733996671738,5637.109795666644,6.982001020764032,69.56962760364623,0.7165,552627,461235.06078643654,457583.6289510373,-2.4492935982947064e-16,1.0
2019-01-01,GU_Central_3,Central,GU,1,2019,1.24,1.08,1.0,6.963470448493984,95.6731845531889,58.554275940561006,6848.772863107528,6.350638236691719,63.680853621293295,0.712,553318,552627.3922435311,640349.351330829,0.49999999999999994,0.8660254037844387
2019-02-01,GU_Central_3,Central,GU,2,2019,1.24,1.12,1.0,6.7254108887254,66.46938339073789,55.65552739829464,7631.18213513925,5.242718661887617,67.62434073152133,0.712,527650,553318.0850097254,578814.9673947078,0.8660254037844386,0.5000000000000001
2019-03-01,GU_Central_3,Central,GU,3,2019,1.24,1.15,1.0,7.625937078151649,38.93947490839112,58.22330569152719,7163.109709087141,5.621208237784661,62.2980987323244,0.712,749298,527649.5329963067,506732.60810259223,1.0,6.123233995736766e-17
2019-04-01,GU_Central_3,Central,GU,4,2019,1.24,1.05,1.0,7.382432991970432,43.886622223208136,57.18308274702876,7373.08078644133,5.6348428323133115,62.0261077236056,0.712,643979,749298.0555929708,495188.5415824554,0.8660254037844387,-0.4999999999999998
2019-05-01,GU_Central_3,Central,GU,5,2019,1.24,0.95,1.0,5.529785368700395,98.07215265410825,57.543330235960525,7799.438117618141,6.88196887382363,57.916599444328426,0.712,473560,643979.1037972934,500742.2458635709,0.49999999999999994,-0.8660254037844387
2019-06-01,GU_Central_3,Central,GU,6,2019,1.24,0.72,1.0,7.859109570706246,154.02689225161447,64.15282113939429,6779.005928570871,6.062593499102754,66.5430159754051,0.712,416716,473559.5942016075,350623.170891352,1.2246467991473532e-16,-1.0
2019-07-01,GU_Central_3,Central,GU,7,2019,1.24,0.65,1.0,7.418032634185421,155.94891012184004,56.918544319878386,7133.5908048439715,6.481425982848138,66.2483336588006,0.712,301866,416716.46383482905,319556.38156254654,-0.4999999999999997,-0.8660254037844388
2019-08-01,GU_Central_3,Central,GU,8,2019,1.24,0.68,1.0,7.329009883828802,183.07318561163171,52.19670073714843,7084.707233981576,5.505382623095934,68.30925154914341,0.712,280312,301865.8620371492,307883.91414986993,-0.8660254037844385,-0.5000000000000004
2019-09-01,GU_Central_3,Central,GU,9,2019,1.24,0.82,1.0,9.0,197.60266706985504,61.04747843420304,7479.931141437391,6.167840232911553,66.05967314856558,0.712,389547,280312.4664441657,364027.1851948206,-1.0,-1.8369701987210297e-16
2019-10-01,GU_Central_3,Central,GU,10,2019,1.24,1.02,1.0,8.952750515009825,141.73772976075423,61.023867705406026,7667.799680222247,6.942688722343727,73.30478390877587,0.712,576733,389546.54840462265,405849.62175353203,-0.8660254037844386,0.5000000000000001
2019-11-01,GU_Central_3,Central,GU,11,2019,1.24,1.1,1.0,7.327896519865863,153.01297891136252,52.06317947860952,6653.879644395399,5.611138587799482,65.90411054671004,0.712,456632,576732.9307380728,461235.06078643654,-0.5000000000000004,0.8660254037844384
2019-12-01,GU_Central_3,Central,GU,12,2019,1.24,1.15,1.0,7.178236647005035,150.86895397588643,55.8973011363758,7317.5086383750295,5.992123843070221,69.16730685735249,0.712,524291,456631.8455242431,552627.3922435311,-2.4492935982947064e-16,1.0
2020-01-01,GU_Central_3,Central,GU,1,2020,1.3,1.08,1.0,6.737326046343796,77.97573607075327,63.80743167053957,8684.018419848575,4.409354995009914,64.70356366800358,0.7075,670951,524290.8970534604,553318.0850097254,0.49999999999999994,0.8660254037844387
2020-02-01,GU_Central_3,Central,GU,2,2020,1.3,1.12,1.0,4.738595304615734,42.805702058948626,64.0726097836512,7458.166419870404,4.887553528071978,62.36611986279444,0.7075,648298,670951.0721437247,527649.5329963067,0.8660254037844386,0.5000000000000001
2020-03-01,GU_Central_3,Central,GU,3,2020,1.3,1.15,1.0,4.755544719110919,42.98011371582688,62.48582870964184,8263.843724379956,5.232445686401742,68.87078068074655,0.7075,664885,648297.7930811275,749298.0555929708,1.0,6.123233995736766e-17
2020-04-01,GU_Central_3,Central,GU,4,2020,1.3,1.05,0.68,6.247445516730475,45.642122630795164,62.55347613679985,7745.717324675327,4.651328552838623,65.64340804871864,0.7075,398788,664884.6421555411,643979.1037972934,0.8660254037844387,-0.4999999999999998
2020-05-01,GU_Central_3,Central,GU,5,2020,1.3,0.95,0.68,4.4115685212670925,79.20257451598488,59.68423638075045,8004.115216430489,6.557578942017478,69.32817218371848,0.7075,358129,398787.944066278,473559.5942016075,0.49999999999999994,-0.8660254037844387
2020-06-01,GU_Central_3,Central,GU,6,2020,1.3,0.72,0.68,6.150663210848085,97.16072195014898,55.30045385963294,7165.554757761094,4.829594383806789,67.41174616737872,0.7075,248255,358128.6831328828,416716.46383482905,1.2246467991473532e-16,-1.0
2020-07-01,GU_Central_3,Central,GU,7,2020,1.3,0.65,1.0,5.627538428063607,135.12102013151843,68.6485219545506,8919.550676467541,6.129438873693797,62.827946692839376,0.7075,343041,248255.08033663002,301865.8620371492,-0.4999999999999997,-0.8660254037844388
2020-08-01,GU_Central_3,Central,GU,8,2020,1.3,0.68,1.0,4.411911702709636,210.2258787388826,59.59399816687986,8132.697215696198,5.6494689900251815,70.29735151070811,0.7075,266796,343040.54593006347,280312.4664441657,-0.8660254037844385,-0.5000000000000004
2020-09-01,GU_Central_3,Central,GU,9,2020,1.3,0.82,1.0,5.470379640566138,203.47600338203264,63.02951707019345,7929.583984211618,5.52468155880837,62.51524018486133,0.7075,374202,266795.7803805891,389546.54840462265,-1.0,-1.8369701987210297e-16
2020-10-01,GU_Central_3,Central,GU,10,2020,1.3,1.02,1.0,7.005437738786279,167.24797439797908,62.02345601302199,8440.540493483497,6.688930915972126,68.50130505318202,0.7075,479980,374202.4644241203,576732.9307380728,-0.8660254037844386,0.5000000000000001
2020-11-01,GU_Central_3,Central,GU,11,2020,1.3,1.1,1.0,5.538184369004784,162.8688431273177,65.19159265682063,7823.780718318518,3.6915197624579363,71.1264444461034,0.7075,631702,479980.0778047087,456631.8455242431,-0.5000000000000004,0.8660254037844384
2020-12-01,GU_Central_3,Central,GU,12,2020,1.3,1.15,1.0,5.543197005361752,109.07135924290935,62.84469164044648,7781.060285031197,5.343036082541516,64.46162064633937,0.7075,554517,631701.7133941167,524290.8970534604,-2.4492935982947064e-16,1.0
2021-01-01,GU_Central_3,Central,GU,1,2021,1.3599999999999999,1.08,1.0,5.394782334685516,70.59487796755796,67.460322859276,7866.827803388646,4.235695730747646,71.42397781468925,0.703,690421,554516.5577100939,670951.0721437247,0.49999999999999994,0.8660254037844387
2021-02-01,GU_Central_3,Central,GU,2,2021,1.3599999999999999,1.12,1.0,5.55102622746993,59.573586540963134,59.097045255973214,8001.0780397195285,3.5308636726935694,68.39046733621277,0.703,677774,690421.369773659,648297.7930811275,0.8660254037844386,0.5000000000000001
2021-03-01,GU_Central_3,Central,GU,3,2021,1.3599999999999999,1.15,1.0,4.602991440702568,44.69726531913263,64.49998278237324,6920.7510244453515,4.144214612993847,70.20777511358506,0.703,717663,677774.1479561639,664884.6421555411,1.0,6.123233995736766e-17
2021-04-01,GU_Central_3,Central,GU,4,2021,1.3599999999999999,1.05,1.0,5.420313257560458,50.556130342182186,69.23389913979699,7667.489296434749,5.113790028002456,63.45297723558965,0.703,740689,717663.400929604,398787.944066278,0.8660254037844387,-0.4999999999999998
2021-05-01,GU_Central_3,Central,GU,5,2021,1.3599999999999999,0.95,1.0,3.7411155684911206,81.73204804699644,68.96400467521579,7347.397876767108,4.519722296634844,67.65720092821499,0.703,563051,740689.0061125547,358128.6831328828,0.49999999999999994,-0.8660254037844387
2021-06-01,GU_Central_3,Central,GU,6,2021,1.3599999999999999,0.72,1.0,4.041114731799334,119.84883568798182,64.14504152914836,6550.9555957028115,5.817290871860118,61.167674759901985,0.703,435519,563050.919442823,248255.08033663002,1.2246467991473532e-16,-1.0
2021-07-01,GU_Central_3,Central,GU,7,2021,1.3599999999999999,0.65,1.0,4.194621070309252,171.68822222016496,62.265914251836634,6769.520324740066,4.928923321646935,73.64520206124185,0.703,303282,435518.6013433444,343040.54593006347,-0.4999999999999997,-0.8660254037844388
2021-08-01,GU_Central_3,Central,GU,8,2021,1.3599999999999999,0.68,1.0,5.563715227560929,166.5823374914675,67.3797379201688,7885.17458661109,4.840209316223246,58.74400671366197,0.703,328118,303282.367419257,266795.7803805891,-0.8660254037844385,-0.5000000000000004
2021-09-01,GU_Central_3,Central,GU,9,2021,1.3599999999999999,0.82,1.0,5.192279393067532,225.87514200105926,58.279677853612554,6545.121912201589,4.843775239595126,65.3809927214846,0.703,338780,328118.014259839,374202.4644241203,-1.0,-1.8369701987210297e-16
2021-10-01,GU_Central_3,Central,GU,10,2021,1.3599999999999999,1.02,1.0,4.838768507307257,199.32058135507503,63.55397724298671,8213.629379106154,5.0212044750963685,63.07316562320151,0.703,502325,338780.3969602393,479980.0778047087,-0.8660254037844386,0.5000000000000001
2021-11-01,GU_Central_3,Central,GU,11,2021,1.3599999999999999,1.1,1.0,5.828923987502344,153.68664789065076,72.28048322546593,6930.066697812168,4.765217172045797,69.49880166080895,0.703,673518,502325.2681755328,631701.7133941167,-0.5000000000000004,0.8660254037844384
2021-12-01,GU_Central_3,Central,GU,12,2021,1.3599999999999999,1.15,1.0,5.454634499290803,111.21999543284626,71.3352019866213,7898.546384804424,4.4189970419486695,74.49578378371967,0.703,765973,673517.536101058,554516.5577100939,-2.4492935982947064e-16,1.0
2022-01-01,GU_Central_3,Central,GU,1,2022,1.42,1.08,1.0,5.091367692240733,90.0935713012017,72.96174807629544,8022.496292410375,5.491347907180828,70.2196603947501,0.6985,772846,765972.6244210505,690421.369773659,0.49999999999999994,0.8660254037844387
2022-02-01,GU_Central_3,Central,GU,2,2022,1.42,1.12,1.0,4.197062816836405,49.57311367903813,72.42200894344377,8519.95661617517,4.200723959688842,79.4451347878054,0.6985,772122,772846.303674572,677774.1479561639,0.8660254037844386,0.5000000000000001
2022-03-01,GU_Central_3,Central,GU,3,2022,1.42,1.15,1.0,4.455689266748076,35.80664142502098,65.6494876464268,8787.764913053961,4.393178706923051,62.08823929376464,0.6985,759073,772121.5018039489,717663.400929604,1.0,6.123233995736766e-17
2022-04-01,GU_Central_3,Central,GU,4,2022,1.42,1.05,1.0,3.679168469748709,47.7922781444338,69.27799829005265,8785.479217956106,5.043524064072248,62.395263469885734,0.6985,692731,759073.0664843428,740689.0061125547,0.8660254037844387,-0.4999999999999998
2022-05-01,GU_Central_3,Central,GU,5,2022,1.42,0.95,1.0,5.60802328840117,89.23045578666992,70.61449420610268,7897.035511142815,4.954992996925801,64.0275430735384,0.6985,726294,692730.7724479458,563050.919442823,0.49999999999999994,-0.8660254037844387
2022-06-01,GU_Central_3,Central,GU,6,2022,1.42,0.72,1.0,4.404773289275773,91.01004237757127,69.34175875149643,7774.175355045045,3.9852495501231595,68.08497878118362,0.6985,487053,726293.6932637865,435518.6013433444,1.2246467991473532e-16,-1.0
2022-07-01,GU_Central_3,Central,GU,7,2022,1.42,0.65,1.0,4.844952249839534,151.47018626606865,70.44926999527641,8123.454595611641,5.303985555288596,63.49231049886699,0.6985,429838,487053.17886839574,303282.367419257,-0.4999999999999997,-0.8660254037844388
2022-08-01,GU_Central_3,Central,GU,8,2022,1.42,0.68,1.0,5.286231011465542,219.67834182240574,75.39767327303888,7574.784170534362,5.130136271870723,64.59334898277989,0.6985,409118,429837.64182434237,328118.014259839,-0.8660254037844385,-0.5000000000000004
2022-09-01,GU_Central_3,Central,GU,9,2022,1.42,0.82,1.0,6.692134057817002,194.95349683690227,69.87453081618604,8267.668879024402,4.842379867349803,70.08193409570914,0.6985,479270,409118.301270451,338780.3969602393,-1.0,-1.8369701987210297e-16
2022-10-01,GU_Central_3,Central,GU,10,2022,1.42,1.02,1.0,6.553888546200362,197.02792813251708,70.47718245832971,7790.64150647477,4.354946519534805,62.643312467544725,0.6985,568097,479270.184795492,502325.2681755328,-0.8660254037844386,0.5000000000000001
2022-11-01,GU_Central_3,Central,GU,11,2022,1.42,1.1,1.0,5.37368966271541,186.08245514889268,73.71859386005126,8647.219398093963,4.3746154475828725,63.06721594811959,0.6985,657806,568097.4393946398,673517.536101058,-0.5000000000000004,0.8660254037844384
2022-12-01,GU_Central_3,Central,GU,12,2022,1.42,1.15,1.0,6.957944015500538,136.06193376114908,67.2415728441916,7903.44941270149,4.5385623175987115,66.00584498803971,0.6985,734550,657806.4517227631,765972.6244210505,-2.4492935982947064e-16,1.0
2023-01-01,GU_Central_3,Central,GU,1,2023,1.48,1.08,1.0,4.0851817888149675,74.71929472352093,73.47938626348346,8348.803786761506,3.3145344470977873,67.18222771664273,0.694,772768,734550.1455688427,772846.303674572,0.49999999999999994,0.8660254037844387
2023-02-01,GU_Central_3,Central,GU,2,2023,1.48,1.12,1.0,8.752664659719816,49.725973301954426,73.78683223672947,9763.2319723037,4.268585241122435,72.44006286888526,0.694,963580,772767.8240595808,772121.5018039489,0.8660254037844386,0.5000000000000001
2023-03-01,GU_Central_3,Central,GU,3,2023,1.48,1.15,1.0,7.330999657165502,45.42858341037408,76.16677643965524,9215.335924526855,5.013681632357599,64.79744100808752,0.694,884412,963579.5289545092,759073.0664843428,1.0,6.123233995736766e-17
2023-04-01,GU_Central_3,Central,GU,4,2023,1.48,1.05,1.0,6.623363942023915,57.86516516353672,74.96511379751901,9145.931023716548,5.001096951867218,65.51888006351642,0.694,917449,884412.3911198179,692730.7724479458,0.8660254037844387,-0.4999999999999998
2023-05-01,GU_Central_3,Central,GU,5,2023,1.48,0.95,1.0,5.430368383097525,78.94339849622071,75.0599772719586,9625.29797625331,3.9953185829788374,70.72668046511603,0.694,709713,917449.3334094647,726293.6932637865,0.49999999999999994,-0.8660254037844387
2023-06-01,GU_Central_3,Central,GU,6,2023,1.48,0.72,1.0,5.974319160643443,119.03617825873631,74.00543803869252,9525.029749061687,5.151266618180429,71.60557729513353,0.694,467053,709712.5620577268,487053.17886839574,1.2246467991473532e-16,-1.0
2023-07-01,GU_Central_3,Central,GU,7,2023,1.48,0.65,1.0,7.231221074693649,166.42440866881245,72.78750921935574,8789.986228222824,5.824723643623556,74.11489786850636,0.694,449099,467052.5800190362,429837.64182434237,-0.4999999999999997,-0.8660254037844388
2023-08-01,GU_Central_3,Central,GU,8,2023,1.48,0.68,1.0,7.258495260237696,228.0914933871318,77.82742877263173,8930.418600315743,4.0470339717897374,70.27648141945902,0.694,412659,449099.06420645467,409118.301270451,-0.8660254037844385,-0.5000000000000004
2023-09-01,GU_Central_3,Central,GU,9,2023,1.48,0.82,1.0,7.302072044708944,232.0269836197387,74.98658764311324,8631.990460500814,4.853211765145734,68.92145623984732,0.694,521059,412659.0149265355,479270.184795492,-1.0,-1.8369701987210297e-16
2023-10-01,GU_Central_3,Central,GU,10,2023,1.48,1.02,1.0,5.625803918760248,208.9688789727731,77.85705694044212,8473.816898221348,2.4897520298473657,70.70015362698462,0.694,670610,521058.53690914466,568097.4393946398,-0.8660254037844386,0.5000000000000001
2023-11-01,GU_Central_3,Central,GU,11,2023,1.48,1.1,1.0,5.384182744381748,134.1119373744666,72.66511800855656,9393.186963739441,3.2934826174544067,67.33034877644582,0.694,768155,670610.381987174,657806.4517227631,-0.5000000000000004,0.8660254037844384
2023-12-01,GU_Central_3,Central,GU,12,2023,1.48,1.15,1.0,6.734246293223007,115.05299868213139,74.00427352675108,9309.303262546273,4.3728968234668155,67.30092962249809,0.694,832190,768155.2369134077,734550.1455688427,-2.4492935982947064e-16,1.0
2024-01-01,GU_Central_3,Central,GU,1,2024,1.54,1.08,1.0,8.484484921105588,77.33255991572116,79.8364509164597,8369.5528221577,3.094613549985289,62.103558750884986,0.6895,985319,832189.921779492,772767.8240595808,0.49999999999999994,0.8660254037844387
2024-02-01,GU_Central_3,Central,GU,2,2024,1.54,1.12,1.0,7.564481991185652,61.50936940663615,80.11639888955136,8603.902125645742,5.531361635777959,72.77366382675734,0.6895,1006909,985319.0927688526,963579.5289545092,0.8660254037844386,0.5000000000000001
2024-03-01,GU_Central_3,Central,GU,3,2024,1.54,1.15,1.0,9.0,38.56681365292217,82.76310617779663,8375.69333468912,4.378303749837243,70.04583578020699,0.6895,1159308,1006908.6337052387,884412.3911198179,1.0,6.123233995736766e-17
2024-04-01,GU_Central_3,Central,GU,4,2024,1.54,1.05,1.0,7.600425126407955,60.25377858892399,79.20847213122292,8415.736441309935,4.672665317486504,72.30815706547322,0.6895,973381,1159307.8775419383,917449.3334094647,0.8660254037844387,-0.4999999999999998
2024-05-01,GU_Central_3,Central,GU,5,2024,1.54,0.95,1.0,7.559809799180237,73.15161595362699,82.74022672843263,7092.097110795106,3.87677887507153,57.93675802209083,0.6895,900646,973381.0546143183,709712.5620577268,0.49999999999999994,-0.8660254037844387
2024-06-01,GU_Central_3,Central,GU,6,2024,1.54,0.72,1.0,8.365332161211024,111.16408876210635,81.62483202567908,7889.03631810632,3.097433584109078,69.01159316842582,0.6895,617479,900645.61219109,467052.5800190362,1.2246467991473532e-16,-1.0
2024-07-01,GU_Central_3,Central,GU,7,2024,1.54,0.65,1.0,9.0,171.55489853951536,80.17944216975116,8461.239099574062,3.4849517742600957,65.77647397448948,0.6895,489146,617479.2872757135,449099.06420645467,-0.4999999999999997,-0.8660254037844388
2024-08-01,GU_Central_3,Central,GU,8,2024,1.54,0.68,1.0,5.941553860014367,233.80533160967892,77.64610361051044,7501.48574568022,4.103504383701088,75.20545001928093,0.6895,431948,489145.91481349943,412659.0149265355,-0.8660254037844385,-0.5000000000000004
2024-09-01,GU_Central_3,Central,GU,9,2024,1.54,0.82,1.0,6.219046122137103,193.64668612196368,82.77062579638996,8068.431799249562,3.389667729272791,71.65686766193532,0.6895,581515,431948.3077643588,521058.53690914466,-1.0,-1.8369701987210297e-16
2024-10-01,GU_Central_3,Central,GU,10,2024,1.54,1.02,1.0,7.184746446486975,116.51914592076403,77.72098759805905,8260.938675248646,4.43695359338176,70.13694164324224,0.6895,779533,581514.9648378626,670610.381987174,-0.8660254037844386,0.5000000000000001
2024-11-01,GU_Central_3,Central,GU,11,2024,1.54,1.1,1.0,9.0,122.4595983438667,80.43615885952816,8226.463749199887,4.469131975363711,67.47226812263591,0.6895,1015486,779533.493942159,768155.2369134077,-0.5000000000000004,0.8660254037844384
2024-12-01,GU_Central_3,Central,GU,12,2024,1.54,1.15,1.0,7.246897896730703,125.36330801096024,80.33817867119176,8193.138015553803,3.9039850431516707,70.78883324052659,0.6895,1045313,1015485.6125456484,832189.921779492,-2.4492935982947064e-16,1.0
2025-01-01,GU_Central_3,Central,GU,1,2025,1.6,1.08,1.0,7.853860468387317,62.302447678618776,84.37871457214816,9269.510723569962,2.0394919303864003,66.28725748248758,0.6849999999999999,1147851,1045313.3806932587,985319.0927688526,0.49999999999999994,0.8660254037844387
2025-02-01,GU_Central_3,Central,GU,2,2025,1.6,1.12,1.0,8.742022315769502,44.13302957687851,83.83204083104405,9081.334752717152,4.871827946932767,69.60109860925694,0.6849999999999999,1152035,1147851.4512403859,1006908.6337052387,0.8660254037844386,0.5000000000000001
2025-03-01,GU_Central_3,Central,GU,3,2025,1.6,1.15,1.0,9.0,40.07405170382954,82.53376991511499,8341.682306673496,3.329861714648386,67.68654645205032,0.6849999999999999,1245143,1152034.8188331218,1159307.8775419383,1.0,6.123233995736766e-17
2025-04-01,GU_Central_3,Central,GU,4,2025,1.6,1.05,1.0,8.203742139745707,32.0839283699761,80.14919068788977,9228.129990931024,5.667421318776829,79.06595861992676,0.6849999999999999,1175708,1245143.4968471662,973381.0546143183,0.8660254037844387,-0.4999999999999998
2025-05-01,GU_Central_3,Central,GU,5,2025,1.6,0.95,1.0,9.0,75.44329052809455,89.21141419852106,9128.135952248638,4.0220285570817556,75.87979102476336,0.6849999999999999,956693,1175707.915879448,900645.61219109,0.49999999999999994,-0.8660254037844387
2025-06-01,GU_Central_3,Central,GU,6,2025,1.6,0.72,1.0,6.567234580368896,99.03344595851516,83.52482960722826,8347.613197114499,3.3320359386143545,74.25218993593133,0.6849999999999999,682788,956693.4998404944,617479.2872757135,1.2246467991473532e-16,-1.0
2025-07-01,GU_Central_3,Central,GU,7,2025,1.6,0.65,1.0,7.08069389030873,124.01968677038198,84.6156637146476,9620.880844988409,3.8582575011984033,64.03875591138336,0.6849999999999999,524778,682787.8687955234,489145.91481349943,-0.4999999999999997,-0.8660254037844388
2025-08-01,GU_Central_3,Central,GU,8,2025,1.6,0.68,1.0,9.0,166.50616716222902,84.59731784819817,9240.226964886071,1.8845715863371104,73.45662844913622,0.6849999999999999,647245,524777.5242673915,431948.3077643588,-0.8660254037844385,-0.5000000000000004
2025-09-01,GU_Central_3,Central,GU,9,2025,1.6,0.82,1.0,8.013131737740169,167.92373224791706,88.28681301168625,8378.843255559595,4.320913922588773,70.75066670056775,0.6849999999999999,708329,647245.2983776841,581514.9648378626,-1.0,-1.8369701987210297e-16
2025-10-01,GU_Central_3,Central,GU,10,2025,1.6,1.02,1.0,6.485059273989602,202.61165777088365,90.79958266455291,8632.248676211984,5.553552990023581,74.89384055806458,0.6849999999999999,922152,708329.0215444224,779533.493942159,-0.8660254037844386,0.5000000000000001
2025-11-01,GU_Central_3,Central,GU,11,2025,1.6,1.1,1.0,6.412954482059352,188.7166428803892,85.47954225876606,8746.176581213671,1.8286132209252968,71.28958038050776,0.6849999999999999,939781,922152.3572663438,1015485.6125456484,-0.5000000000000004,0.8660254037844384
2025-12-01,GU_Central_3,Central,GU,12,2025,1.6,1.15,1.0,7.026871033586354,113.44031667100087,84.52899199462925,8745.856452539161,3.270072792139434,69.97312933584679,0.6849999999999999,1033384,939781.3549736119,1045313.3806932587,-2.4492935982947064e-16,1.0
2015-01-01,GU_East_1,East,GU,1,2015,1.0,1.08,1.0,8.036422425004563,122.00143123659676,46.43033445563094,5885.66636934552,7.582372193971689,64.01637532777576,0.73,381212,,,0.49999999999999994,0.8660254037844387
2015-02-01,GU_East_1,East,GU,2,2015,1.0,1.12,1.0,8.349748633798704,56.03166208788031,39.23021549263143,6060.1073018256475,6.998799827165339,62.61459651718648,0.73,419337,381212.0726656903,,0.8660254037844386,0.5000000000000001
2015-03-01,GU_East_1,East,GU,3,2015,1.0,1.15,1.0,5.472698153598906,53.497679104154344,40.44097685286567,5964.859171759203,6.614030873097848,63.276483367474164,0.73,357161,419337.45867449837,,1.0,6.123233995736766e-17
2015-04-01,GU_East_1,East,GU,4,2015,1.0,1.05,1.0,6.633522223000988,77.59041392784442,35.91069075825522,5563.6810120857435,8.46113362542962,66.74820460266552,0.73,407445,357161.15554723516,,0.8660254037844387,-0.4999999999999998
2015-05-01,GU_East_1,East,GU,5,2015,1.0,0.95,1.0,7.309097970109718,118.99987221721636,40.86166103552584,5192.866485776718,7.06410394334119,66.8943186390371,0.73,351299,407445.3618985667,,0.49999999999999994,-0.8660254037844387
2015-06-01,GU_East_1,East,GU,6,2015,1.0,0.72,1.0,8.319616958959037,158.28391370494538,34.062040615441916,5470.60388036652,7.610554198233056,67.33978691353457,0.73,209654,351299.0169000538,,1.2246467991473532e-16,-1.0
2015-07-01,GU_East_1,East,GU,7,2015,1.0,0.65,1.0,7.362188356780555,230.41503738697156,42.081093865039435,5713.549881217567,7.7369068719084835,62.16530732750801,0.73,202522,209654.1025627488,,-0.4999999999999997,-0.8660254037844388
2015-08-01,GU_East_1,East,GU,8,2015,1.0,0.68,1.0,6.849096081910798,269.253789234397,42.17328452870623,5915.8798128139115,7.029477499743545,64.21986865999445,0.73,191121,202521.53550396976,,-0.8660254037844385,-0.5000000000000004
2015-09-01,GU_East_1,East,GU,9,2015,1.0,0.82,1.0,7.299851038379157,270.5818798669762,44.07787427300953,5657.454948572201,8.660639573046991,67.3741860264882,0.73,248136,191120.98085809266,,-1.0,-1.8369701987210297e-16
2015-10-01,GU_East_1,East,GU,10,2015,1.0,1.02,1.0,7.308522601203512,256.6143281782043,36.940093843696935,5336.221092029374,6.6062865910363096,59.50513586033443,0.73,287282,248136.2891810874,,-0.8660254037844386,0.5000000000000001
2015-11-01,GU_East_1,East,GU,11,2015,1.0,1.1,1.0,5.3867428492587575,299.1103618078339,40.48168635489226,5757.100522240029,7.709300210864617,60.726332585126784,0.73,263280,287282.165260913,,-0.5000000000000004,0.8660254037844384
2015-12-01,GU_East_1,East,GU,12,2015,1.0,1.15,1.0,6.7313585510075225,188.39463477906878,41.691449678159515,5894.217957456903,7.696894165101267,62.064146652053914,0.73,347735,263280.1807945246,,-2.4492935982947064e-16,1.0
2016-01-01,GU_East_1,East,GU,1,2016,1.06,1.08,1.0,9.0,153.67493541420401,45.82684491499093,6650.824525386566,7.0565963177086815,66.39839495191762,0.7255,464297,347734.794082735,381212.0726656903,0.49999999999999994,0.8660254037844387
2016-02-01,GU_East_1,East,GU,2,2016,1.06,1.12,1.0,7.311832049347015,65.7121131504843,41.904102174595444,6103.715798457803,6.062469909382413,66.46068860287448,0.7255,501492,464297.4726545824,419337.45867449837,0.8660254037844386,0.5000000000000001
2016-03-01,GU_East_1,East,GU,3,2016,1.06,1.15,1.0,7.715996142836754,55.28628058613956,37.32405433133158,6398.367284377315,7.796654041490771,61.87654355520826,0.7255,467707,501491.5619252291,357161.15554723516,1.0,6.123233995736766e-17
2016-04-01,GU_East_1,East,GU,4,2016,1.06,1.05,1.0,7.269640432348595,56.816985354429455,45.54088089065344,6906.5193493856605,7.694808536267677,56.765562182481155,0.7255,538781,467707.11888617877,407445.3618985667,0.8660254037844387,-0.4999999999999998
2016-05-01,GU_East_1,East,GU,5,2016,1.06,0.95,1.0,4.784028777051571,98.3992777248952,44.04250096507024,5857.641986065037,6.559545177127027,63.78473577718387,0.7255,357184,538780.7201011919,351299.0169000538,0.49999999999999994,-0.8660254037844387
2016-06-01,GU_East_1,East,GU,6,2016,1.06,0.72,1.0,7.585368384461436,215.92821134629503,42.799988221115676,5538.069889924029,7.665989765764289,59.12673545068639,0.7255,231634,357183.75700005086,209654.1025627488,1.2246467991473532e-16,-1.0
2016-07-01,GU_East_1,East,GU,7,2016,1.06,0.65,1.0,7.922810488563268,206.45964786131697,46.7918360911464,7158.63728256486,7.3999261490406205,56.840255181439105,0.7255,242072,231633.66984718756,202521.53550396976,-0.4999999999999997,-0.8660254037844388
2016-08-01,GU_East_1,East,GU,8,2016,1.06,0.68,1.0,6.945668102722738,341.28479288478076,44.3652413855367,6710.136864759896,6.075510283711113,57.74451375706513,0.7255,174783,242071.70037141725,191120.98085809266,-0.8660254037844385,-0.5000000000000004
2016-09-01,GU_East_1,East,GU,9,2016,1.06,0.82,1.0,6.175095833118148,227.7787850514446,40.542414841696605,6753.028501134098,6.416856868342913,64.10552403138225,0.7255,250554,174782.93464765965,248136.2891810874,-1.0,-1.8369701987210297e-16
2016-10-01,GU_East_1,East,GU,10,2016,1.06,1.02,1.0,6.503932420041842,223.12026567900102,38.70564313271134,5995.4323618678745,8.010625155911663,68.24414944373123,0.7255,288509,250553.66978711006,287282.165260913,-0.8660254037844386,0.5000000000000001
2016-11-01,GU_East_1,East,GU,11,2016,1.06,1.1,1.0,8.477685311142498,212.53463097361305,41.1131102046005,6811.887628559992,7.34753294811364,62.95557806494497,0.7255,359151,288509.098995742,263280.1807945246,-0.5000000000000004,0.8660254037844384
2016-12-01,GU_East_1,East,GU,12,2016,1.06,1.15,1.0,9.0,166.39350197368472,51.67903688430036,6603.861909405814,6.648557643351499,63.645522618583854,0.7255,561090,359151.31669262593,347734.794082735,-2.4492935982947064e-16,1.0
2017-01-01,GU_East_1,East,GU,1,2017,1.12,1.08,1.0,9.0,127.50786651316216,51.16833032179832,6739.872912995902,6.013219287061887,68.3315797555117,0.721,523591,561089.6643586012,464297.4726545824,0.49999999999999994,0.8660254037844387
2017-02-01,GU_East_1,East,GU,2,2017,1.12,1.12,1.0,6.386784794203338,75.80620826226544,49.565837025925035,8093.747859450916,6.287684961507663,57.42218036366579,0.721,509903,523590.80270314345,501491.5619252291,0.8660254037844386,0.5000000000000001
2017-03-01,GU_East_1,East,GU,3,2017,1.12,1.15,1.0,9.0,52.50295183831017,48.455017218442585,7524.227818656108,6.344416376097836,65.68070568640108,0.721,657638,509902.6319263067,467707.11888617877,1.0,6.123233995736766e-17
2017-04-01,GU_East_1,East,GU,4,2017,1.12,1.05,1.0,7.204205149028852,69.58523835475421,48.25782118015769,7274.582538292009,6.023229573896598,63.55364086272472,0.721,485921,657638.3162788741,538780.7201011919,0.8660254037844387,-0.4999999999999998
2017-05-01,GU_East_1,East,GU,5,2017,1.12,0.95,1.0,7.301279524989467,106.63974294761704,52.50158795007729,7282.724937334332,5.306588710093358,65.86422983532827,0.721,450237,485921.43835568725,357183.75700005086,0.49999999999999994,-0.8660254037844387
2017-06-01,GU_East_1,East,GU,6,2017,1.12,0.72,1.0,7.445629282434459,144.9507258697916,47.528212774289706,6545.970465583111,7.612010629120629,61.66606436638474,0.721,320898,450236.50234813924,231633.66984718756,1.2246467991473532e-16,-1.0
2017-07-01,GU_East_1,East,GU,7,2017,1.12,0.65,1.0,8.847280339826517,194.16444533018552,50.73076123205288,7719.821792861794,7.4765069380891545,60.328250838294075,0.721,292747,320898.28581643064,242071.70037141725,-0.4999999999999997,-0.8660254037844388
2017-08-01,GU_East_1,East,GU,8,2017,1.12,0.68,1.0,9.0,305.85243513163095,47.95471614912522,7570.656066288257,5.681395638554513,64.16203561714242,0.721,244921,292747.4929952997,174782.93464765965,-0.8660254037844385,-0.5000000000000004
2017-09-01,GU_East_1,East,GU,9,2017,1.12,0.82,1.0,7.8823627144642545,203.21707302706014,54.820469895505184,7365.484263477788,6.809049036450935,70.19676529333785,0.721,343305,244921.0169375687,250553.66978711006,-1.0,-1.8369701987210297e-16
2017-10-01,GU_East_1,East,GU,10,2017,1.12,1.02,1.0,7.90271511079037,329.2836028789939,51.22686552273491,8028.138666380933,5.978209437828187,67.04364041816585,0.721,343982,343305.4182200028,288509.098995742,-0.8660254037844386,0.5000000000000001
2017-11-01,GU_East_1,East,GU,11,2017,1.12,1.1,1.0,8.557116491882951,212.47539401976502,52.73667044405088,6830.08376447955,6.490746221418772,61.56922891927964,0.721,459905,343981.8808873178,359151.31669262593,-0.5000000000000004,0.8660254037844384
2017-12-01,GU_East_1,East,GU,12,2017,1.12,1.15,1.0,8.68159344742909,148.53278311891756,47.24677067593528,7184.2727086622535,6.424186736101075,58.236111856074885,0.721,490109,459904.85488702264,561089.6643586012,-2.4492935982947064e-16,1.0
2018-01-01,GU_East_1,East,GU,1,2018,1.18,1.08,1.0,8.972131019890057,124.42795608371414,56.67440833770227,5964.675962330195,5.957732627425702,57.671730865208865,0.7165,663594,490108.73021962255,523590.80270314345,0.49999999999999994,0.8660254037844387
2018-02-01,GU_East_1,East,GU,2,2018,1.18,1.12,1.0,6.019413801168783,86.82385979116191,52.56226772381593,6221.72193607517,7.902357667261029,69.66439780740193,0.7165,568300,663593.653803314,509902.6319263067,0.8660254037844386,0.5000000000000001
2018-03-01,GU_East_1,East,GU,3,2018,1.18,1.15,1.0,7.584692979544657,65.38811250947325,53.83010447179855,6377.541188338119,5.947739452259047,60.5796708474567,0.7165,681640,568300.0555665998,657638.3162788741,1.0,6.123233995736766e-17
2018-04-01,GU_East_1,East,GU,4,2018,1.18,1.05,1.0,6.279030920710408,76.35026714207142,58.40514301185837,6540.685762687478,5.65338893994646,63.09794634802026,0.7165,617431,681640.2272801687,485921.43835568725,0.8660254037844387,-0.4999999999999998
2018-05-01,GU_East_1,East,GU,5,2018,1.18,0.95,1.0,7.499529436903737,130.25930662732682,50.37167482973074,6191.041623075066,5.6899348564023615,69.6848445043103,0.7165,440467,617430.6459629852,450236.50234813924,0.49999999999999994,-0.8660254037844387
2018-06-01,GU_East_1,East,GU,6,2018,1.18,0.72,1.0,7.289249826562908,124.74426105597458,54.1097431939162,5952.369596152666,7.135021565121404,57.94439417808404,0.7165,398001,440467.3285198036,320898.28581643064,1.2246467991473532e-16,-1.0
2018-07-01,GU_East_1,East,GU,7,2018,1.18,0.65,1.0,7.5045608270965785,206.46649380599823,54.81401577555618,7105.882804369068,4.978318134645652,70.36905803790025,0.7165,303712,398000.67201757286,292747.4929952997,-0.4999999999999997,-0.8660254037844388
2018-08-01,GU_East_1,East,GU,8,2018,1.18,0.68,1.0,6.600968706047183,228.77653986952265,55.06001314240243,7432.417763277224,5.689901666851584,63.38543818443,0.7165,255351,303712.29628546216,244921.0169375687,-0.8660254037844385,-0.5000000000000004
2018-09-01,GU_East_1,East,GU,9,2018,1.18,0.82,1.0,5.775912419930907,331.4348267110374,52.147646520719604,6411.65867931928,7.457458272089227,59.80566673904505,0.7165,275490,255350.89864882317,343305.4182200028,-1.0,-1.8369701987210297e-16
2018-10-01,GU_East_1,East,GU,10,2018,1.18,1.02,1.0,5.0473351397219375,249.75189048313416,59.75879230242424,6006.628511812978,6.495188950398117,63.41059629140435,0.7165,409416,275490.32750126196,343981.8808873178,-0.8660254037844386,0.5000000000000001
2018-11-01,GU_East_1,East,GU,11,2018,1.18,1.1,1.0,7.403243986662012,252.40566030787707,49.61520434397922,7011.134035941401,6.453537604028891,61.509612874394094,0.7165,448705,409416.1501857496,459904.85488702264,-0.5000000000000004,0.8660254037844384
2018-12-01,GU_East_1,East,GU,12,2018,1.18,1.15,1.0,7.043458844780294,181.50359495071365,57.87665616589741,5696.138979124559,8.00571716811496,66.16327919562286,0.7165,527255,448704.9074860361,490108.73021962255,-2.4492935982947064e-16,1.0
2019-01-01,GU_East_1,East,GU,1,2019,1.24,1.08,1.0,5.688874802235407,97.51324347245017,61.64519681677491,7169.352003882678,6.0970783623588,62.60747026444889,0.712,633083,527255.0366583453,663593.653803314,0.49999999999999994,0.8660254037844387
2019-02-01,GU_East_1,East,GU,2,2019,1.24,1.12,1.0,8.087058155397994,64.75359599416879,63.70266636881105,7006.747326894015,5.333451070912334,57.55343115632383,0.712,810651,633082.8978750933,568300.0555665998,0.8660254037844386,0.5000000000000001
2019-03-01,GU_East_1,East,GU,3,2019,1.24,1.15,1.0,5.468674175845627,66.86806860284369,53.23531870387654,6798.209002297131,5.674338354498921,64.31774986236404,0.712,645491,810651.3037846864,681640.2272801687,1.0,6.123233995736766e-17
2019-04-01,GU_East_1,East,GU,4,2019,1.24,1.05,1.0,8.200200898566564,62.74566495173537,55.39350553633087,7193.989095185055,4.991654152775546,59.77381979085385,0.712,695818,645490.6531989878,617430.6459629852,0.8660254037844387,-0.4999999999999998
2019-05-01,GU_East_1,East,GU,5,2019,1.24,0.95,1.0,8.448612493123107,114.09777585128406,62.475829177484925,6931.122564371567,6.904749632012558,66.01727953595328,0.712,563674,695818.4033862097,440467.3285198036,0.49999999999999994,-0.8660254037844387
2019-06-01,GU_East_1,East,GU,6,2019,1.24,0.72,1.0,4.158919439852743,148.2799595845736,52.36888253610907,7325.694508866745,6.359649374029373,60.451478670866706,0.712,354034,563674.0777045975,398000.67201757286,1.2246467991473532e-16,-1.0
2019-07-01,GU_East_1,East,GU,7,2019,1.24,0.65,1.0,6.610857750798764,213.45120651962708,53.18062329687876,7332.229725452459,6.799531319976712,63.24794878731166,0.712,296742,354034.4799547665,303712.29628546216,-0.4999999999999997,-0.8660254037844388
2019-08-01,GU_East_1,East,GU,8,2019,1.24,0.68,1.0,6.020364210996811,263.15994364422386,56.53507663986552,7040.40072441496,6.870387142839497,65.93035121685735,0.712,306422,296741.583081392,255350.89864882317,-0.8660254037844385,-0.5000000000000004
2019-09-01,GU_East_1,East,GU,9,2019,1.24,0.82,1.0,3.005835266339281,247.11960656750534,58.5759813658668,7153.268989532609,5.568631375257974,64.35016509986292,0.712,340176,306422.30380819185,275490.32750126196,-1.0,-1.8369701987210297e-16
2019-10-01,GU_East_1,East,GU,10,2019,1.24,1.02,1.0,4.766430496317903,226.81782143635462,62.77667522094632,7216.117964443181,5.144197718392888,66.20172113200418,0.712,473586,340176.1265639093,409416.1501857496,-0.8660254037844386,0.5000000000000001
2019-11-01,GU_East_1,East,GU,11,2019,1.24,1.1,1.0,7.429923328530169,233.61878411572206,57.44420225520893,7684.430727503593,5.8586295109535635,67.92114866287103,0.712,476213,473586.37821841025,448704.9074860361,-0.5000000000000004,0.8660254037844384
2019-12-01,GU_East_1,East,GU,12,2019,1.24,1.15,1.0,8.923039103253517,146.71261729846236,56.17528255580638,7253.206769520967,5.20179114336917,60.56826520107478,0.712,630391,476213.24387750274,527255.0366583453,-2.4492935982947064e-16,1.0
2020-01-01,GU_East_1,East,GU,1,2020,1.3,1.08,1.0,6.522553599459277,98.3809530642623,63.434169813089284,8663.936106381523,5.63196550032722,65.74240983750117,0.7075,757655,630391.3576517391,633082.8978750933,0.49999999999999994,0.8660254037844387
2020-02-01,GU_East_1,East,GU,2,2020,1.3,1.12,1.0,5.827698795235752,61.00351270440557,63.9087894498832,8556.436165627374,6.405677504667752,52.68198480996748,0.7075,817884,757654.5024115491,810651.3037846864,0.8660254037844386,0.5000000000000001
2020-03-01,GU_East_1,East,GU,3,2020,1.3,1.15,1.0,5.413740970262874,55.34557241081692,63.823719466510816,8550.009136633113,5.3654882831606665,66.9893332067301,0.7075,749404,817883.6854353982,645490.6531989878,1.0,6.123233995736766e-17
2020-04-01,GU_East_1,East,GU,4,2020,1.3,1.05,0.68,7.458535325797916,81.05630686810183,61.96604137614597,8917.351009683467,5.619996071926192,64.79674347850063,0.7075,405172,749404.1705470718,695818.4033862097,0.8660254037844387,-0.4999999999999998
2020-05-01,GU_East_1,East,GU,5,2020,1.3,0.95,0.68,8.017226870569347,137.30968109004607,56.63474165824555,7789.09442714212,5.424923507021306,62.06620094608812,0.7075,373271,405172.02500473784,563674.0777045975,0.49999999999999994,-0.8660254037844387
2020-06-01,GU_East_1,East,GU,6,2020,1.3,0.72,0.68,4.735128612791156,149.70686423295678,59.747152032681,8079.887925189579,6.1421820579501585,67.2628776891861,0.7075,255231,373271.27593709045,354034.4799547665,1.2246467991473532e-16,-1.0
2020-07-01,GU_East_1,East,GU,7,2020,1.3,0.65,1.0,3.03935595584783,296.25044265592874,66.76081325580239,9086.304783162586,4.965774084569368,70.69079030874028,0.7075,263655,255231.40385845272,296741.583081392,-0.4999999999999997,-0.8660254037844388
2020-08-01,GU_East_1,East,GU,8,2020,1.3,0.68,1.0,2.921514872294737,225.05860386505896,63.0612068139298,8177.027897762609,3.7428429906855207,64.09592900960423,0.7075,314963,263655.1949556153,306422.30380819185,-0.8660254037844385,-0.5000000000000004
2020-09-01,GU_East_1,East,GU,9,2020,1.3,0.82,1.0,7.025597018811942,325.50903797977054,61.53243364267883,7026.014662570147,5.876695087500305,62.22074203903312,0.7075,374880,314962.6175570011,340176.1265639093,-1.0,-1.8369701987210297e-16
2020-10-01,GU_East_1,East,GU,10,2020,1.3,1.02,1.0,5.382869579290915,236.30796920429285,65.85450564512192,8201.484568611231,6.290267537046395,66.66010104975484,0.7075,539971,374879.70480265684,473586.37821841025,-0.8660254037844386,0.5000000000000001
2020-11-01,GU_East_1,East,GU,11,2020,1.3,1.1,1.0,5.6592301207706415,194.73697813236765,59.109650102893156,8353.543111601242,5.857099395806829,60.65757333341456,0.7075,562106,539970.9206046959,476213.24387750274,-0.5000000000000004,0.8660254037844384
2020-12-01,GU_East_1,East,GU,12,2020,1.3,1.15,1.0,3.2905586366721233,149.2321448490334,61.82395559886098,7115.119420183735,4.987815603625589,63.35847451785784,0.7075,542349,562105.5539575703,630391.3576517391,-2.4492935982947064e-16,1.0
2021-01-01,GU_East_1,East,GU,1,2021,1.3599999999999999,1.08,1.0,4.09617330465384,111.1188786458948,67.4132752155221,7787.450714922045,4.1919903214511445,71.68960864660201,0.703,681969,542349.2168087974,757654.5024115491,0.49999999999999994,0.8660254037844387
2021-02-01,GU_East_1,East,GU,2,2021,1.3599999999999999,1.12,1.0,4.645423023319061,77.18230684165742,65.67586749011612,6866.009068232948,5.495598025424257,67.04871691924915,0.703,874523,681969.2509547692,817883.6854353982,0.8660254037844386,0.5000000000000001
2021-03-01,GU_East_1,East,GU,3,2021,1.3599999999999999,1.15,1.0,5.249406060036884,61.6268915184005,67.3022884687048,7335.03307880685,5.213183162347739,59.28213214421533,0.703,866809,874522.7748467725,749404.1705470718,1.0,6.123233995736766e-17
2021-04-01,GU_East_1,East,GU,4,2021,1.3599999999999999,1.05,1.0,4.5216895533034895,60.95098445797242,66.4369182057347,7085.48798156764,4.999365897873336,59.61203341088239,0.703,765635,866809.2775749433,405172.02500473784,0.8660254037844387,-0.4999999999999998
2021-05-01,GU_East_1,East,GU,5,2021,1.3599999999999999,0.95,1.0,3.755208562038389,95.37372396981068,62.80197085664238,6607.42153833065,6.557970674395032,67.4483427705871,0.703,607601,765635.3339065332,373271.27593709045,0.49999999999999994,-0.8660254037844387
2021-06-01,GU_East_1,East,GU,6,2021,1.3599999999999999,0.72,1.0,4.058519608876972,144.90070492723862,67.54443364563717,6705.45101638653,4.3425599246549345,70.24956230367074,0.703,453412,607600.7638078075,255231.40385845272,1.2246467991473532e-16,-1.0
2021-07-01,GU_East_1,East,GU,7,2021,1.3599999999999999,0.65,1.0,6.449987943136679,220.2584920798468,63.014944625461396,6766.392400580073,6.520029616901972,60.3295141654954,0.703,312567,453411.93784732104,263655.1949556153,-0.4999999999999997,-0.8660254037844388
2021-08-01,GU_East_1,East,GU,8,2021,1.3599999999999999,0.68,1.0,5.2937415435242,256.6413224530341,67.49684537529016,7675.732036105106,5.125427123896512,68.59885042998603,0.703,348483,312567.3391182435,314962.6175570011,-0.8660254037844385,-0.5000000000000004
2021-09-01,GU_East_1,East,GU,9,2021,1.3599999999999999,0.82,1.0,5.7345881683466615,240.0926305930686,71.12240747245033,7120.7874923274,3.6315436185033,72.12137402995887,0.703,468736,348483.17470940016,374879.70480265684,-1.0,-1.8369701987210297e-16
2021-10-01,GU_East_1,East,GU,10,2021,1.3599999999999999,1.02,1.0,3.9213514269472043,275.7113836008676,66.15693040817183,6952.340194524183,4.956637876544687,74.35143595183455,0.703,517438,468735.86848983314,539970.9206046959,-0.8660254037844386,0.5000000000000001
2021-11-01,GU_East_1,East,GU,11,2021,1.3599999999999999,1.1,1.0,1.4554118175192508,300.0223119600667,63.48555061008704,6766.605666306865,5.867596861279552,68.1248910394395,0.703,438816,517437.5700528054,562105.5539575703,-0.5000000000000004,0.8660254037844384
2021-12-01,GU_East_1,East,GU,12,2021,1.3599999999999999,1.15,1.0,4.372274831738604,155.2811703617542,66.61903656038506,7725.447276659225,4.807955973756023,68.8272103782099,0.703,622579,438815.5874246339,542349.2168087974,-2.4492935982947064e-16,1.0
2022-01-01,GU_East_1,East,GU,1,2022,1.42,1.08,1.0,4.399455162909583,104.71700140378063,69.00408667576441,8818.890572635266,3.520177167009283,59.06726228948742,0.6985,762937,622578.7200126091,681969.2509547692,0.49999999999999994,0.8660254037844387
2022-02-01,GU_East_1,East,GU,2,2022,1.42,1.12,1.0,5.858154550573874,76.965983239614,73.2835270078944,8693.134754417659,4.568388374563063,75.99901019198396,0.6985,863640,762937.1473825065,874522.7748467725,0.8660254037844386,0.5000000000000001
2022-03-01,GU_East_1,East,GU,3,2022,1.42,1.15,1.0,9.0,51.30594314941092,71.05603375743144,8381.596802619026,4.014262100886635,65.29803914761551,0.6985,987408,863639.52667628,866809.2775749433,1.0,6.123233995736766e-17
2022-04-01,GU_East_1,East,GU,4,2022,1.42,1.05,1.0,6.2735390493620855,78.13014376076413,76.62928975499372,8290.423518841471,5.093451520870369,63.86611536629983,0.6985,855467,987408.277980029,765635.3339065332,0.8660254037844387,-0.4999999999999998
2022-05-01,GU_East_1,East,GU,5,2022,1.42,0.95,1.0,8.722492019480365,99.92848252611212,74.98896878703201,7612.8279819104955,5.318719852854088,66.5791754622415,0.6985,865687,855467.3540109062,607600.7638078075,0.49999999999999994,-0.8660254037844387
2022-06-01,GU_East_1,East,GU,6,2022,1.42,0.72,1.0,6.121863462627517,214.169414110948,71.04075848655579,8049.381392979676,3.8549836738015144,73.64669365674172,0.6985,481828,865686.7767125973,453411.93784732104,1.2246467991473532e-16,-1.0
2022-07-01,GU_East_1,East,GU,7,2022,1.42,0.65,1.0,4.683476343132921,235.58443907910112,73.64682720391927,7852.262908493755,4.1353567559074795,76.43218419017418,0.6985,394297,481828.2676496244,312567.3391182435,-0.4999999999999997,-0.8660254037844388
2022-08-01,GU_East_1,East,GU,8,2022,1.42,0.68,1.0,5.856839121965239,240.34941240998373,70.32029077251147,7338.519550956532,5.30531397208555,68.10163471790337,0.6985,417108,394296.8839861561,348483.17470940016,-0.8660254037844385,-0.5000000000000004
2022-09-01,GU_East_1,East,GU,9,2022,1.42,0.82,1.0,7.576106147593428,255.27494862229048,71.6018706554955,8635.669538624066,4.012924577360832,71.59233669041461,0.6985,513011,417107.9841307527,468735.86848983314,-1.0,-1.8369701987210297e-16
2022-10-01,GU_East_1,East,GU,10,2022,1.42,1.02,1.0,7.634814943805666,244.5717023321189,70.41569741094906,7846.876524123128,3.834273491337603,67.772816194742,0.6985,637607,513010.96824574936,517437.5700528054,-0.8660254037844386,0.5000000000000001
2022-11-01,GU_East_1,East,GU,11,2022,1.42,1.1,1.0,4.748934986568484,270.12438878596214,73.79936787954912,8698.17385834554,3.7570470945629957,63.44881810792726,0.6985,628678,637606.8250967513,438815.5874246339,-0.5000000000000004,0.8660254037844384
2022-12-01,GU_East_1,East,GU,12,2022,1.42,1.15,1.0,5.7431602630593375,136.02747460844768,75.79896483012874,8556.785880341657,4.981630890366495,73.50697468315316,0.6985,742743,628677.7741789179,622578.7200126091,-2.4492935982947064e-16,1.0
2023-01-01,GU_East_1,East,GU,1,2023,1.48,1.08,1.0,4.784879744394626,100.77857993628032,78.39594462157343,9383.343412512555,4.547326175613971,65.91149007857445,0.694,881871,742743.0188216829,762937.1473825065,0.49999999999999994,0.8660254037844387
2023-02-01,GU_East_1,East,GU,2,2023,1.48,1.12,1.0,7.489602349629716,65.0230355597212,78.76580980385607,9408.618155320948,3.7527631756967663,74.54212309348753,0.694,1009367,881870.6163595329,863639.52667628,0.8660254037844386,0.5000000000000001
2023-03-01,GU_East_1,East,GU,3,2023,1.48,1.15,1.0,8.364025638867073,55.86822107924172,78.76910031170719,8855.929076094348,4.304068316902587,73.59416531907634,0.694,1235180,1009366.5183480406,987408.277980029,1.0,6.123233995736766e-17
2023-04-01,GU_East_1,East,GU,4,2023,1.48,1.05,1.0,6.5477593449392195,68.11762692298815,77.65376776700413,9968.852891108316,5.521705907324105,70.85614505582883,0.694,938893,1235179.723342954,855467.3540109062,0.8660254037844387,-0.4999999999999998
2023-05-01,GU_East_1,East,GU,5,2023,1.48,0.95,1.0,5.699139134767846,86.94737243264024,72.5821415223692,9152.226766956388,3.5207518744654225,75.71589902501742,0.694,769624,938892.8276162337,865686.7767125973,0.49999999999999994,-0.8660254037844387
2023-06-01,GU_East_1,East,GU,6,2023,1.48,0.72,1.0,6.932157141533075,157.9244683733942,81.1029145582495,9268.689581330933,2.7386059127916402,77.32938413274296,0.694,538621,769624.307301104,481828.2676496244,1.2246467991473532e-16,-1.0
2023-07-01,GU_East_1,East,GU,7,2023,1.48,0.65,1.0,7.000950837635799,220.65509704498504,81.41323248009527,8840.735972922528,4.664060460576296,67.69902654814275,0.694,506210,538621.4236213262,394296.8839861561,-0.4999999999999997,-0.8660254037844388
2023-08-01,GU_East_1,East,GU,8,2023,1.48,0.68,1.0,6.597372598219544,240.0284419349961,75.2983611900599,8713.795955677884,4.211679068878729,65.16482352633427,0.694,463114,506209.7483669696,417107.9841307527,-0.8660254037844385,-0.5000000000000004
2023-09-01,GU_East_1,East,GU,9,2023,1.48,0.82,1.0,6.714458149203144,308.84457054000194,74.88790625435145,9347.603526991756,3.7319799305479187,60.942920650974116,0.694,486455,463114.3678171182,513010.96824574936,-1.0,-1.8369701987210297e-16
2023-10-01,GU_East_1,East,GU,10,2023,1.48,1.02,1.0,6.291422179436755,301.54061936511954,77.83723495874612,9230.70139619997,4.8216641898839265,77.37872902172103,0.694,579712,486455.28775537724,637606.8250967513,-0.8660254037844386,0.5000000000000001
2023-11-01,GU_East_1,East,GU,11,2023,1.48,1.1,1.0,7.695145913871687,221.3662068890924,77.65243850555052,8777.611758371357,4.971380115735032,66.64127196432621,0.694,763519,579711.8547288186,628677.7741789179,-0.5000000000000004,0.8660254037844384
2023-12-01,GU_East_1,East,GU,12,2023,1.48,1.15,1.0,7.383472934198152,173.80964798863837,75.39416179374095,8485.528299578584,2.5333775840959256,72.94014742840696,0.694,891185,763518.8319284524,742743.0188216829,-2.4492935982947064e-16,1.0
2024-01-01,GU_East_1,East,GU,1,2024,1.54,1.08,1.0,6.380936395206842,75.69425924453225,76.74992303323718,7455.714287675171,3.3779216725348093,66.23497852996206,0.6895,983601,891184.5395923842,881870.6163595329,0.49999999999999994,0.8660254037844387
2024-02-01,GU_East_1,East,GU,2,2024,1.54,1.12,1.0,6.347951447989507,66.52008464904081,81.41710357224933,8565.439849663566,5.754012984957484,75.35306256364814,0.6895,1140303,983601.4367646051,1009366.5183480406,0.8660254037844386,0.5000000000000001
2024-03-01,GU_East_1,East,GU,3,2024,1.54,1.15,1.0,7.255410871347946,64.44050221076647,82.15430961452664,7751.215460380035,4.3667239326385525,66.39952963273835,0.6895,1065006,1140302.5858214616,1235179.723342954,1.0,6.123233995736766e-17
2024-04-01,GU_East_1,East,GU,4,2024,1.54,1.05,1.0,8.444864720706036,66.49522775716402,82.6774634441164,7874.6708314184425,4.44088291063772,64.43312346553063,0.6895,1117388,1065005.814343431,938892.8276162337,0.8660254037844387,-0.4999999999999998
2024-05-01,GU_East_1,East,GU,5,2024,1.54,0.95,1.0,7.738329068448799,99.61400383661505,81.54787831706263,8679.832793414145,4.838315422905183,68.365974276185,0.6895,1025396,1117387.951171878,769624.307301104,0.49999999999999994,-0.8660254037844387
2024-06-01,GU_East_1,East,GU,6,2024,1.54,0.72,1.0,6.788879679632634,225.39776093597948,79.68665455491427,7522.211924303681,3.9136550601597806,67.07289719615345,0.6895,558037,1025396.3648112677,538621.4236213262,1.2246467991473532e-16,-1.0
2024-07-01,GU_East_1,East,GU,7,2024,1.54,0.65,1.0,7.874482487850817,285.1209935905791,83.48200611851884,7700.032005399892,4.537347328073296,71.58519914184485,0.6895,480152,558037.2614158887,506209.7483669696,-0.4999999999999997,-0.8660254037844388
2024-08-01,GU_East_1,East,GU,8,2024,1.54,0.68,1.0,7.163687548353095,283.58058645842226,80.69754549269776,7681.234604120256,4.474449635069762,68.99442029122991,0.6895,525093,480152.4538758058,463114.3678171182,-0.8660254037844385,-0.5000000000000004
2024-09-01,GU_East_1,East,GU,9,2024,1.54,0.82,1.0,8.617243924048779,327.834245682162,79.10523095690584,8755.310493497285,4.331233197402207,71.71080957820769,0.6895,466350,525092.6252051349,486455.28775537724,-1.0,-1.8369701987210297e-16
2024-10-01,GU_East_1,East,GU,10,2024,1.54,1.02,1.0,7.960330293860278,176.51563348984178,79.95803985386284,8924.202252234654,3.6423904235060762,68.03591410765883,0.6895,822317,466350.2640077267,579711.8547288186,-0.8660254037844386,0.5000000000000001
2024-11-01,GU_East_1,East,GU,11,2024,1.54,1.1,1.0,7.1823263468372485,197.53827159487545,75.26209290257505,8365.383128403544,4.037647137893007,66.53957051592478,0.6895,815746,822316.5837156991,763518.8319284524,-0.5000000000000004,0.8660254037844384
2024-12-01,GU_East_1,East,GU,12,2024,1.54,1.15,1.0,7.838482698235575,156.15706159603658,79.95327452746439,8379.702802841975,3.4293107485545775,66.86575780841571,0.6895,1058956,815746.011192988,891184.5395923842,-2.4492935982947064e-16,1.0
2025-01-01,GU_East_1,East,GU,1,2025,1.6,1.08,1.0,9.0,108.0355343390353,87.06530955962401,8738.840248715724,3.5102514436531957,78.1797551921241,0.6849999999999999,1253899,1058956.495321094,983601.4367646051,0.49999999999999994,0.8660254037844387
2025-02-01,GU_East_1,East,GU,2,2025,1.6,1.12,1.0,7.316443908144347,65.78687212000756,86.01934906641769,9876.29781910638,2.5652072863205864,70.90068372890774,0.6849999999999999,1172207,1253899.0742973108,1140302.5858214616,0.8660254037844386,0.5000000000000001
2025-03-01,GU_East_1,East,GU,3,2025,1.6,1.15,1.0,8.483188377976592,34.579779151262684,89.56199251894355,9120.46331446085,2.867500806981638,62.064951162187825,0.6849999999999999,1536552,1172207.144595663,1065005.814343431,1.0,6.123233995736766e-17
2025-04-01,GU_East_1,East,GU,4,2025,1.6,1.05,1.0,7.915447591440805,75.11661544596329,84.21107525795288,9383.899619001835,3.274150366460056,67.91916394618367,0.6849999999999999,1120153,1536552.331423267,1117387.951171878,0.8660254037844387,-0.4999999999999998
2025-05-01,GU_East_1,East,GU,5,2025,1.6,0.95,1.0,8.51238042063452,121.13338935511419,86.46193948915995,8952.513777552524,2.745035654855939,70.3874641299035,0.6849999999999999,1069022,1120153.2318695574,1025396.3648112677,0.49999999999999994,-0.8660254037844387
2025-06-01,GU_East_1,East,GU,6,2025,1.6,0.72,1.0,7.214522070085123,208.3678495480675,87.37822052891731,8879.385335702027,3.0959861834038587,77.38159872500151,0.6849999999999999,592407,1069022.4631293782,558037.2614158887,1.2246467991473532e-16,-1.0
2025-07-01,GU_East_1,East,GU,7,2025,1.6,0.65,1.0,8.13240251979125,197.51280870356123,92.02857102486223,9748.369016817705,3.3688592185955875,74.1147948635596,0.6849999999999999,611276,592406.7799181341,480152.4538758058,-0.4999999999999997,-0.8660254037844388
2025-08-01,GU_East_1,East,GU,8,2025,1.6,0.68,1.0,9.0,230.40653252654894,85.43429647335292,9242.875655881691,3.821809875731502,66.31312865407234,0.6849999999999999,573950,611275.668162529,525092.6252051349,-0.8660254037844385,-0.5000000000000004
2025-09-01,GU_East_1,East,GU,9,2025,1.6,0.82,1.0,6.875591622504671,167.4406515894923,81.86743846340794,9653.118957481125,4.2594058414823275,79.67342301428981,0.6849999999999999,752089,573950.3567834736,466350.2640077267,-1.0,-1.8369701987210297e-16
2025-10-01,GU_East_1,East,GU,10,2025,1.6,1.02,1.0,6.404713876009902,253.32579046006828,87.54378626006584,9114.897677284722,3.1289725028975135,69.8753585407941,0.6849999999999999,773414,752089.2090974294,822316.5837156991,-0.8660254037844386,0.5000000000000001
2025-11-01,GU_East_1,East,GU,11,2025,1.6,1.1,1.0,6.450253322615643,254.27735584368895,90.59718206790536,8618.235058609062,4.568083693814899,74.98531924429977,0.6849999999999999,889418,773413.7653085162,815746.011192988,-0.5000000000000004,0.8660254037844384
2025-12-01,GU_East_1,East,GU,12,2025,1.6,1.15,1.0,6.595204963759773,152.58344987274347,84.03235386932013,8737.495680204132,4.2508888629003945,65.3799660104004,0.6849999999999999,1081252,889418.1650251652,1058956.495321094,-2.4492935982947064e-16,1.0
2015-01-01,GU_East_2,East,GU,1,2015,1.0,1.08,1.0,7.154310179631343,128.73932555080256,43.12008015958806,5327.481166667538,8.665681460981924,59.429113624469146,0.73,402817,,,0.49999999999999994,0.8660254037844387
2015-02-01,GU_East_2,East,GU,2,2015,1.0,1.12,1.0,7.564343128967806,90.78993393223192,41.182379531302445,4625.547953041444,6.600879100061692,63.88228583760119,0.73,447170,402817.38478284754,,0.8660254037844386,0.5000000000000001
2015-03-01,GU_East_2,East,GU,3,2015,1.0,1.15,1.0,6.7533497322136,55.49364170816496,39.63607398583126,5331.093280199427,7.003072605243817,60.829621000369556,0.73,453581,447170.4553974221,,1.0,6.123233995736766e-17
2015-04-01,GU_East_2,East,GU,4,2015,1.0,1.05,1.0,5.998101301664202,60.23848520729034,42.78421601998207,5072.149138528117,5.967304778953241,54.043863215314815,0.73,408584,453580.77085149684,,0.8660254037844387,-0.4999999999999998
2015-05-01,GU_East_2,East,GU,5,2015,1.0,0.95,1.0,6.080361505569499,109.668220464115,37.12044909335111,5380.64237148379,8.708229321018516,65.74389263706247,0.73,313289,408584.40327443037,,0.49999999999999994,-0.8660254037844387
2015-06-01,GU_East_2,East,GU,6,2015,1.0,0.72,1.0,6.530806778249135,111.88560957107791,39.325241381333946,5390.5918503863495,7.30296788591296,66.37973622256771,0.73,255169,313288.7641696241,,1.2246467991473532e-16,-1.0
2015-07-01,GU_East_2,East,GU,7,2015,1.0,0.65,1.0,6.79951097128926,222.72700684566612,39.3967361931989,6046.020116884842,7.149272889570634,69.35176811996911,0.73,187218,255168.82820295918,,-0.4999999999999997,-0.8660254037844388
2015-08-01,GU_East_2,East,GU,8,2015,1.0,0.68,1.0,6.323394022581876,297.62765422627507,36.28914022467146,5820.0614039716065,7.458013854151429,63.68857476878105,0.73,145143,187217.69028088922,,-0.8660254037844385,-0.5000000000000004
2015-09-01,GU_East_2,East,GU,9,2015,1.0,0.82,1.0,6.5230441051586565,278.4981789363124,38.740377513146925,5625.649146381562,8.00898866274426,61.00510630366987,0.73,193520,145143.0994594055,,-1.0,-1.8369701987210297e-16
2015-10-01,GU_East_2,East,GU,10,2015,1.0,1.02,1.0,4.679295367313474,253.70051762634037,33.77512095731409,5505.854241872966,7.7778907228128995,65.33995770951434,0.73,244174,193520.0465480942,,-0.8660254037844386,0.5000000000000001
2015-11-01,GU_East_2,East,GU,11,2015,1.0,1.1,1.0,7.300826341345614,241.7262887013643,45.73653414298886,5030.693572986536,9.61830737084567,65.39928146127562,0.73,346126,244174.22723327638,,-0.5000000000000004,0.8660254037844384
2015-12-01,GU_East_2,East,GU,12,2015,1.0,1.15,1.0,6.717334746667316,183.22142614312872,37.187758634691065,4525.650820023078,7.86314871072302,68.55312473254568,0.73,356458,346125.89468046336,,-2.4492935982947064e-16,1.0
2016-01-01,GU_East_2,East,GU,1,2016,1.06,1.08,1.0,8.762904668029126,84.11358654991294,49.258342394263934,6530.922005126802,6.727803656664735,62.62148950773423,0.7255,497596,356458.24508688523,402817.38478284754,0.49999999999999994,0.8660254037844387
2016-02-01,GU_East_2,East,GU,2,2016,1.06,1.12,1.0,7.560852780668323,71.95118800378499,44.614253517158474,6837.5885416081965,6.650914609980842,62.13768410972962,0.7255,456707,497595.83736336255,447170.4553974221,0.8660254037844386,0.5000000000000001
2016-03-01,GU_East_2,East,GU,3,2016,1.06,1.15,1.0,5.474583077553678,76.46227504352565,46.194592396467876,6431.249752539985,6.785792838066552,59.937822320965886,0.7255,463744,456706.5955898081,453580.77085149684,1.0,6.123233995736766e-17
2016-04-01,GU_East_2,East,GU,4,2016,1.06,1.05,1.0,7.130524744611811,56.786199503507405,43.0336006049472,6239.315554746035,5.898530460296129,64.94984834690081,0.7255,457442,463743.7585261453,408584.40327443037,0.8660254037844387,-0.4999999999999998
2016-05-01,GU_East_2,East,GU,5,2016,1.06,0.95,1.0,7.320744264037721,110.56496360840448,45.12378907588502,6689.025974346446,7.131891365993268,56.60695332707665,0.7255,379931,457441.5743383142,313288.7641696241,0.49999999999999994,-0.8660254037844387
2016-06-01,GU_East_2,East,GU,6,2016,1.06,0.72,1.0,8.45214413830014,216.9320022757029,46.45146891996531,6442.500509719094,7.726774484967134,65.90434949145026,0.7255,281817,379931.2400072264,255168.82820295918,1.2246467991473532e-16,-1.0
2016-07-01,GU_East_2,East,GU,7,2016,1.06,0.65,1.0,5.076331918363747,261.10028525986746,46.49365724318255,7238.584886388333,6.609309119501411,65.15134048746316,0.7255,194821,281816.6515110671,187217.69028088922,-0.4999999999999997,-0.8660254037844388
2016-08-01,GU_East_2,East,GU,8,2016,1.06,0.68,1.0,7.610075592118543,244.58772412975296,46.824320170223075,7034.727753930778,6.45409595497271,65.14028080983348,0.7255,252590,194820.82099477295,145143.0994594055,-0.8660254037844385,-0.5000000000000004
2016-09-01,GU_East_2,East,GU,9,2016,1.06,0.82,1.0,8.177070430731789,288.65768594414936,43.39500186988247,6911.778625660549,8.312756117035386,63.35290094600736,0.7255,251359,252589.50898417737,193520.0465480942,-1.0,-1.8369701987210297e-16
2016-10-01,GU_East_2,East,GU,10,2016,1.06,1.02,1.0,6.766874709441997,264.91090757724606,43.05892098252593,6820.980351394507,5.958813474703067,68.93191299012433,0.7255,262751,251359.33215990904,244174.22723327638,-0.8660254037844386,0.5000000000000001
2016-11-01,GU_East_2,East,GU,11,2016,1.06,1.1,1.0,7.650213783560038,198.86478737479197,39.71747102419719,5899.424663496894,5.445745298818158,66.28797386170746,0.7255,382704,262750.6309723282,346125.89468046336,-0.5000000000000004,0.8660254037844384
2016-12-01,GU_East_2,East,GU,12,2016,1.06,1.15,1.0,6.8082163608000075,166.12884689117433,46.06965703353081,6778.34716592372,6.177678445082093,60.3716912344972,0.7255,394943,382704.346833374,356458.24508688523,-2.4492935982947064e-16,1.0
2017-01-01,GU_East_2,East,GU,1,2017,1.12,1.08,1.0,7.1245124801355315,107.29656896885031,52.24713613397033,7622.16700396864,5.4676538263005625,61.243283801209415,0.721,530193,394943.3029391829,497595.83736336255,0.49999999999999994,0.8660254037844387
2017-02-01,GU_East_2,East,GU,2,2017,1.12,1.12,1.0,7.5098961798424195,72.20601814599065,53.84794503975379,7725.711450803704,7.008980851283666,60.08130474634145,0.721,573801,530192.8019234021,456706.5955898081,0.8660254037844386,0.5000000000000001
2017-03-01,GU_East_2,East,GU,3,2017,1.12,1.15,1.0,7.147169609039587,49.71358128219532,49.915517903741524,7674.494592093554,6.411436399640341,65.80513333110235,0.721,666657,573801.193301632,463743.7585261453,1.0,6.123233995736766e-17
2017-04-01,GU_East_2,East,GU,4,2017,1.12,1.05,1.0,8.820341974323599,57.408183841380904,46.70056068127429,7656.56348755931,6.524250363980928,59.599444315040174,0.721,581748,666657.1396039138,457441.5743383142,0.8660254037844387,-0.4999999999999998
2017-05-01,GU_East_2,East,GU,5,2017,1.12,0.95,1.0,7.118057747797547,111.30648300700817,43.908711570131636,8668.210234324997,7.622347341579819,67.9335685743334,0.721,376627,581747.6376725591,379931.2400072264,0.49999999999999994,-0.8660254037844387
2017-06-01,GU_East_2,East,GU,6,2017,1.12,0.72,1.0,6.916507991542487,211.2209790981053,52.12500019925005,7418.536771549317,6.146932111069779,68.89189323338218,0.721,285763,376627.2043007253,281816.6515110671,1.2246467991473532e-16,-1.0
2017-07-01,GU_East_2,East,GU,7,2017,1.12,0.65,1.0,9.0,226.76201832242995,43.61117029966739,7874.172144400879,7.320071529396513,60.083934924198196,0.721,237090,285762.98271760356,194820.82099477295,-0.4999999999999997,-0.8660254037844388
2017-08-01,GU_East_2,East,GU,8,2017,1.12,0.68,1.0,9.0,251.8142489050833,47.9781877667687,7240.874908408879,7.909058239362563,62.857805861628584,0.721,266404,237089.65276396635,252589.50898417737,-0.8660254037844385,-0.5000000000000004
2017-09-01,GU_East_2,East,GU,9,2017,1.12,0.82,1.0,5.76618396720896,311.67160381161693,48.327079516169064,7808.609035777133,6.335470001589072,63.666483925449654,0.721,246371,266404.2936678585,251359.33215990904,-1.0,-1.8369701987210297e-16
2017-10-01,GU_East_2,East,GU,10,2017,1.12,1.02,1.0,7.08227805217696,258.7017630385152,48.79163458644694,7875.514273632285,7.289618284445051,67.13593264187867,0.721,334786,246370.7078965132,262750.6309723282,-0.8660254037844386,0.5000000000000001
2017-11-01,GU_East_2,East,GU,11,2017,1.12,1.1,1.0,8.290955566067254,286.7659062786261,49.107407800107524,7616.812057738587,6.506545669976816,70.03737350243951,0.721,367189,334786.323157672,382704.346833374,-0.5000000000000004,0.8660254037844384
2017-12-01,GU_East_2,East,GU,12,2017,1.12,1.15,1.0,8.388506080677793,167.90140476576403,49.414442669102726,8203.981447097105,7.439278503072631,56.858030428525694,0.721,494447,367188.7797323259,394943.3029391829,-2.4492935982947064e-16,1.0
2018-01-01,GU_East_2,East,GU,1,2018,1.18,1.08,1.0,5.772068732895549,123.76835066105716,46.253910213764414,5949.255460610181,5.042808649938982,63.12727712989327,0.7165,508132,494447.46517112077,530192.8019234021,0.49999999999999994,0.8660254037844387
2018-02-01,GU_East_2,East,GU,2,2018,1.18,1.12,1.0,8.950938763166608,62.96803463115435,53.54396772961038,6127.930253221669,4.983590203899722,63.335933217758615,0.7165,702742,508131.56276817323,573801.193301632,0.8660254037844386,0.5000000000000001
2018-03-01,GU_East_2,East,GU,3,2018,1.18,1.15,1.0,8.550929474797773,60.22594972802796,46.81127327766437,6442.750715682939,5.986985828073967,58.797320580453814,0.7165,599352,702741.8172541044,666657.1396039138,1.0,6.123233995736766e-17
2018-04-01,GU_East_2,East,GU,4,2018,1.18,1.05,1.0,8.138942130228227,73.93511301238766,55.696654219272986,6743.5427610402685,5.588860152752183,62.45955992278376,0.7165,650959,599352.3470450413,581747.6376725591,0.8660254037844387,-0.4999999999999998
2018-05-01,GU_East_2,East,GU,5,2018,1.18,0.95,1.0,9.0,111.0506971057253,51.83462453258916,6427.9229615550885,5.886632712456091,66.11107577740245,0.7165,507888,650959.232569889,376627.2043007253,0.49999999999999994,-0.8660254037844387
2018-06-01,GU_East_2,East,GU,6,2018,1.18,0.72,1.0,8.103408162864923,155.35570441852306,47.02888982432995,6925.771243402123,6.124378734042288,63.28528438864178,0.7165,340111,507888.0604267817,285762.98271760356,1.2246467991473532e-16,-1.0
2018-07-01,GU_East_2,East,GU,7,2018,1.18,0.65,1.0,8.098957226882037,202.56218643408022,51.05738596784387,6049.419235037525,6.8760108254690016,58.22151532557035,0.7165,330934,340111.1911195306,237089.65276396635,-0.4999999999999997,-0.8660254037844388
2018-08-01,GU_East_2,East,GU,8,2018,1.18,0.68,1.0,9.0,276.21814529733183,51.789773982446036,5833.9193567025195,5.973871537147252,75.89633079203966,0.7165,272686,330933.6250163972,266404.2936678585,-0.8660254037844385,-0.5000000000000004
2018-09-01,GU_East_2,East,GU,9,2018,1.18,0.82,1.0,8.88212366865307,306.4154426072519,57.072098852665015,6485.837428413795,5.640910951501531,65.46471146081673,0.7165,353803,272686.3501832131,246370.7078965132,-1.0,-1.8369701987210297e-16
2018-10-01,GU_East_2,East,GU,10,2018,1.18,1.02,1.0,6.550851221085983,259.9402223955277,54.08991322525073,6312.4485527212055,6.018789298592881,64.8467765204267,0.7165,390197,353803.0714009119,334786.323157672,-0.8660254037844386,0.5000000000000001
2018-11-01,GU_East_2,East,GU,11,2018,1.18,1.1,1.0,8.32049438618612,233.65220241845861,54.53333483305174,6591.468351133568,5.6846837761547055,60.00829454773182,0.7165,486638,390197.1895823794,367188.7797323259,-0.5000000000000004,0.8660254037844384
2018-12-01,GU_East_2,East,GU,12,2018,1.18,1.15,1.0,6.763538733829522,167.0445501110542,57.0436649026618,6334.8486460824415,5.552795598349828,65.4428246478851,0.7165,570923,486637.7469024997,494447.46517112077,-2.4492935982947064e-16,1.0
2019-01-01,GU_East_2,East,GU,1,2019,1.24,1.08,1.0,7.104985461140333,113.65523721841052,57.711567136226535,7166.9910942192955,4.609586549138425,64.54314486383403,0.712,618030,570923.228960648,508131.56276817323,0.49999999999999994,0.8660254037844387
2019-02-01,GU_East_2,East,GU,2,2019,1.24,1.12,1.0,7.071936208423777,68.87026072327821,60.26256388309721,7286.278092724176,5.9555824929768635,57.64590634913838,0.712,823538,618029.7259101898,702741.8172541044,0.8660254037844386,0.5000000000000001
2019-03-01,GU_East_2,East,GU,3,2019,1.24,1.15,1.0,4.839839225052817,56.15096966669379,60.051583341795975,7332.982002656784,5.4450354347223575,60.91897823994234,0.712,689266,823537.581945731,599352.3470450413,1.0,6.123233995736766e-17
2019-04-01,GU_East_2,East,GU,4,2019,1.24,1.05,1.0,6.353785266426757,99.74137181043535,54.14059151929176,7182.758415068102,6.673022991387738,68.37970407069578,0.712,594662,689266.0971146879,650959.232569889,0.8660254037844387,-0.4999999999999998
2019-05-01,GU_East_2,East,GU,5,2019,1.24,0.95,1.0,6.818308428296483,117.23545621996475,62.418950732889485,7228.590579154308,4.742083126352847,72.97607060000178,0.712,514747,594662.4916265389,507888.0604267817,0.49999999999999994,-0.8660254037844387
2019-06-01,GU_East_2,East,GU,6,2019,1.24,0.72,1.0,5.976451770807012,184.26148335246228,53.739094659787916,7138.382998355742,5.466333155961697,66.66866162017219,0.712,340910,514747.14382748463,340111.1911195306,1.2246467991473532e-16,-1.0
2019-07-01,GU_East_2,East,GU,7,2019,1.24,0.65,1.0,6.877651930868912,238.71759313902407,60.752099948433546,7705.499303941084,7.350325776527,69.61233311317348,0.712,327413,340909.673149319,330933.6250163972,-0.4999999999999997,-0.8660254037844388
2019-08-01,GU_East_2,East,GU,8,2019,1.24,0.68,1.0,7.467077332401282,254.5480797120826,53.4487808892831,7407.309452027461,5.148312386321721,64.57697876566716,0.712,281009,327412.85291137535,272686.3501832131,-0.8660254037844385,-0.5000000000000004
2019-09-01,GU_East_2,East,GU,9,2019,1.24,0.82,1.0,6.463288322923093,334.34754695825006,59.80371036445502,8335.538612475795,5.710773398323101,64.8538153572776,0.712,271777,281009.11025138106,353803.0714009119,-1.0,-1.8369701987210297e-16
2019-10-01,GU_East_2,East,GU,10,2019,1.24,1.02,1.0,6.769519372049912,253.42131048201873,63.58574463445052,7392.317048075159,4.927324813739705,69.56391611047786,0.712,488259,271776.80572210165,390197.1895823794,-0.8660254037844386,0.5000000000000001
2019-11-01,GU_East_2,East,GU,11,2019,1.24,1.1,1.0,8.16010889426717,259.4498328444697,57.36106403034937,7072.114138351953,4.821257989775216,71.85110915671788,0.712,505790,488259.4775926856,486637.7469024997,-0.5000000000000004,0.8660254037844384
2019-12-01,GU_East_2,East,GU,12,2019,1.24,1.15,1.0,7.067835899870271,159.5779836487255,57.23093307144056,8521.80391868823,7.137848786470143,70.40438677386248,0.712,618741,505790.2168407459,570923.228960648,-2.4492935982947064e-16,1.0
2020-01-01,GU_East_2,East,GU,1,2020,1.3,1.08,1.0,5.680328975829547,95.8724616783801,64.33131999795054,8478.95219299923,5.636831594109718,61.73454769846072,0.7075,765407,618741.2457626105,618029.7259101898,0.49999999999999994,0.8660254037844387
2020-02-01,GU_East_2,East,GU,2,2020,1.3,1.12,1.0,4.2896445726505466,74.89690692420686,61.51181063211237,8738.376477129546,5.606943070590098,65.73216443873902,0.7075,662558,765406.8668856898,823537.581945731,0.8660254037844386,0.5000000000000001
2020-03-01,GU_East_2,East,GU,3,2020,1.3,1.15,1.0,6.244571041886798,46.720785808742306,67.95483611122846,8559.2666654689,4.142947011907022,67.11009873790518,0.7075,814871,662558.3819549795,689266.0971146879,1.0,6.123233995736766e-17
2020-04-01,GU_East_2,East,GU,4,2020,1.3,1.05,0.68,5.8355197674905055,76.71013733838774,63.076576748376084,8573.175286211766,5.786993110486643,64.96128814596989,0.7075,436011,814870.5980065044,594662.4916265389,0.8660254037844387,-0.4999999999999998
2020-05-01,GU_East_2,East,GU,5,2020,1.3,0.95,0.68,6.979827148661869,91.93813457766588,61.539491475337826,8533.864646136393,6.425937556795061,67.55143017366238,0.7075,423187,436011.409205259,514747.14382748463,0.49999999999999994,-0.8660254037844387
2020-06-01,GU_East_2,East,GU,6,2020,1.3,0.72,0.68,5.495594080184152,159.96099763208412,60.87914341631295,7796.88226887855,6.419581648662824,69.28230724667578,0.7075,274063,423186.95333234704,340909.673149319,1.2246467991473532e-16,-1.0
2020-07-01,GU_East_2,East,GU,7,2020,1.3,0.65,1.0,3.259820028059384,175.8938821967687,59.701154589480936,8458.208394430414,6.0346665836849285,70.01123900782056,0.7075,299120,274063.1451909164,327412.85291137535,-0.4999999999999997,-0.8660254037844388
2020-08-01,GU_East_2,East,GU,8,2020,1.3,0.68,1.0,3.399194785626265,377.25330015530704,60.61673503972753,7696.632736295172,4.596411537923677,72.74348060888609,0.7075,241179,299120.12045016733,281009.11025138106,-0.8660254037844385,-0.5000000000000004
2020-09-01,GU_East_2,East,GU,9,2020,1.3,0.82,1.0,6.322156744731859,210.5336984961148,61.44797981902421,8214.357046642139,5.750498733754394,64.68223558110066,0.7075,431852,241179.4401240352,271776.80572210165,-1.0,-1.8369701987210297e-16
2020-10-01,GU_East_2,East,GU,10,2020,1.3,1.02,1.0,4.755107510982395,265.384933816469,61.03708277950426,7966.292467574301,6.034067968381287,60.54386734064274,0.7075,448642,431851.87882794667,488259.4775926856,-0.8660254037844386,0.5000000000000001
2020-11-01,GU_East_2,East,GU,11,2020,1.3,1.1,1.0,5.963461129552776,262.4150236174885,60.52547417758869,8453.681906659705,4.064445131928879,67.4329383760578,0.7075,475073,448642.1420535486,505790.2168407459,-0.5000000000000004,0.8660254037844384
2020-12-01,GU_East_2,East,GU,12,2020,1.3,1.15,1.0,5.576419001623006,194.11692489639304,68.79652369105732,8443.177134329984,4.602976326814572,73.53524412473921,0.7075,631002,475072.9275056789,618741.2457626105,-2.4492935982947064e-16,1.0
2021-01-01,GU_East_2,East,GU,1,2021,1.3599999999999999,1.08,1.0,4.799792398767295,126.30254765250871,63.90971477053153,7403.695327816803,5.810525857394753,64.89209656018376,0.703,578917,631002.4795489658,765406.8668856898,0.49999999999999994,0.8660254037844387
2021-02-01,GU_East_2,East,GU,2,2021,1.3599999999999999,1.12,1.0,4.884366457294132,67.62642715538503,67.43989776293853,7316.463134709558,5.800836621337543,69.54738790825488,0.703,819450,578917.4748291554,662558.3819549795,0.8660254037844386,0.5000000000000001
2021-03-01,GU_East_2,East,GU,3,2021,1.3599999999999999,1.15,1.0,3.9615325939457278,67.34914714923082,68.77756302928262,6914.108273168589,3.8611335731028857,69.58298316989057,0.703,822045,819450.2174219898,814870.5980065044,1.0,6.123233995736766e-17
2021-04-01,GU_East_2,East,GU,4,2021,1.3599999999999999,1.05,1.0,4.9810667733203955,80.73347614217671,68.8903239867512,7069.7281067642125,5.736017167415338,67.56576818937843,0.703,767424,822045.155558912,436011.409205259,0.8660254037844387,-0.4999999999999998
2021-05-01,GU_East_2,East,GU,5,2021,1.3599999999999999,0.95,1.0,4.298607880646721,115.566633576696,66.82417877265259,7601.357949536987,5.176242719322894,66.82769888417485,0.703,625310,767423.949894544,423186.95333234704,0.49999999999999994,-0.8660254037844387
2021-06-01,GU_East_2,East,GU,6,2021,1.3599999999999999,0.72,1.0,4.553292175849155,174.06263509471012,66.27789228445808,7667.715181754948,5.724807163685721,63.10628317711443,0.703,424599,625309.9520268249,274063.1451909164,1.2246467991473532e-16,-1.0
2021-07-01,GU_East_2,East,GU,7,2021,1.3599999999999999,0.65,1.0,4.611621146349007,213.7881990401235,68.35464247371851,6671.127282590522,4.592382941252847,57.67335171031769,0.703,362591,424599.1102034663,299120.12045016733,-0.4999999999999997,-0.8660254037844388
2021-08-01,GU_East_2,East,GU,8,2021,1.3599999999999999,0.68,1.0,4.727968076121537,228.836880554878,67.7995649499346,6498.262242341778,5.616146797184721,62.35259717334388,0.703,372484,362591.0551295572,241179.4401240352,-0.8660254037844385,-0.5000000000000004
2021-09-01,GU_East_2,East,GU,9,2021,1.3599999999999999,0.82,1.0,6.106608147808504,331.9603409701061,66.22312349569746,6860.079454530349,5.775063019588499,65.2387834035532,0.703,352074,372483.79802692996,431851.87882794667,-1.0,-1.8369701987210297e-16
2021-10-01,GU_East_2,East,GU,10,2021,1.3599999999999999,1.02,1.0,4.8442510049543674,317.1540983487491,62.31436428482671,7657.523088886982,4.81893205163543,71.18969074969083,0.703,423356,352073.5008038149,448642.1420535486,-0.8660254037844386,0.5000000000000001
2021-11-01,GU_East_2,East,GU,11,2021,1.3599999999999999,1.1,1.0,6.228442803908118,194.29393286139464,65.59622883300025,7733.877490554834,5.114202036938629,66.38748775059449,0.703,646599,423356.24649697565,475072.9275056789,-0.5000000000000004,0.8660254037844384
2021-12-01,GU_East_2,East,GU,12,2021,1.3599999999999999,1.15,1.0,6.8454259415917775,164.12461383831595,63.56034950887763,6771.059330791942,4.581182696396277,64.72389712432741,0.703,689801,646599.4651814086,631002.4795489658,-2.4492935982947064e-16,1.0
2022-01-01,GU_East_2,East,GU,1,2022,1.42,1.08,1.0,6.465273409487558,109.59048996349,69.49852134980102,8298.289209181004,6.021311158948703,64.03605823218628,0.6985,845913,689801.3113338505,578917.4748291554,0.49999999999999994,0.8660254037844387
2022-02-01,GU_East_2,East,GU,2,2022,1.42,1.12,1.0,6.080702070302392,70.65734415122753,71.59966971555087,8985.494099912692,4.603782448539387,70.22722331403791,0.6985,866622,845913.4679725497,819450.2174219898,0.8660254037844386,0.5000000000000001
2022-03-01,GU_East_2,East,GU,3,2022,1.42,1.15,1.0,5.831538479600403,56.540076980135694,72.57620843198985,8346.890164757802,3.9623805398582537,73.03342866572241,0.6985,970284,866622.0803319324,822045.155558912,1.0,6.123233995736766e-17
2022-04-01,GU_East_2,East,GU,4,2022,1.42,1.05,1.0,6.4777702790802625,81.08996147150566,76.84135825387722,8799.676478354544,4.127339268900199,71.85374288746983,0.6985,899059,970283.7498052834,767423.949894544,0.8660254037844387,-0.4999999999999998
2022-05-01,GU_East_2,East,GU,5,2022,1.42,0.95,1.0,5.5465727145356665,99.4467492174227,69.88778086328855,8609.426956537045,4.80141648091369,70.02459879903387,0.6985,728941,899059.3152809263,625309.9520268249,0.49999999999999994,-0.8660254037844387
2022-06-01,GU_East_2,East,GU,6,2022,1.42,0.72,1.0,6.6208236433688175,146.67205581388097,73.82387690582546,7750.410582197092,5.302664937422569,61.69754901446824,0.6985,564005,728941.0629413428,424599.1102034663,1.2246467991473532e-16,-1.0
2022-07-01,GU_East_2,East,GU,7,2022,1.42,0.65,1.0,6.1762667945678,265.550423336004,72.41788007331351,8074.508359425967,3.631338523879582,66.19330302862491,0.6985,391927,564004.9755161535,362591.0551295572,-0.4999999999999997,-0.8660254037844388
2022-08-01,GU_East_2,East,GU,8,2022,1.42,0.68,1.0,5.007531275283713,246.60507445858724,75.38799301191936,8175.639515230983,6.178128002353958,75.38921691555869,0.6985,357800,391927.370765449,372483.79802692996,-0.8660254037844385,-0.5000000000000004
2022-09-01,GU_East_2,East,GU,9,2022,1.42,0.82,1.0,6.514360884343546,226.95251514976323,73.22868615878687,8206.860024609256,4.946940235244492,72.0878019676609,0.6985,554637,357800.4191451576,352073.5008038149,-1.0,-1.8369701987210297e-16
2022-10-01,GU_East_2,East,GU,10,2022,1.42,1.02,1.0,5.549115835393262,245.71130513582509,68.47455571814105,8572.348029047009,5.07316477837553,61.44998712706109,0.6985,616085,554636.7692120215,423356.24649697565,-0.8660254037844386,0.5000000000000001
2022-11-01,GU_East_2,East,GU,11,2022,1.42,1.1,1.0,5.3119814190854,212.91022809580159,66.33086191212631,8343.908143023586,4.6222483649412505,67.37763790720291,0.6985,613233,616084.676628484,646599.4651814086,-0.5000000000000004,0.8660254037844384
2022-12-01,GU_East_2,East,GU,12,2022,1.42,1.15,1.0,4.867900835741395,207.1850607386893,72.43378509900252,6838.7095752995,4.7154071738809,69.05239373064416,0.6985,730457,613232.8606532755,689801.3113338505,-2.4492935982947064e-16,1.0
2023-01-01,GU_East_2,East,GU,1,2023,1.48,1.08,1.0,6.699222617449487,127.53708036792918,74.41464700629882,8542.04220013579,4.181373489658077,65.35136614789512,0.694,824770,730456.7794895361,845913.4679725497,0.49999999999999994,0.8660254037844387
2023-02-01,GU_East_2,East,GU,2,2023,1.48,1.12,1.0,7.6957551384955805,83.22713662506095,73.05905876214821,8148.498911288297,5.114236775228768,59.16318391436461,0.694,891277,824769.6862046793,866622.0803319324,0.8660254037844386,0.5000000000000001
2023-03-01,GU_East_2,East,GU,3,2023,1.48,1.15,1.0,7.566728006711645,62.887778595713,72.19726688640077,9211.734681322416,4.293657130037303,68.79529618006573,0.694,989060,891276.6129600224,970283.7498052834,1.0,6.123233995736766e-17
2023-04-01,GU_East_2,East,GU,4,2023,1.48,1.05,1.0,6.924072556950748,81.08338152999154,76.48292649276146,9241.039765288007,4.913640174794168,65.24896696951825,0.694,907655,989060.0119579756,899059.3152809263,0.8660254037844387,-0.4999999999999998
2023-05-01,GU_East_2,East,GU,5,2023,1.48,0.95,1.0,7.219572368870042,100.44022027345065,80.5231230979401,9260.27155440234,3.952921981317942,65.26463304366126,0.694,845752,907654.5253331781,728941.0629413428,0.49999999999999994,-0.8660254037844387
2023-06-01,GU_East_2,East,GU,6,2023,1.48,0.72,1.0,8.02603614982707,162.99522568509218,74.77398296288187,8701.30260255594,4.456512422649852,66.98127856027698,0.694,538388,845752.0486016605,564004.9755161535,1.2246467991473532e-16,-1.0
2023-07-01,GU_East_2,East,GU,7,2023,1.48,0.65,1.0,6.320040450594966,190.73884548240875,77.77081093322596,9436.18512533151,3.656863724608463,67.86529634138076,0.694,451705,538388.2556880674,391927.370765449,-0.4999999999999997,-0.8660254037844388
2023-08-01,GU_East_2,East,GU,8,2023,1.48,0.68,1.0,5.161495995763753,256.62810876281173,75.69320094934723,9455.138446438354,5.27322258603963,68.36366882361726,0.694,409563,451705.3684936585,357800.4191451576,-0.8660254037844385,-0.5000000000000004
2023-09-01,GU_East_2,East,GU,9,2023,1.48,0.82,1.0,8.061355822614287,308.7324096192591,72.13185373268982,8568.003242785195,3.633002207424707,64.864040404312,0.694,464048,409563.2673565699,554636.7692120215,-1.0,-1.8369701987210297e-16
2023-10-01,GU_East_2,East,GU,10,2023,1.48,1.02,1.0,5.864266097563138,270.3444267331381,78.20443403053125,8473.103132375523,4.040016444590939,67.5191618814637,0.694,661481,464048.40051645186,616084.676628484,-0.8660254037844386,0.5000000000000001
2023-11-01,GU_East_2,East,GU,11,2023,1.48,1.1,1.0,5.671594251987314,268.06575551706595,72.71592386791788,9132.761064225393,4.048031670036204,61.370306518388986,0.694,666783,661480.6278675485,613232.8606532755,-0.5000000000000004,0.8660254037844384
2023-12-01,GU_East_2,East,GU,12,2023,1.48,1.15,1.0,4.344562693598538,139.23632203587408,76.06487989178069,9939.122346153526,4.016838889860985,69.64415626147232,0.694,935951,666782.9642085497,730456.7794895361,-2.4492935982947064e-16,1.0
2024-01-01,GU_East_2,East,GU,1,2024,1.54,1.08,1.0,8.246199835576977,120.40400429173044,79.47543875498408,8792.063910961957,4.47799661555435,57.774898346635375,0.6895,1077686,935950.6609284909,824769.6862046793,0.49999999999999994,0.8660254037844387
2024-02-01,GU_East_2,East,GU,2,2024,1.54,1.12,1.0,5.614917022317155,57.709764728009304,83.17923230369708,8280.711639174191,3.646673788210685,68.04203967826552,0.6895,1142796,1077686.3079636856,891276.6129600224,0.8660254037844386,0.5000000000000001
2024-03-01,GU_East_2,East,GU,3,2024,1.54,1.15,1.0,6.660349602549736,56.7910823410586,77.32554702258794,7698.681174761534,5.015139624432858,72.87674461470782,0.6895,1101833,1142796.2019061157,989060.0119579756,1.0,6.123233995736766e-17
2024-04-01,GU_East_2,East,GU,4,2024,1.54,1.05,1.0,8.266544325197891,78.89027816432902,81.67260972340588,8426.25887374243,3.2452199310958654,64.9626372509007,0.6895,1112986,1101833.0924205317,907654.5253331781,0.8660254037844387,-0.4999999999999998
2024-05-01,GU_East_2,East,GU,5,2024,1.54,0.95,1.0,8.426965674669868,108.39635687735311,77.98060777795389,7823.588757808499,4.0355019759541655,72.0657208146296,0.6895,932868,1112986.2219493494,845752.0486016605,0.49999999999999994,-0.8660254037844387
2024-06-01,GU_East_2,East,GU,6,2024,1.54,0.72,1.0,6.778615193917941,181.88839042299128,78.96668436301364,7681.801510469353,3.27937120854992,73.82293084848357,0.6895,566607,932868.3821861908,538388.2556880674,1.2246467991473532e-16,-1.0
2024-07-01,GU_East_2,East,GU,7,2024,1.54,0.65,1.0,7.399676179388934,191.75299354961342,69.5943993173797,7062.39460274267,4.236778226025173,55.96840019001045,0.6895,499739,566607.1971193557,451705.3684936585,-0.4999999999999997,-0.8660254037844388
2024-08-01,GU_East_2,East,GU,8,2024,1.54,0.68,1.0,6.513546740092437,198.8644549829622,86.77629571485373,8073.251666229012,3.887240218418584,68.59454838569704,0.6895,526677,499739.0899618709,409563.2673565699,-0.8660254037844385,-0.5000000000000004
2024-09-01,GU_East_2,East,GU,9,2024,1.54,0.82,1.0,6.902584026406402,303.3952441444877,82.15167079847869,7743.739369860749,3.775950364241217,57.696906289486904,0.6895,546416,526677.0434459059,464048.40051645186,-1.0,-1.8369701987210297e-16
2024-10-01,GU_East_2,East,GU,10,2024,1.54,1.02,1.0,7.88011848396331,334.3179035310154,78.1979575421855,8070.573347760395,4.850779973202819,68.72716621771622,0.6895,662168,546416.3005372714,661480.6278675485,-0.8660254037844386,0.5000000000000001
2024-11-01,GU_East_2,East,GU,11,2024,1.54,1.1,1.0,6.958684157224072,190.53289001029162,77.12603293500102,6992.46871366589,3.376526503155917,69.1713151560747,0.6895,860178,662167.896255818,666782.9642085497,-0.5000000000000004,0.8660254037844384
2024-12-01,GU_East_2,East,GU,12,2024,1.54,1.15,1.0,7.267602123569018,198.79929333869126,79.01305374136197,8103.601679635227,4.3692121260944,59.26982405635665,0.6895,902852,860177.7079866137,935950.6609284909,-2.4492935982947064e-16,1.0
2025-01-01,GU_East_2,East,GU,1,2025,1.6,1.08,1.0,6.24235198205892,112.72951326811571,87.15063860445835,7905.99547621222,2.884832069860166,77.69935344831946,0.6849999999999999,1087504,902851.7439319235,1077686.3079636856,0.49999999999999994,0.8660254037844387
2025-02-01,GU_East_2,East,GU,2,2025,1.6,1.12,1.0,9.0,56.779007291493066,79.32374522324523,9489.5731139703,3.590148160128299,71.1440632305385,0.6849999999999999,1183965,1087503.7228161455,1142796.2019061157,0.8660254037844386,0.5000000000000001
2025-03-01,GU_East_2,East,GU,3,2025,1.6,1.15,1.0,8.612079911805278,46.49535546864183,84.57524674211699,9234.851055360241,2.5435397374212436,66.60390627167186,0.6849999999999999,1447696,1183964.7339399369,1101833.0924205317,1.0,6.123233995736766e-17
2025-04-01,GU_East_2,East,GU,4,2025,1.6,1.05,1.0,8.951486446204642,71.17327481747978,90.31192561738803,8874.600852858388,2.9699862829546078,75.86151770999408,0.6849999999999999,1206761,1447696.069568957,1112986.2219493494,0.8660254037844387,-0.4999999999999998
2025-05-01,GU_East_2,East,GU,5,2025,1.6,0.95,1.0,9.0,105.20503356287506,81.59816099209658,9253.223937036388,3.434285563541708,62.817547117430735,0.6849999999999999,1009465,1206761.1300776338,932868.3821861908,0.49999999999999994,-0.8660254037844387
2025-06-01,GU_East_2,East,GU,6,2025,1.6,0.72,1.0,7.0097445493451405,134.91459298569237,85.24115511629097,8559.866581800854,4.951719333858462,65.08331586592674,0.6849999999999999,716127,1009464.8380497392,566607.1971193557,1.2246467991473532e-16,-1.0
2025-07-01,GU_East_2,East,GU,7,2025,1.6,0.65,1.0,7.569926620366371,167.08028015082638,91.60992944577328,9032.568982026154,3.5806430963678193,60.802177905320406,0.6849999999999999,609088,716126.7744833766,499739.0899618709,-0.4999999999999997,-0.8660254037844388
2025-08-01,GU_East_2,East,GU,8,2025,1.6,0.68,1.0,5.726198758901347,231.3384066360672,86.89645488907232,9357.648317306604,4.823734652693365,77.20418078615734,0.6849999999999999,535806,609087.6749933393,526677.0434459059,-0.8660254037844385,-0.5000000000000004
2025-09-01,GU_East_2,East,GU,9,2025,1.6,0.82,1.0,9.0,288.1399783499069,85.37777146145636,7607.569837908327,3.6762586333527345,71.32938548588801,0.6849999999999999,624194,535806.2159662895,546416.3005372714,-1.0,-1.8369701987210297e-16
2025-10-01,GU_East_2,East,GU,10,2025,1.6,1.02,1.0,7.820497621619149,264.74042025704944,86.51990936472701,8798.749038144566,3.190332604420049,72.63760715939398,0.6849999999999999,876902,624194.4360289365,662167.896255818,-0.8660254037844386,0.5000000000000001
2025-11-01,GU_East_2,East,GU,11,2025,1.6,1.1,1.0,9.0,207.15840462799738,83.79740399497089,8989.810141438084,4.731485218080555,71.20400493567391,0.6849999999999999,920797,876902.0108150784,860177.7079866137,-0.5000000000000004,0.8660254037844384
2025-12-01,GU_East_2,East,GU,12,2025,1.6,1.15,1.0,6.514206626797449,173.08755729614538,88.89889385591032,8911.667872013857,3.849614097658735,72.29507104457834,0.6849999999999999,1020544,920797.1433040374,902851.7439319235,-2.4492935982947064e-16,1.0
2015-01-01,GU_East_3,East,GU,1,2015,1.0,1.08,1.0,5.030929989973304,112.85808191501332,40.87610716519272,6010.690199240862,7.538973343515046,56.99320780591943,0.73,345732,,,0.49999999999999994,0.8660254037844387
2015-02-01,GU_East_3,East,GU,2,2015,1.0,1.12,1.0,4.870761527758938,61.917722095671834,48.2463472477302,6506.721204395016,8.413517229574408,62.08642219036674,0.73,487332,345732.3121970721,,0.8660254037844386,0.5000000000000001
2015-03-01,GU_East_3,East,GU,3,2015,1.0,1.15,1.0,8.409458349058752,50.38516254255033,40.19976648070877,5537.003308777539,8.40283662202495,65.31709474626587,0.73,466321,487331.73361664533,,1.0,6.123233995736766e-17
2015-04-01,GU_East_3,East,GU,4,2015,1.0,1.05,1.0,7.151329608695074,118.71086535106305,40.185364810688945,5860.379586345017,7.58870440231427,62.619401793241536,0.73,354102,466320.75702623156,,0.8660254037844387,-0.4999999999999998
2015-05-01,GU_East_3,East,GU,5,2015,1.0,0.95,1.0,6.668352110840653,129.11289176856803,42.36549684205306,5241.48133038116,9.107127535276902,63.15721854349505,0.73,352538,354102.47450843226,,0.49999999999999994,-0.8660254037844387
2015-06-01,GU_East_3,East,GU,6,2015,1.0,0.72,1.0,5.712107643983694,189.69966932296813,40.123242592284264,5515.846366036679,7.41614370724763,66.56732371094493,0.73,229479,352537.65336671646,,1.2246467991473532e-16,-1.0
2015-07-01,GU_East_3,East,GU,7,2015,1.0,0.65,1.0,7.589134173256122,203.06114140564904,34.878322016288344,5427.675885253924,7.389145901282071,59.04345376307719,0.73,187662,229478.77773113694,,-0.4999999999999997,-0.8660254037844388
2015-08-01,GU_East_3,East,GU,8,2015,1.0,0.68,1.0,5.510933072759056,327.3845982303551,43.396862124516815,5865.800843519001,5.4460512722088,61.12011965330788,0.73,166372,187661.72756464468,,-0.8660254037844385,-0.5000000000000004
2015-09-01,GU_East_3,East,GU,9,2015,1.0,0.82,1.0,7.452367153196123,326.17545527530336,33.99115475840442,6049.28384806325,7.142109640671028,68.5384220470448,0.73,181890,166372.13964951414,,-1.0,-1.8369701987210297e-16
2015-10-01,GU_East_3,East,GU,10,2015,1.0,1.02,1.0,5.452986468073236,339.7878365753487,38.749625046584974,5457.834994869777,8.181612027926796,61.212755507609494,0.73,226366,181890.37572314742,,-0.8660254037844386,0.5000000000000001
2015-11-01,GU_East_3,East,GU,11,2015,1.0,1.1,1.0,5.726590757749194,285.5926353861879,43.622277247469945,6197.309957552448,8.751169069487764,56.930652136133716,0.73,273741,226366.42159986703,,-0.5000000000000004,0.8660254037844384
2015-12-01,GU_East_3,East,GU,12,2015,1.0,1.15,1.0,7.409938863341505,130.72694993994244,38.930372714071645,6195.7010256753665,6.835812293066172,59.32257561499882,0.73,365540,273740.89557163016,,-2.4492935982947064e-16,1.0
2016-01-01,GU_East_3,East,GU,1,2016,1.06,1.08,1.0,8.597252984766742,93.35469658026555,42.41891052260679,6861.084184431005,7.469801863434438,59.047280595115026,0.7255,457007,365540.0007709567,345732.3121970721,0.49999999999999994,0.8660254037844387
2016-02-01,GU_East_3,East,GU,2,2016,1.06,1.12,1.0,8.277627692455935,60.31403839623258,47.13779171549968,6247.788060725272,7.93750322585863,64.22865034280508,0.7255,549618,457007.37430224847,487331.73361664533,0.8660254037844386,0.5000000000000001
2016-03-01,GU_East_3,East,GU,3,2016,1.06,1.15,1.0,6.301051232871667,48.07089859600753,41.94665563949684,6204.677032467094,7.108966522556719,59.21621198564488,0.7255,491507,549618.0117062776,466320.75702623156,1.0,6.123233995736766e-17
2016-04-01,GU_East_3,East,GU,4,2016,1.06,1.05,1.0,7.024587932912427,74.45017255419563,40.83332284122414,6114.428390389533,5.273375633978215,63.88413701144498,0.7255,446344,491507.2321514579,354102.47450843226,0.8660254037844387,-0.4999999999999998
2016-05-01,GU_East_3,East,GU,5,2016,1.06,0.95,1.0,7.748938661218037,102.47770200479027,45.32354196247985,6907.124731607222,7.297831999659402,59.855739125837395,0.7255,401212,446343.8621164822,352537.65336671646,0.49999999999999994,-0.8660254037844387
2016-06-01,GU_East_3,East,GU,6,2016,1.06,0.72,1.0,6.541523017487711,220.22948322721547,43.951230104762224,5934.704306629836,7.709144499248714,54.306485846407085,0.7255,244025,401212.2257178844,229478.77773113694,1.2246467991473532e-16,-1.0
2016-07-01,GU_East_3,East,GU,7,2016,1.06,0.65,1.0,9.0,287.99724403794306,40.768980657433474,6784.576944350003,6.342061683985232,64.02647914792769,0.7255,190017,244024.81707767065,187661.72756464468,-0.4999999999999997,-0.8660254037844388
2016-08-01,GU_East_3,East,GU,8,2016,1.06,0.68,1.0,4.678323839039166,264.7380018554259,46.41085761998461,5993.500793479199,6.8966763753004905,63.393854726187556,0.7255,221164,190017.4837748328,166372.13964951414,-0.8660254037844385,-0.5000000000000004
2016-09-01,GU_East_3,East,GU,9,2016,1.06,0.82,1.0,6.626172753336838,362.1237010782912,45.8934628167317,6850.595753928938,6.175603166296988,64.87103126283536,0.7255,214533,221164.06774760564,181890.37572314742,-1.0,-1.8369701987210297e-16
2016-10-01,GU_East_3,East,GU,10,2016,1.06,1.02,1.0,6.949180368336023,324.14704600652414,43.4207349501831,6487.748812228802,5.0438819611357175,60.10805112333897,0.7255,312854,214532.95524788386,226366.42159986703,-0.8660254037844386,0.5000000000000001
2016-11-01,GU_East_3,East,GU,11,2016,1.06,1.1,1.0,4.1479277740537,208.8562596116441,43.62600398162516,7080.137352836972,7.921603529430125,59.68182209856249,0.7255,336986,312853.83275238547,273740.89557163016,-0.5000000000000004,0.8660254037844384
2016-12-01,GU_East_3,East,GU,12,2016,1.06,1.15,1.0,5.885185215496392,117.36777333055586,45.91117822602747,6993.654560244622,7.097001172958518,64.40586743392618,0.7255,447184,336985.9949452373,365540.0007709567,-2.4492935982947064e-16,1.0
2017-01-01,GU_East_3,East,GU,1,2017,1.12,1.08,1.0,8.750347415050483,108.33813113265974,52.571084259256196,8098.599758428631,7.978139997363987,69.67607829012393,0.721,523153,447184.3050407073,457007.37430224847,0.49999999999999994,0.8660254037844387
2017-02-01,GU_East_3,East,GU,2,2017,1.12,1.12,1.0,8.036340363863557,64.13943064773976,48.151620369672024,8110.1887462577815,7.385857753524942,63.64467203802531,0.721,518438,523152.79434253654,549618.0117062776,0.8660254037844386,0.5000000000000001
2017-03-01,GU_East_3,East,GU,3,2017,1.12,1.15,1.0,9.0,57.73464725122498,50.964065479024434,7517.454198322369,6.416632190667641,65.29834038418858,0.721,602251,518437.88217993587,491507.2321514579,1.0,6.123233995736766e-17
2017-04-01,GU_East_3,East,GU,4,2017,1.12,1.05,1.0,9.0,71.95550502413562,50.6956006512538,6931.363443136608,6.6334554719164736,62.313649262297176,0.721,542002,602250.544245846,446343.8621164822,0.8660254037844387,-0.4999999999999998
2017-05-01,GU_East_3,East,GU,5,2017,1.12,0.95,1.0,8.519655654324737,113.05869666950704,51.63792187812693,6979.18494827886,7.152941912616138,57.425477912505265,0.721,488130,542002.3686708462,401212.2257178844,0.49999999999999994,-0.8660254037844387
2017-06-01,GU_East_3,East,GU,6,2017,1.12,0.72,1.0,8.375885898800854,181.19685548275496,49.117927596230395,6513.738484835509,7.473506733404595,67.46971767661623,0.721,299644,488129.5928881355,244024.81707767065,1.2246467991473532e-16,-1.0
2017-07-01,GU_East_3,East,GU,7,2017,1.12,0.65,1.0,8.07911733029468,183.2592625779884,46.26302345780093,6965.170697985039,6.958136504593609,67.23365695634465,0.721,263178,299643.50889891863,190017.4837748328,-0.4999999999999997,-0.8660254037844388
2017-08-01,GU_East_3,East,GU,8,2017,1.12,0.68,1.0,4.813901578544613,281.34609818673124,47.612502540400094,7483.790968994773,7.584474516231587,66.44309610070077,0.721,221235,263178.1580628142,221164.06774760564,-0.8660254037844385,-0.5000000000000004
2017-09-01,GU_East_3,East,GU,9,2017,1.12,0.82,1.0,6.3265285840087095,261.53612157328575,50.02856039734495,7200.9759416563575,6.462665010660423,62.872218246630325,0.721,283445,221234.841158556,214532.95524788386,-1.0,-1.8369701987210297e-16
2017-10-01,GU_East_3,East,GU,10,2017,1.12,1.02,1.0,8.120810603718722,272.9439830389178,54.45539313514478,7371.759301043247,5.902285162571451,65.98822439895416,0.721,438811,283445.0403581947,312853.83275238547,-0.8660254037844386,0.5000000000000001
2017-11-01,GU_East_3,East,GU,11,2017,1.12,1.1,1.0,8.739230850497206,256.16897079980157,47.54794113041117,7674.542261785311,6.648152597151096,67.17504718955132,0.721,373473,438810.8787380882,336985.9949452373,-0.5000000000000004,0.8660254037844384
2017-12-01,GU_East_3,East,GU,12,2017,1.12,1.15,1.0,8.34760377456577,137.14512571483004,51.4143623305822,7315.990956898089,6.8641479125889475,70.08063473982683,0.721,541480,373473.0368273826,447184.3050407073,-2.4492935982947064e-16,1.0
2018-01-01,GU_East_3,East,GU,1,2018,1.18,1.08,1.0,6.489702210521032,107.27426663515124,52.51583064796972,5842.356716786706,5.33877168420857,68.35410441858977,0.7165,540010,541479.6888576065,523152.79434253654,0.49999999999999994,0.8660254037844387
2018-02-01,GU_East_3,East,GU,2,2018,1.18,1.12,1.0,8.685547710743215,69.74267353111921,53.83140626765841,6323.224526568824,5.230622332682702,64.65528490013456,0.7165,708074,540009.5463053709,518437.88217993587,0.8660254037844386,0.5000000000000001
2018-03-01,GU_East_3,East,GU,3,2018,1.18,1.15,1.0,9.0,51.68014063880662,58.046190247790776,5942.858957924588,6.657909037178742,59.16698697830252,0.7165,676208,708074.2145302858,602250.544245846,1.0,6.123233995736766e-17
2018-04-01,GU_East_3,East,GU,4,2018,1.18,1.05,1.0,8.68624769212943,80.58903467290176,55.7928777442613,6225.32575333179,5.9749145189036605,65.02263319068697,0.7165,587474,676208.1462237813,542002.3686708462,0.8660254037844387,-0.4999999999999998
2018-05-01,GU_East_3,East,GU,5,2018,1.18,0.95,1.0,8.748179367288387,99.89747557215208,49.77610218177713,6951.429310962721,6.167327275470398,65.42630958339724,0.7165,501618,587473.6852138296,488129.5928881355,0.49999999999999994,-0.8660254037844387
2018-06-01,GU_East_3,East,GU,6,2018,1.18,0.72,1.0,6.889589214233568,154.00390993405307,51.782574928565225,6225.45229012909,6.012245867439341,67.23611910127322,0.7165,369080,501617.904185426,299643.50889891863,1.2246467991473532e-16,-1.0
2018-07-01,GU_East_3,East,GU,7,2018,1.18,0.65,1.0,8.85178111902078,200.14671713281064,57.26866403332408,7144.110575978854,7.516480721410569,69.81556743729371,0.7165,326622,369079.95242866164,263178.1580628142,-0.4999999999999997,-0.8660254037844388
2018-08-01,GU_East_3,East,GU,8,2018,1.18,0.68,1.0,7.735570538973009,308.40320343337225,53.92563412788549,6991.415871094455,7.3094089283159995,64.01939795177289,0.7165,236632,326622.15417709615,221234.841158556,-0.8660254037844385,-0.5000000000000004
2018-09-01,GU_East_3,East,GU,9,2018,1.18,0.82,1.0,8.174526806006227,259.3173472786869,50.05347964115241,6086.492288111799,5.3101170479686655,72.80394875925245,0.7165,304928,236632.28522976045,283445.0403581947,-1.0,-1.8369701987210297e-16
2018-10-01,GU_East_3,East,GU,10,2018,1.18,1.02,1.0,7.999178383169472,283.2812937968277,51.04314266507884,5847.17398208527,5.873765429535642,57.362851919837695,0.7165,430334,304928.4941139264,438810.8787380882,-0.8660254037844386,0.5000000000000001
2018-11-01,GU_East_3,East,GU,11,2018,1.18,1.1,1.0,7.414875645251327,290.38369140133045,55.61048056813352,6323.530304108282,6.980003414375674,66.07736748984651,0.7165,422564,430334.3690224449,373473.0368273826,-0.5000000000000004,0.8660254037844384
2018-12-01,GU_East_3,East,GU,12,2018,1.18,1.15,1.0,6.528657201633059,166.11457580716524,56.48323084365289,6866.177170500969,6.781548989682594,61.205918431263896,0.7165,528431,422563.51161507657,541479.6888576065,-2.4492935982947064e-16,1.0
2019-01-01,GU_East_3,East,GU,1,2019,1.24,1.08,1.0,6.401436003735144,130.68261942455703,58.05356590444652,7099.414092196941,5.866833630136171,57.57111200124479,0.712,642993,528430.6132935301,540009.5463053709,0.49999999999999994,0.8660254037844387
2019-02-01,GU_East_3,East,GU,2,2019,1.24,1.12,1.0,7.684113940979387,88.80636809015851,65.4259414028083,7728.640634217813,4.989919836028612,64.39290249480337,0.712,801652,642992.9955168104,708074.2145302858,0.8660254037844386,0.5000000000000001
2019-03-01,GU_East_3,East,GU,3,2019,1.24,1.15,1.0,5.970229033624508,64.62840910433948,60.472457090366916,7863.79799511109,5.353967963077164,59.37130920631618,0.712,768078,801652.3929097898,676208.1462237813,1.0,6.123233995736766e-17
2019-04-01,GU_East_3,East,GU,4,2019,1.24,1.05,1.0,7.5720167151297755,70.82620776992653,57.2695567911013,6971.688457336678,5.486585945962968,64.55428840786874,0.712,629602,768077.997611192,587473.6852138296,0.8660254037844387,-0.4999999999999998
2019-05-01,GU_East_3,East,GU,5,2019,1.24,0.95,1.0,7.384484804741206,122.7874103511767,55.55288185570197,7015.777010269987,6.121595464895281,65.33907699237783,0.712,485853,629601.7377391097,501617.904185426,0.49999999999999994,-0.8660254037844387
2019-06-01,GU_East_3,East,GU,6,2019,1.24,0.72,1.0,6.141275123576204,135.5580594529893,55.07534708608288,7640.697914457004,7.2629817237577905,69.6741656373438,0.712,372810,485852.97492651694,369079.95242866164,1.2246467991473532e-16,-1.0
2019-07-01,GU_East_3,East,GU,7,2019,1.24,0.65,1.0,8.166560124343492,197.7905498861616,59.00626396144111,7388.3313973385575,5.350495812169498,59.16965946094425,0.712,346115,372809.6099433371,326622.15417709615,-0.4999999999999997,-0.8660254037844388
2019-08-01,GU_East_3,East,GU,8,2019,1.24,0.68,1.0,6.073343994571153,240.9594742987684,56.53366886525978,7011.272313055195,5.079171801955808,68.8337806625831,0.712,303373,346114.6464559445,236632.28522976045,-0.8660254037844385,-0.5000000000000004
2019-09-01,GU_East_3,East,GU,9,2019,1.24,0.82,1.0,8.311456235135157,374.10570904731986,63.02123126195028,7161.518798346036,5.813130818537646,65.59232180111918,0.712,359195,303372.94769706216,304928.4941139264,-1.0,-1.8369701987210297e-16
2019-10-01,GU_East_3,East,GU,10,2019,1.24,1.02,1.0,7.020952377849167,232.6952390859005,62.39893540875358,7288.266201272512,6.725391184411247,69.31539661443838,0.712,457041,359194.7953827808,430334.3690224449,-0.8660254037844386,0.5000000000000001
2019-11-01,GU_East_3,East,GU,11,2019,1.24,1.1,1.0,6.480960897855784,196.19678115760254,59.89919964249168,6615.815508769893,4.742493626591438,63.47299529987549,0.712,584188,457041.48290825915,422563.51161507657,-0.5000000000000004,0.8660254037844384
2019-12-01,GU_East_3,East,GU,12,2019,1.24,1.15,1.0,5.434638343594815,141.6931912977256,54.463011481129314,7664.539397917064,7.062907320699958,59.87102165294622,0.712,530629,584188.3125832159,528430.6132935301,-2.4492935982947064e-16,1.0
2020-01-01,GU_East_3,East,GU,1,2020,1.3,1.08,1.0,5.333427552058129,121.40483760043678,60.48334338234279,8077.4088380051435,5.362374910307464,61.13000269513653,0.7075,650876,530628.983682406,642992.9955168104,0.49999999999999994,0.8660254037844387
2020-02-01,GU_East_3,East,GU,2,2020,1.3,1.12,1.0,5.194828412026875,72.52418288526931,66.2670325772233,7040.148022318635,4.912543998149301,60.83277018533153,0.7075,747208,650875.5500222304,801652.3929097898,0.8660254037844386,0.5000000000000001
2020-03-01,GU_East_3,East,GU,3,2020,1.3,1.15,1.0,3.9293841659190925,65.12877540702314,60.81080140061469,8282.078387288526,4.219848570590273,67.91125661168262,0.7075,664687,747208.2660930271,768077.997611192,1.0,6.123233995736766e-17
2020-04-01,GU_East_3,East,GU,4,2020,1.3,1.05,0.68,5.178201320958978,78.15458924886354,65.86642520175857,7959.113256525701,6.0652166187365015,71.9076880888588,0.7075,458859,664686.727130686,629601.7377391097,0.8660254037844387,-0.4999999999999998
2020-05-01,GU_East_3,East,GU,5,2020,1.3,0.95,0.68,4.474776012103677,88.80945057503567,63.92381176910428,9052.790309563985,5.363063043806772,63.74019389337912,0.7075,362453,458859.18166970304,485852.97492651694,0.49999999999999994,-0.8660254037844387
2020-06-01,GU_East_3,East,GU,6,2020,1.3,0.72,0.68,6.142529950994717,147.65660019573866,62.65515365443956,8029.370063613794,5.636564386203606,68.51654119303113,0.7075,285716,362453.34234744834,372809.6099433371,1.2246467991473532e-16,-1.0
2020-07-01,GU_East_3,East,GU,7,2020,1.3,0.65,1.0,7.006876399094023,269.8750459420676,60.39150156119368,7798.880809417405,4.779350607190909,59.90623176745752,0.7075,291837,285715.6387373061,346114.6464559445,-0.4999999999999997,-0.8660254037844388
2020-08-01,GU_East_3,East,GU,8,2020,1.3,0.68,1.0,3.96704101666589,256.91389719547027,62.21726846942575,8521.390024510687,5.244723172599181,66.7212849967092,0.7075,309009,291837.32944199035,303372.94769706216,-0.8660254037844385,-0.5000000000000004
2020-09-01,GU_East_3,East,GU,9,2020,1.3,0.82,1.0,7.494109102260486,329.87885635675656,63.06894386462469,7995.619007424367,5.1107350029162095,68.6742504653485,0.7075,375339,309009.00985044247,359194.7953827808,-1.0,-1.8369701987210297e-16
2020-10-01,GU_East_3,East,GU,10,2020,1.3,1.02,1.0,5.285078586958023,259.0451432799902,65.59761669490337,7942.065032464275,5.419525515697434,60.207500898892526,0.7075,535659,375338.7789641971,457041.48290825915,-0.8660254037844386,0.5000000000000001
2020-11-01,GU_East_3,East,GU,11,2020,1.3,1.1,1.0,4.269314166293962,191.48674400950568,59.84279319809873,8522.095945298763,4.964358138899351,65.18446612408059,0.7075,538787,535659.4519950094,584188.3125832159,-0.5000000000000004,0.8660254037844384
2020-12-01,GU_East_3,East,GU,12,2020,1.3,1.15,1.0,6.348645564469999,160.35782840279902,61.71154947242165,7824.610034477475,4.272655231450223,68.86366856194226,0.7075,671820,538786.7411051316,530628.983682406,-2.4492935982947064e-16,1.0
2021-01-01,GU_East_3,East,GU,1,2021,1.3599999999999999,1.08,1.0,4.464254626093942,95.73676343476511,67.13446939579686,6531.406530782715,7.282799796237285,55.06491741108209,0.703,792579,671820.4422184554,650875.5500222304,0.49999999999999994,0.8660254037844387
2021-02-01,GU_East_3,East,GU,2,2021,1.3599999999999999,1.12,1.0,4.901915988762207,64.98158056187397,68.9880350730585,7963.878777914921,4.009276602129988,72.14181224680696,0.703,792473,792578.9849301958,747208.2660930271,0.8660254037844386,0.5000000000000001
2021-03-01,GU_East_3,East,GU,3,2021,1.3599999999999999,1.15,1.0,4.514866106945505,57.68777593514806,64.27460698743167,7447.954108892759,5.245167205554031,68.21471750356419,0.703,734287,792473.2683410192,664686.727130686,1.0,6.123233995736766e-17
2021-04-01,GU_East_3,East,GU,4,2021,1.3599999999999999,1.05,1.0,4.01991448176212,76.4541445700301,63.050290621338355,7068.285498725005,3.682377737260766,69.66691059086936,0.703,693357,734287.3151124709,458859.18166970304,0.8660254037844387,-0.4999999999999998
2021-05-01,GU_East_3,East,GU,5,2021,1.3599999999999999,0.95,1.0,5.868796438882285,85.28478576932778,69.02189545513015,7185.614932606598,3.50236205070562,65.14912288322094,0.703,648792,693357.4159481904,362453.34234744834,0.49999999999999994,-0.8660254037844387
2021-06-01,GU_East_3,East,GU,6,2021,1.3599999999999999,0.72,1.0,4.656438316526975,167.56232621077072,62.44615265515989,7414.818638124739,5.178261193481814,59.909110073738574,0.703,457984,648791.6156633883,285715.6387373061,1.2246467991473532e-16,-1.0
2021-07-01,GU_East_3,East,GU,7,2021,1.3599999999999999,0.65,1.0,3.276017849384905,204.2897112851923,70.8549391442865,7625.181529298508,5.239494070214643,68.9362518252678,0.703,386780,457983.91889894364,291837.32944199035,-0.4999999999999997,-0.8660254037844388
2021-08-01,GU_East_3,East,GU,8,2021,1.3599999999999999,0.68,1.0,5.661272149059119,239.2208579327225,66.53222170755127,6846.990795880713,6.109199192641906,66.46963869833395,0.703,413451,386779.65415276564,309009.00985044247,-0.8660254037844385,-0.5000000000000004
2021-09-01,GU_East_3,East,GU,9,2021,1.3599999999999999,0.82,1.0,3.553301178771494,285.57275400358924,62.35740675317666,7351.945613657026,5.419637472812564,66.92846182172929,0.703,357425,413450.97678942385,375338.7789641971,-1.0,-1.8369701987210297e-16
2021-10-01,GU_East_3,East,GU,10,2021,1.3599999999999999,1.02,1.0,3.6160877927896893,243.11480890288817,65.55873934178952,6959.162797677862,4.980151425003367,71.15042794079581,0.703,517917,357425.37516270165,535659.4519950094,-0.8660254037844386,0.5000000000000001
2021-11-01,GU_East_3,East,GU,11,2021,1.3599999999999999,1.1,1.0,6.431127445972779,270.43983662684826,68.13737089920771,7102.138116941788,4.340319804747996,69.84825549545039,0.703,575192,517917.1687262667,538786.7411051316,-0.5000000000000004,0.8660254037844384
2021-12-01,GU_East_3,East,GU,12,2021,1.3599999999999999,1.15,1.0,3.564392120947746,197.9391592815267,65.40189673733506,7259.491467331676,6.299209654586838,74.48494966835845,0.703,639149,575192.4896544011,671820.4422184554,-2.4492935982947064e-16,1.0
2022-01-01,GU_East_3,East,GU,1,2022,1.42,1.08,1.0,2.6596059999071904,131.85471533822627,71.56008924647304,8156.994642125949,5.4430809968401785,68.21541691549399,0.6985,644546,639149.067731082,792578.9849301958,0.49999999999999994,0.8660254037844387
2022-02-01,GU_East_3,East,GU,2,2022,1.42,1.12,1.0,6.186773610173974,65.73397852148086,73.72023509711586,8491.005104235808,3.7029364178012596,64.83515024883553,0.6985,808974,644545.6119241606,792473.2683410192,0.8660254037844386,0.5000000000000001
2022-03-01,GU_East_3,East,GU,3,2022,1.42,1.15,1.0,5.0747037128428225,47.91500978667769,70.89342899383715,8379.188951601669,4.730370982568507,66.84633261236509,0.6985,888066,808974.3492671112,734287.3151124709,1.0,6.123233995736766e-17
2022-04-01,GU_East_3,East,GU,4,2022,1.42,1.05,1.0,5.17815368285444,71.87883695101476,68.6888269706016,7481.323855782171,4.815241785221197,69.26265349015442,0.6985,740240,888066.1549212575,693357.4159481904,0.8660254037844387,-0.4999999999999998
2022-05-01,GU_East_3,East,GU,5,2022,1.42,0.95,1.0,5.061939356199939,109.4741474463907,70.60304800788448,7548.979556820203,4.423477074715464,71.6634260759719,0.6985,748877,740239.8910218191,648791.6156633883,0.49999999999999994,-0.8660254037844387
2022-06-01,GU_East_3,East,GU,6,2022,1.42,0.72,1.0,5.717343755042651,152.65765630693122,75.74452040937778,7993.62749185797,5.317480388645436,61.73186419424512,0.6985,576633,748877.3873178436,457983.91889894364,1.2246467991473532e-16,-1.0
2022-07-01,GU_East_3,East,GU,7,2022,1.42,0.65,1.0,4.536076737936497,184.4953225919901,76.55519303599955,8982.881368098473,5.365386510678541,67.63415046071667,0.6985,392485,576632.6301799613,386779.65415276564,-0.4999999999999997,-0.8660254037844388
2022-08-01,GU_East_3,East,GU,8,2022,1.42,0.68,1.0,7.210677677699096,263.3445380478269,65.44022147817317,7776.78367537393,4.547611441755914,74.03816662815348,0.6985,406256,392484.8940499883,413450.97678942385,-0.8660254037844385,-0.5000000000000004
2022-09-01,GU_East_3,East,GU,9,2022,1.42,0.82,1.0,3.667863251848901,263.0290830893961,74.77308372757443,8066.299780673913,4.475304603361873,66.63916451598992,0.6985,471404,406256.2815681824,357425.37516270165,-1.0,-1.8369701987210297e-16
2022-10-01,GU_East_3,East,GU,10,2022,1.42,1.02,1.0,5.973189728232727,292.3561077048858,72.25044314810607,7918.644287869217,5.899166770134025,71.32404741947641,0.6985,512280,471404.48280955123,517917.1687262667,-0.8660254037844386,0.5000000000000001
2022-11-01,GU_East_3,East,GU,11,2022,1.42,1.1,1.0,6.20988503287208,246.34756333112168,74.27194803736045,7910.680027160016,5.4462711138897895,69.57247010886401,0.6985,663589,512280.45597704453,575192.4896544011,-0.5000000000000004,0.8660254037844384
2022-12-01,GU_East_3,East,GU,12,2022,1.42,1.15,1.0,4.527757715220126,195.74015509665244,69.84853521919712,8240.207884756926,4.757888311926707,71.42344242609991,0.6985,668005,663588.9052818951,639149.067731082,-2.4492935982947064e-16,1.0
2023-01-01,GU_East_3,East,GU,1,2023,1.48,1.08,1.0,5.271518665666618,90.84383472841536,70.69520947149555,9763.170097315558,2.9966327687359566,65.16095783360028,0.694,861322,668004.5513927774,644545.6119241606,0.49999999999999994,0.8660254037844387
2023-02-01,GU_East_3,East,GU,2,2023,1.48,1.12,1.0,7.720609057004188,75.2767358579495,77.75346636594239,9338.00610297378,4.575200085044028,65.17839331973768,0.694,978157,861321.914178571,808974.3492671112,0.8660254037844386,0.5000000000000001
2023-03-01,GU_East_3,East,GU,3,2023,1.48,1.15,1.0,5.310967095179942,49.88928806763715,73.17706821615185,8771.231390385325,4.858466771934134,68.48108756848916,0.694,987574,978157.2658725707,888066.1549212575,1.0,6.123233995736766e-17
2023-04-01,GU_East_3,East,GU,4,2023,1.48,1.05,1.0,5.77200327109932,58.00679978669607,71.83512270554544,10371.77360288896,2.0963826972813013,62.27111285103876,0.694,839348,987574.2721373055,740239.8910218191,0.8660254037844387,-0.4999999999999998
2023-05-01,GU_East_3,East,GU,5,2023,1.48,0.95,1.0,7.564770754951695,104.79948241926166,72.0447958525796,9168.178272460022,4.50149555865442,67.32103757355337,0.694,809378,839347.5284518199,748877.3873178436,0.49999999999999994,-0.8660254037844387
2023-06-01,GU_East_3,East,GU,6,2023,1.48,0.72,1.0,6.541689480246829,194.93136549939237,77.802741347246,8873.070892655565,3.9666464105634116,69.41150663006268,0.694,520007,809377.877663859,576632.6301799613,1.2246467991473532e-16,-1.0
2023-07-01,GU_East_3,East,GU,7,2023,1.48,0.65,1.0,4.343427598845075,211.49010332003172,76.4183573980876,9768.263691632432,4.123316575896359,75.5385424277991,0.694,401273,520007.36408867687,392484.8940499883,-0.4999999999999997,-0.8660254037844388
2023-08-01,GU_East_3,East,GU,8,2023,1.48,0.68,1.0,8.596470973464218,327.22045752198176,78.34739806562402,8921.738544952797,3.574095237789343,70.0108727570793,0.694,417095,401273.2802671964,406256.2815681824,-0.8660254037844385,-0.5000000000000004
2023-09-01,GU_East_3,East,GU,9,2023,1.48,0.82,1.0,5.863987089464041,303.05289765185404,78.00722576348909,9881.131467771866,4.181448567677086,70.90091388349242,0.694,528438,417094.6508430304,471404.48280955123,-1.0,-1.8369701987210297e-16
2023-10-01,GU_East_3,East,GU,10,2023,1.48,1.02,1.0,6.016691252112299,249.33005340160912,74.7371993062487,8741.031067092516,5.413593260945065,73.05790338820003,0.694,627876,528438.2865305057,512280.45597704453,-0.8660254037844386,0.5000000000000001
2023-11-01,GU_East_3,East,GU,11,2023,1.48,1.1,1.0,6.806941102791638,262.97762721125537,75.78857927836764,9776.333998042131,3.9428812009475873,64.54136964441977,0.694,652608,627876.0644322709,663588.9052818951,-0.5000000000000004,0.8660254037844384
2023-12-01,GU_East_3,East,GU,12,2023,1.48,1.15,1.0,7.250092156404888,179.22399865728,74.46568741365238,9223.291771954278,5.072458847034547,67.73966935051607,0.694,876264,652608.0337883242,668004.5513927774,-2.4492935982947064e-16,1.0
2024-01-01,GU_East_3,East,GU,1,2024,1.54,1.08,1.0,9.0,96.33300227409535,79.86901668140352,8608.153181688664,3.254935024896312,78.90165036721558,0.6895,1085222,876263.9529350515,861321.914178571,0.49999999999999994,0.8660254037844387
2024-02-01,GU_East_3,East,GU,2,2024,1.54,1.12,1.0,5.568578392492985,90.80284010179737,77.5982357860568,8882.974245888263,4.507004954124831,68.88351111046197,0.6895,913065,1085221.6168700357,978157.2658725707,0.8660254037844386,0.5000000000000001
2024-03-01,GU_East_3,East,GU,3,2024,1.54,1.15,1.0,8.551802822490956,58.179622113926406,81.67145288162301,7517.506396238004,3.901324684497561,73.66572299512883,0.6895,1430875,913065.148894903,987574.2721373055,1.0,6.123233995736766e-17
2024-04-01,GU_East_3,East,GU,4,2024,1.54,1.05,1.0,8.452271804639913,71.20534875431267,83.72536224694527,8601.276996313813,4.1816198630314245,73.05495150869243,0.6895,1116340,1430875.126732778,839347.5284518199,0.8660254037844387,-0.4999999999999998
2024-05-01,GU_East_3,East,GU,5,2024,1.54,0.95,1.0,7.396062278730881,97.62705114558565,78.05016091053704,7393.172919981136,3.90572260487799,63.28754514244925,0.6895,890486,1116340.0463802062,809377.877663859,0.49999999999999994,-0.8660254037844387
2024-06-01,GU_East_3,East,GU,6,2024,1.54,0.72,1.0,8.505388605559288,197.72436434371502,84.34380893620403,7555.946717110865,4.413300185952966,70.44191710802373,0.6895,642407,890486.0890030399,520007.36408867687,1.2246467991473532e-16,-1.0
2024-07-01,GU_East_3,East,GU,7,2024,1.54,0.65,1.0,8.681788992943677,241.3804543593399,80.84056448943383,7665.645420065971,1.8459319056529933,69.78698988882091,0.6895,563442,642406.6397932889,401273.2802671964,-0.4999999999999997,-0.8660254037844388
2024-08-01,GU_East_3,East,GU,8,2024,1.54,0.68,1.0,5.9023048297954155,290.0065763532989,81.22323692921744,8253.816163252606,2.7641397492339443,70.51983515136175,0.6895,405108,563442.4689968213,417094.6508430304,-0.8660254037844385,-0.5000000000000004
2024-09-01,GU_East_3,East,GU,9,2024,1.54,0.82,1.0,9.0,258.68368357191775,75.40171144117744,8042.036821593255,4.2336643984069156,66.18355008083576,0.6895,604546,405108.44894426974,528438.2865305057,-1.0,-1.8369701987210297e-16
2024-10-01,GU_East_3,East,GU,10,2024,1.54,1.02,1.0,5.690145468014051,298.14969801702307,75.0782130713028,7951.968439099292,2.265169316883011,64.73232195235137,0.6895,685667,604545.5656241995,627876.0644322709,-0.8660254037844386,0.5000000000000001
2024-11-01,GU_East_3,East,GU,11,2024,1.54,1.1,1.0,6.198280634293293,254.63693674397894,80.93234908833905,8092.98555253263,3.4755357154822324,67.2959599999166,0.6895,782658,685666.9020106016,652608.0337883242,-0.5000000000000004,0.8660254037844384
2024-12-01,GU_East_3,East,GU,12,2024,1.54,1.15,1.0,7.246514963430905,151.14678838271573,82.86919637389602,8293.259992154632,3.85652732717068,68.80882001166319,0.6895,962646,782658.2340854584,876263.9529350515,-2.4492935982947064e-16,1.0
2025-01-01,GU_East_3,East,GU,1,2025,1.6,1.08,1.0,9.0,88.19456565335936,82.98585866906514,9300.71165577306,2.8374878899096827,74.73993779040126,0.6849999999999999,1138957,962646.3413238066,1085221.6168700357,0.49999999999999994,0.8660254037844387
2025-02-01,GU_East_3,East,GU,2,2025,1.6,1.12,1.0,7.630092044295936,77.19722738529886,90.01028170174926,9492.375076026261,2.946750877844981,77.26924327890242,0.6849999999999999,1289814,1138957.2208384941,913065.148894903,0.8660254037844386,0.5000000000000001
2025-03-01,GU_East_3,East,GU,3,2025,1.6,1.15,1.0,7.9616793319390275,42.78388562331178,87.20480792276295,9819.0156657448,3.717265760122874,75.5863913848927,0.6849999999999999,1463236,1289813.5930998905,1430875.126732778,1.0,6.123233995736766e-17
2025-04-01,GU_East_3,East,GU,4,2025,1.6,1.05,1.0,9.0,72.62424035121097,82.27497624487604,8990.386932400788,4.307435964623847,73.44074084312737,0.6849999999999999,1153914,1463235.8552368134,1116340.0463802062,0.8660254037844387,-0.4999999999999998
2025-05-01,GU_East_3,East,GU,5,2025,1.6,0.95,1.0,7.6396182289214325,104.48628223957324,85.09254600116053,8765.50996704054,2.7332404949961537,65.98263895080164,0.6849999999999999,1037475,1153913.8149254373,890486.0890030399,0.49999999999999994,-0.8660254037844387
2025-06-01,GU_East_3,East,GU,6,2025,1.6,0.72,1.0,6.585875944483189,198.71036331188083,92.43078740117024,9276.091258132787,3.039953443050104,68.36441530004201,0.6849999999999999,601178,1037475.0149412862,642406.6397932889,1.2246467991473532e-16,-1.0
2025-07-01,GU_East_3,East,GU,7,2025,1.6,0.65,1.0,7.499318197714023,210.80044527022184,81.27230799160088,8485.085332680374,2.914991221338364,70.839704209652,0.6849999999999999,495966,601177.6894107007,563442.4689968213,-0.4999999999999997,-0.8660254037844388
2025-08-01,GU_East_3,East,GU,8,2025,1.6,0.68,1.0,9.0,309.0080896993634,86.58480981674532,8694.583140549228,1.562896198498177,67.4702438476953,0.6849999999999999,508557,495965.631506035,405108.44894426974,-0.8660254037844385,-0.5000000000000004
2025-09-01,GU_East_3,East,GU,9,2025,1.6,0.82,1.0,8.085037996466165,258.40320333675294,84.03176634182998,9449.721425876209,3.613369432254007,72.3088226101118,0.6849999999999999,696025,508556.52205505734,604545.5656241995,-1.0,-1.8369701987210297e-16
2025-10-01,GU_East_3,East,GU,10,2025,1.6,1.02,1.0,9.0,304.7437144655103,87.12068887275554,8944.142231331485,4.247774196662794,72.88194443301715,0.6849999999999999,793848,696024.7576523916,685666.9020106016,-0.8660254037844386,0.5000000000000001
2025-11-01,GU_East_3,East,GU,11,2025,1.6,1.1,1.0,8.885521911514585,293.2274758729175,88.80182093895515,8456.313393738335,4.313314565852706,72.14516025026188,0.6849999999999999,902903,793847.8436312258,782658.2340854584,-0.5000000000000004,0.8660254037844384
2025-12-01,GU_East_3,East,GU,12,2025,1.6,1.15,1.0,7.22622927632782,141.08521211317074,83.8412887338659,8329.588620585124,2.8033868988474087,74.10053841823033,0.6849999999999999,1119191,902902.8350689645,962646.3413238066,-2.4492935982947064e-16,1.0
2015-01-01,GU_North_1,North,GU,1,2015,1.0,1.08,1.0,6.287871004261062,55.614524075945866,38.972352397426704,5463.699025465933,7.770842301028732,64.08900254407112,0.73,510181,,,0.49999999999999994,0.8660254037844387
2015-02-01,GU_North_1,North,GU,2,2015,1.0,1.12,1.0,4.641658041363504,50.78533067382059,40.511391312989716,5319.994559396322,6.749659538770881,61.608339014228385,0.73,494036,510181.46168222604,,0.8660254037844386,0.5000000000000001
2015-03-01,GU_North_1,North,GU,3,2015,1.0,1.15,1.0,5.910615503429474,33.75255021361963,37.11180230414617,5081.593949659082,7.673299980323695,71.08973888178753,0.73,520127,494035.8526409241,,1.0,6.123233995736766e-17
2015-04-01,GU_North_1,North,GU,4,2015,1.0,1.05,1.0,6.158149407956395,37.9086701960525,39.38016616091186,5780.8904632308695,6.679397853087778,65.55614848911956,0.73,514401,520127.4256021367,,0.8660254037844387,-0.4999999999999998
2015-05-01,GU_North_1,North,GU,5,2015,1.0,0.95,1.0,6.192584297005544,67.13986113364521,41.830648508767666,4914.47031299667,8.380657118738084,64.29497768401765,0.73,447896,514400.50460825535,,0.49999999999999994,-0.8660254037844387
2015-06-01,GU_North_1,North,GU,6,2015,1.0,0.72,1.0,6.210203064955065,128.36581731317366,40.4709188829053,5856.392238202197,8.349096771898507,56.894782333846656,0.73,303447,447895.57607642305,,1.2246467991473532e-16,-1.0
2015-07-01,GU_North_1,North,GU,7,2015,1.0,0.65,1.0,6.425882960167845,132.4367621204496,38.240406191308196,5056.182018455607,7.925604959057554,56.84676953014585,0.73,249043,303446.89573662536,,-0.4999999999999997,-0.8660254037844388
2015-08-01,GU_North_1,North,GU,8,2015,1.0,0.68,1.0,7.075329821703277,179.51342103351362,40.67264921287238,5168.583820163768,7.789328848997613,63.17086192856741,0.73,278982,249042.963364215,,-0.8660254037844385,-0.5000000000000004
2015-09-01,GU_North_1,North,GU,9,2015,1.0,0.82,1.0,7.5494204889590275,160.26418055568223,42.14382937190985,4847.126341195579,8.9089504998939,62.582084791072965,0.73,346727,278982.133144994,,-1.0,-1.8369701987210297e-16
2015-10-01,GU_North_1,North,GU,10,2015,1.0,1.02,1.0,5.72028172778208,189.7210624633075,33.850176164267566,5281.548710874097,7.49974906191058,59.54350973996674,0.73,322101,346727.4506405447,,-0.8660254037844386,0.5000000000000001
2015-11-01,GU_North_1,North,GU,11,2015,1.0,1.1,1.0,5.056158973533027,158.8069671578684,43.47722219486769,5946.070283287724,6.554500699663359,62.56393079844824,0.73,393337,322101.2801769503,,-0.5000000000000004,0.8660254037844384
2015-12-01,GU_North_1,North,GU,12,2015,1.0,1.15,1.0,5.249546705308276,137.9474630994019,38.99123578395678,5739.212316772414,7.859579130265845,68.35450771217438,0.73,433829,393337.4117619545,,-2.4492935982947064e-16,1.0
2016-01-01,GU_North_1,North,GU,1,2016,1.06,1.08,1.0,6.976016666345909,70.10390938860847,45.776469799720694,6920.289950412665,8.768837639629691,65.5816098982012,0.7255,540946,433829.4241930466,510181.46168222604,0.49999999999999994,0.8660254037844387
2016-02-01,GU_North_1,North,GU,2,2016,1.06,1.12,1.0,7.13835459040001,50.2244006539435,48.09174077093569,6714.964145670321,6.288192405451317,58.23596596098904,0.7255,616250,540946.3218774183,494035.8526409241,0.8660254037844386,0.5000000000000001
2016-03-01,GU_North_1,North,GU,3,2016,1.06,1.15,1.0,6.636664892342872,36.529564713510304,40.384978908308604,5983.348577161384,6.810829786644811,62.353964691428224,0.7255,557869,616250.2292292294,520127.4256021367,1.0,6.123233995736766e-17
2016-04-01,GU_North_1,North,GU,4,2016,1.06,1.05,1.0,6.005320174679948,54.51890865578087,42.37167699271736,6331.144849052649,7.4331568304811615,59.58013407658975,0.7255,490352,557869.3675747534,514400.50460825535,0.8660254037844387,-0.4999999999999998
2016-05-01,GU_North_1,North,GU,5,2016,1.06,0.95,1.0,7.013315178810795,64.23661021382571,43.63435391237289,6128.910391897191,7.056876120795408,61.24920033436575,0.7255,549607,490351.8886046496,447895.57607642305,0.49999999999999994,-0.8660254037844387
2016-06-01,GU_North_1,North,GU,6,2016,1.06,0.72,1.0,7.778372115916587,120.06908606861194,42.14873943662671,7078.758706817618,6.314157135698148,61.14553733748143,0.7255,356717,549607.2474548392,303446.89573662536,1.2246467991473532e-16,-1.0
2016-07-01,GU_North_1,North,GU,7,2016,1.06,0.65,1.0,8.274695530782498,139.79453840387967,49.70480972751042,5941.44510910821,7.997486284984376,60.88941766958398,0.7255,376188,356717.37746620795,249042.963364215,-0.4999999999999997,-0.8660254037844388
2016-08-01,GU_North_1,North,GU,8,2016,1.06,0.68,1.0,6.891752508049835,168.71362380973733,41.92968371851962,6882.16396022515,8.956032577613808,57.779458512106416,0.7255,260027,376188.1976988647,278982.133144994,-0.8660254037844385,-0.5000000000000004
2016-09-01,GU_North_1,North,GU,9,2016,1.06,0.82,1.0,7.0650627852077,182.47731708010605,42.8333596615394,6881.829241548996,7.256905167219125,62.28938127392723,0.7255,336619,260026.73842400638,346727.4506405447,-1.0,-1.8369701987210297e-16
2016-10-01,GU_North_1,North,GU,10,2016,1.06,1.02,1.0,6.448622201163048,176.79934667918633,45.11316709480893,7303.329090772289,6.3767453682112,60.55756945261076,0.7255,396135,336618.973607922,322101.2801769503,-0.8660254037844386,0.5000000000000001
2016-11-01,GU_North_1,North,GU,11,2016,1.06,1.1,1.0,7.522933167330089,141.48945266856572,40.89355142177173,6295.641033316776,5.860831579957219,51.08220523999093,0.7255,460721,396134.8052608523,393337.4117619545,-0.5000000000000004,0.8660254037844384
2016-12-01,GU_North_1,North,GU,12,2016,1.06,1.15,1.0,6.542545810750843,111.47835356736253,43.31295786473121,6800.544971811123,7.306380784976945,71.01188809800665,0.7255,503138,460721.2130317811,433829.4241930466,-2.4492935982947064e-16,1.0
2017-01-01,GU_North_1,North,GU,1,2017,1.12,1.08,1.0,8.68775337588944,89.04367502167159,49.95235978375052,8479.56364947016,7.583101874653006,67.95507861686669,0.721,684605,503137.5901385834,540946.3218774183,0.49999999999999994,0.8660254037844387
2017-02-01,GU_North_1,North,GU,2,2017,1.12,1.12,1.0,5.856960209679066,52.39347164602994,48.00141878685247,7174.881568407517,7.080134197196306,62.09479710030002,0.721,623440,684604.5495561218,616250.2292292294,0.8660254037844386,0.5000000000000001
2017-03-01,GU_North_1,North,GU,3,2017,1.12,1.15,1.0,7.568444393057045,40.69343479948324,48.71983942330016,6762.052211638118,6.698076927264917,63.67527619896239,0.721,764499,623439.8439925667,557869.3675747534,1.0,6.123233995736766e-17
2017-04-01,GU_North_1,North,GU,4,2017,1.12,1.05,1.0,8.361328807030091,42.52712566715134,47.41200366265489,6606.815807769187,6.228582678568555,58.913382610729755,0.721,684003,764499.1516805174,490351.8886046496,0.8660254037844387,-0.4999999999999998
2017-05-01,GU_North_1,North,GU,5,2017,1.12,0.95,1.0,8.220601419587005,62.3961990551341,44.4565890724577,7773.540736015279,5.826269093825529,70.38289151124346,0.721,605813,684003.3035873022,549607.2474548392,0.49999999999999994,-0.8660254037844387
2017-06-01,GU_North_1,North,GU,6,2017,1.12,0.72,1.0,9.0,123.47586904345161,49.96477963401772,6605.402729401318,7.367801061059906,71.18915477909245,0.721,383507,605812.6686544381,356717.37746620795,1.2246467991473532e-16,-1.0
2017-07-01,GU_North_1,North,GU,7,2017,1.12,0.65,1.0,8.41976002948149,162.92261071864357,54.264799214941725,7285.2767492056155,7.431017297108468,64.2267749129861,0.721,389376,383507.2298883428,376188.1976988647,-0.4999999999999997,-0.8660254037844388
2017-08-01,GU_North_1,North,GU,8,2017,1.12,0.68,1.0,6.795134483789588,207.98509235901994,49.05520489235032,7649.611257195213,5.463416170647413,67.69412257674138,0.721,324488,389375.5817140125,260026.73842400638,-0.8660254037844385,-0.5000000000000004
2017-09-01,GU_North_1,North,GU,9,2017,1.12,0.82,1.0,7.885442903493113,163.6925230988308,49.67579235174265,7536.149314601142,7.971871182544548,64.3011471157357,0.721,396120,324488.349408623,336618.973607922,-1.0,-1.8369701987210297e-16
2017-10-01,GU_North_1,North,GU,10,2017,1.12,1.02,1.0,5.868504399840258,164.4881552126185,51.07816826535058,7644.270511910558,7.159256976715201,58.25309824449628,0.721,522247,396120.3936556636,396134.8052608523,-0.8660254037844386,0.5000000000000001
2017-11-01,GU_North_1,North,GU,11,2017,1.12,1.1,1.0,7.903280300843887,108.58714208945062,45.192008510359905,7552.8507581380645,7.819675716116635,61.95270652414537,0.721,586711,522246.98923547287,460721.2130317811,-0.5000000000000004,0.8660254037844384
2017-12-01,GU_North_1,North,GU,12,2017,1.12,1.15,1.0,7.00033273159909,101.64196808181387,54.10754397438882,8028.309939018707,5.6262978012119085,64.12771186708783,0.721,668159,586710.782020731,503137.5901385834,-2.4492935982947064e-16,1.0
2018-01-01,GU_North_1,North,GU,1,2018,1.18,1.08,1.0,8.659128502452015,82.76296151425804,54.10698638926841,5918.63730563991,5.207340675667648,62.581809125026226,0.7165,721537,668159.1325219657,684604.5495561218,0.49999999999999994,0.8660254037844387
2018-02-01,GU_North_1,North,GU,2,2018,1.18,1.12,1.0,6.901211842265179,42.4521117549481,58.395570697267324,6042.53186466603,6.180824552186162,63.52538689025986,0.7165,810165,721537.3925179483,623439.8439925667,0.8660254037844386,0.5000000000000001
2018-03-01,GU_North_1,North,GU,3,2018,1.18,1.15,1.0,7.420541072825525,39.458590894084445,51.30090101342803,5999.482926600498,6.702227541516155,64.03440176996355,0.7165,889354,810165.0657760494,764499.1516805174,1.0,6.123233995736766e-17
2018-04-01,GU_North_1,North,GU,4,2018,1.18,1.05,1.0,6.797990762094537,44.341810326730474,58.95418576767347,6720.765992310543,7.737088658341571,64.07648600853815,0.7165,783482,889353.8494966947,684003.3035873022,0.8660254037844387,-0.4999999999999998
2018-05-01,GU_North_1,North,GU,5,2018,1.18,0.95,1.0,9.0,75.49981590479285,55.825466482104346,6752.359041750147,6.864863131052105,64.60903396198994,0.7165,719420,783482.198445354,605812.6686544381,0.49999999999999994,-0.8660254037844387
2018-06-01,GU_North_1,North,GU,6,2018,1.18,0.72,1.0,7.175168852438327,89.40739948498619,55.15912025755708,6550.231070665697,6.105854978550373,60.1575797344136,0.7165,455973,719420.3254463534,383507.2298883428,1.2246467991473532e-16,-1.0
2018-07-01,GU_North_1,North,GU,7,2018,1.18,0.65,1.0,9.0,145.84052411209225,54.20207336305944,6879.751827072836,5.478904633867286,61.53193540348826,0.7165,387888,455973.1094045331,389375.5817140125,-0.4999999999999997,-0.8660254037844388
2018-08-01,GU_North_1,North,GU,8,2018,1.18,0.68,1.0,8.537642286321741,93.92110918457453,52.75441414577665,5817.061286652997,7.28400045817532,59.26166293720013,0.7165,483061,387888.46329988906,324488.349408623,-0.8660254037844385,-0.5000000000000004
2018-09-01,GU_North_1,North,GU,9,2018,1.18,0.82,1.0,8.139140244582284,174.9538037296264,57.10159497542162,7097.430527170381,5.528235659399428,68.31126219874481,0.7165,453964,483060.5105233965,396120.3936556636,-1.0,-1.8369701987210297e-16
2018-10-01,GU_North_1,North,GU,10,2018,1.18,1.02,1.0,8.003139948560845,128.69022503241456,53.921079609544144,7032.637056742885,7.6027748438178575,55.977412232638706,0.7165,616359,453964.20283590636,522246.98923547287,-0.8660254037844386,0.5000000000000001
2018-11-01,GU_North_1,North,GU,11,2018,1.18,1.1,1.0,8.033216929639323,170.0494815574112,47.59879088923854,6678.209575732954,6.072492280314792,69.0143613732677,0.7165,576786,616359.1761874268,586710.782020731,-0.5000000000000004,0.8660254037844384
2018-12-01,GU_North_1,North,GU,12,2018,1.18,1.15,1.0,5.247453076565089,120.59399911478509,50.14844061487899,7148.989185919346,7.572465658094281,69.94539758905138,0.7165,621405,576785.8580008283,668159.1325219657,-2.4492935982947064e-16,1.0
2019-01-01,GU_North_1,North,GU,1,2019,1.24,1.08,1.0,6.165339927019092,77.04004660523367,57.44246274342176,6574.519556544853,6.443145032047423,63.99127765206952,0.712,758713,621404.7789384838,721537.3925179483,0.49999999999999994,0.8660254037844387
2019-02-01,GU_North_1,North,GU,2,2019,1.24,1.12,1.0,7.514189565421185,56.06038746153141,58.92999694949666,7083.9983386816575,5.7904036084460335,54.787451648690805,0.712,895151,758712.9978340284,810165.0657760494,0.8660254037844386,0.5000000000000001
2019-03-01,GU_North_1,North,GU,3,2019,1.24,1.15,1.0,6.441323379831073,30.87585078754588,57.83023453330031,6989.113442692972,5.484482902539099,63.75475775213084,0.712,928693,895150.889554995,889353.8494966947,1.0,6.123233995736766e-17
2019-04-01,GU_North_1,North,GU,4,2019,1.24,1.05,1.0,4.8137721838357095,57.610236808197264,61.65691236938099,7644.665695690655,5.627273698123137,64.94326335484473,0.712,796771,928693.3505416472,783482.198445354,0.8660254037844387,-0.4999999999999998
2019-05-01,GU_North_1,North,GU,5,2019,1.24,0.95,1.0,6.437114659307037,82.06766889401214,52.14669440788413,6847.436667178886,6.242653353900191,61.15760712028435,0.712,587681,796771.1559346698,719420.3254463534,0.49999999999999994,-0.8660254037844387
2019-06-01,GU_North_1,North,GU,6,2019,1.24,0.72,1.0,8.54492661950659,104.16780434705308,58.43076380951548,7660.872817201719,5.961725196974173,63.139126424767035,0.712,517933,587681.1059057497,455973.1094045331,1.2246467991473532e-16,-1.0
2019-07-01,GU_North_1,North,GU,7,2019,1.24,0.65,1.0,7.996270058641663,168.52939517915158,52.546062323838534,7936.741264798372,5.424950873545036,71.3207807954534,0.712,404746,517932.78001308447,387888.46329988906,-0.4999999999999997,-0.8660254037844388
2019-08-01,GU_North_1,North,GU,8,2019,1.24,0.68,1.0,6.425595188760762,142.0846286848749,60.279136886452505,7632.84130503765,5.767494871745894,67.85970864920696,0.712,465143,404746.03197123436,483060.5105233965,-0.8660254037844385,-0.5000000000000004
2019-09-01,GU_North_1,North,GU,9,2019,1.24,0.82,1.0,7.641739132469704,157.7381176387528,57.71662385667399,7447.687960647527,5.9628616237753205,61.5017435424876,0.712,484932,465142.6792559852,453964.20283590636,-1.0,-1.8369701987210297e-16
2019-10-01,GU_North_1,North,GU,10,2019,1.24,1.02,1.0,6.0601915755583375,154.80249061927307,59.25882991607236,6875.456996594514,4.19701272446815,58.809603321618276,0.712,652382,484932.4987408631,616359.1761874268,-0.8660254037844386,0.5000000000000001
2019-11-01,GU_North_1,North,GU,11,2019,1.24,1.1,1.0,4.455354095807937,132.57408150581728,55.408351118230705,6938.917065243437,6.266534491830959,63.89193072956092,0.712,571130,652381.6559749341,576785.8580008283,-0.5000000000000004,0.8660254037844384
2019-12-01,GU_North_1,North,GU,12,2019,1.24,1.15,1.0,5.390640814244534,90.88376618728392,61.838394794973254,7882.32850738335,5.116223020226554,64.34617288259825,0.712,808061,571129.8342254497,621404.7789384838,-2.4492935982947064e-16,1.0
2020-01-01,GU_North_1,North,GU,1,2020,1.3,1.08,1.0,7.3148063504300165,85.2092971246295,65.62517399217656,8643.527374785179,4.577334077435404,67.98479674945327,0.7075,983558,808060.7643905149,758712.9978340284,0.49999999999999994,0.8660254037844387
2020-02-01,GU_North_1,North,GU,2,2020,1.3,1.12,1.0,5.110548130025014,43.8738140968271,64.25063290903566,8275.261539307885,4.150124522311431,63.85873314972936,0.7075,862010,983557.8102248019,895150.889554995,0.8660254037844386,0.5000000000000001
2020-03-01,GU_North_1,North,GU,3,2020,1.3,1.15,1.0,5.147279052970157,37.90352682912715,62.11144825940968,8104.761027433129,4.064886001705688,68.04599830144744,0.7075,879209,862009.9895829519,928693.3505416472,1.0,6.123233995736766e-17
2020-04-01,GU_North_1,North,GU,4,2020,1.3,1.05,0.68,5.0795339926903225,41.74101753351086,64.2395718558854,7381.20678012766,4.415641997510169,73.74061616024092,0.7075,613987,879209.1752416445,796771.1559346698,0.8660254037844387,-0.4999999999999998
2020-05-01,GU_North_1,North,GU,5,2020,1.3,0.95,0.68,7.724303735707787,52.33748435407602,60.379322296037955,7810.936734619782,4.9327832338956075,69.26200408977705,0.7075,495890,613987.4390418675,587681.1059057497,0.49999999999999994,-0.8660254037844387
2020-06-01,GU_North_1,North,GU,6,2020,1.3,0.72,0.68,7.390490526654655,112.37492920594103,65.06666697706214,9152.958912240654,7.062607310021255,65.80764597067692,0.7075,366506,495890.31862356025,517932.78001308447,1.2246467991473532e-16,-1.0
2020-07-01,GU_North_1,North,GU,7,2020,1.3,0.65,1.0,8.10187610835794,102.69529253093282,67.44844268297176,7716.61531607667,5.079296259283836,65.26739811578682,0.7075,571601,366506.0708154693,404746.03197123436,-0.4999999999999997,-0.8660254037844388
2020-08-01,GU_North_1,North,GU,8,2020,1.3,0.68,1.0,5.248485575740117,168.6000181891701,65.71183167993756,8378.086242577267,5.642200085014425,64.57330746328051,0.7075,435259,571600.7825126939,465142.6792559852,-0.8660254037844385,-0.5000000000000004
2020-09-01,GU_North_1,North,GU,9,2020,1.3,0.82,1.0,5.794089214716693,143.05549395151414,60.311192590577775,8746.170110965619,5.820385109205063,70.72256364980858,0.7075,531073,435258.7240597448,484932.4987408631,-1.0,-1.8369701987210297e-16
2020-10-01,GU_North_1,North,GU,10,2020,1.3,1.02,1.0,3.61936876891523,221.13484045640055,63.58425195181931,7728.105122426748,5.604852148972679,63.490746216194786,0.7075,592088,531072.9772490371,652381.6559749341,-0.8660254037844386,0.5000000000000001
2020-11-01,GU_North_1,North,GU,11,2020,1.3,1.1,1.0,7.211661139562108,163.685434798974,58.620575368724054,8375.940036679267,5.438045231419205,66.18089083599993,0.7075,734818,592088.1414171926,571129.8342254497,-0.5000000000000004,0.8660254037844384
2020-12-01,GU_North_1,North,GU,12,2020,1.3,1.15,1.0,4.038004366698657,109.713211418598,64.21717093352703,8714.882314907574,4.5437649891206044,66.20479160752434,0.7075,802579,734817.6355194441,808060.7643905149,-2.4492935982947064e-16,1.0
2021-01-01,GU_North_1,North,GU,1,2021,1.3599999999999999,1.08,1.0,5.260130676515155,85.64803211867041,68.35181023858762,7192.804371830732,6.260742038623369,64.79286322875387,0.703,898783,802579.2980720202,983557.8102248019,0.49999999999999994,0.8660254037844387
2021-02-01,GU_North_1,North,GU,2,2021,1.3599999999999999,1.12,1.0,3.683236966840587,39.85150836260654,61.39055098140351,8477.961052022514,6.545757314910308,61.310137808463594,0.703,889535,898782.560298637,862009.9895829519,0.8660254037844386,0.5000000000000001
2021-03-01,GU_North_1,North,GU,3,2021,1.3599999999999999,1.15,1.0,4.293359807913565,38.934788644818504,63.514648468262905,6436.310010477281,3.7538730447018507,68.09189801447067,0.703,967042,889534.9598237076,879209.1752416445,1.0,6.123233995736766e-17
2021-04-01,GU_North_1,North,GU,4,2021,1.3599999999999999,1.05,1.0,3.9952850827403594,47.01425810911438,66.15058330976869,7663.607515420214,4.280777127290896,66.55598411257846,0.703,901682,967042.3654450295,613987.4390418675,0.8660254037844387,-0.4999999999999998
2021-05-01,GU_North_1,North,GU,5,2021,1.3599999999999999,0.95,1.0,4.2705496871890185,74.85141687840364,66.09742075857753,7109.41889514406,4.876151726098395,68.80096187774627,0.703,749744,901682.4698459767,495890.31862356025,0.49999999999999994,-0.8660254037844387
2021-06-01,GU_North_1,North,GU,6,2021,1.3599999999999999,0.72,1.0,4.353052756221226,128.61212670172964,63.37156919374358,7534.543746648973,4.328369764071846,64.66559877424334,0.703,505293,749744.1598850075,366506.0708154693,1.2246467991473532e-16,-1.0
2021-07-01,GU_North_1,North,GU,7,2021,1.3599999999999999,0.65,1.0,4.342077446089908,159.8218294200437,68.16693618805655,7385.76789523713,5.504772442764692,71.68328519525218,0.703,438462,505293.0429822086,571600.7825126939,-0.4999999999999997,-0.8660254037844388
2021-08-01,GU_North_1,North,GU,8,2021,1.3599999999999999,0.68,1.0,6.000000694136369,177.73160629839072,67.75442082682153,6857.259388272971,4.517382238074709,63.292904875152615,0.703,499695,438461.5018795253,435258.7240597448,-0.8660254037844385,-0.5000000000000004
2021-09-01,GU_North_1,North,GU,9,2021,1.3599999999999999,0.82,1.0,3.674164648324976,135.31803922183602,66.41719260406444,7290.2280535791715,6.832044854245281,73.64816113607156,0.703,557911,499695.1545361669,531072.9772490371,-1.0,-1.8369701987210297e-16
2021-10-01,GU_North_1,North,GU,10,2021,1.3599999999999999,1.02,1.0,5.26464971241664,145.82169469932387,64.73262549952491,6351.124023843239,6.052438875474877,59.80945396068695,0.703,705326,557910.8018091394,592088.1414171926,-0.8660254037844386,0.5000000000000001
2021-11-01,GU_North_1,North,GU,11,2021,1.3599999999999999,1.1,1.0,6.46155098276667,141.34948703433236,70.14612137924969,7458.6410522295955,5.270059224505772,68.53908025822756,0.703,909415,705326.2878700198,734817.6355194441,-0.5000000000000004,0.8660254037844384
2021-12-01,GU_North_1,North,GU,12,2021,1.3599999999999999,1.15,1.0,4.384164362583925,109.51263246328178,71.96622133926489,7321.350986668205,5.921589010655786,68.7017227301065,0.703,953485,909414.7114538058,802579.2980720202,-2.4492935982947064e-16,1.0
2022-01-01,GU_North_1,North,GU,1,2022,1.42,1.08,1.0,4.577837159323057,59.79379977352162,70.04931554846038,8447.397075889048,5.5847203394858465,64.41777172823646,0.6985,1020321,953484.8944184451,898782.560298637,0.49999999999999994,0.8660254037844387
2022-02-01,GU_North_1,North,GU,2,2022,1.42,1.12,1.0,5.162710278003878,62.15874179082544,69.66349924853554,8636.15324628887,4.248842009553405,69.29757575144404,0.6985,1000232,1020320.9011727737,889534.9598237076,0.8660254037844386,0.5000000000000001
2022-03-01,GU_North_1,North,GU,3,2022,1.42,1.15,1.0,6.855010078253031,44.188527898369294,72.97362299623599,8325.428928094021,4.047026204366428,72.71807467904063,0.6985,1232923,1000232.1800622351,967042.3654450295,1.0,6.123233995736766e-17
2022-04-01,GU_North_1,North,GU,4,2022,1.42,1.05,1.0,5.672268985364208,49.768830293204445,70.42591186075904,8226.640238908876,4.7625144503757175,58.73272464258373,0.6985,1046895,1232923.0951342438,901682.4698459767,0.8660254037844387,-0.4999999999999998
2022-05-01,GU_North_1,North,GU,5,2022,1.42,0.95,1.0,4.801882674691061,72.77799810186444,71.0818083980103,7763.51924850207,5.389308899598355,69.61097922996325,0.6985,888399,1046894.7042402182,749744.1598850075,0.49999999999999994,-0.8660254037844387
2022-06-01,GU_North_1,North,GU,6,2022,1.42,0.72,1.0,6.019991809645827,104.56221468760134,73.71895945517402,7839.500656357579,4.8112483189227335,57.62691671867968,0.6985,637969,888399.0435051651,505293.0429822086,1.2246467991473532e-16,-1.0
2022-07-01,GU_North_1,North,GU,7,2022,1.42,0.65,1.0,4.116589248416471,123.43856126351972,65.77193173747813,8694.03057907945,3.438402814247201,63.737340785907165,0.6985,491599,637968.8621106542,438461.5018795253,-0.4999999999999997,-0.8660254037844388
2022-08-01,GU_North_1,North,GU,8,2022,1.42,0.68,1.0,6.256971240751716,172.333694523711,75.45490697455801,8806.350932567342,4.057740444839325,74.11666545960378,0.6985,577507,491599.2375508465,499695.1545361669,-0.8660254037844385,-0.5000000000000004
2022-09-01,GU_North_1,North,GU,9,2022,1.42,0.82,1.0,5.9296685974623005,186.95931858385427,71.71804157298803,8052.850303659227,4.640821709124497,65.27287186643179,0.6985,637249,577506.5966833276,557910.8018091394,-1.0,-1.8369701987210297e-16
2022-10-01,GU_North_1,North,GU,10,2022,1.42,1.02,1.0,5.069969662853518,138.62302874879853,70.26552056631346,8180.701236263625,4.639467516539335,62.90448014236411,0.6985,727608,637248.6990443931,705326.2878700198,-0.8660254037844386,0.5000000000000001
2022-11-01,GU_North_1,North,GU,11,2022,1.42,1.1,1.0,4.433036870083502,151.21821061248977,71.23229753733565,7752.923531252457,6.278033741431846,66.80824908406127,0.6985,869201,727607.8804978102,909414.7114538058,-0.5000000000000004,0.8660254037844384
2022-12-01,GU_North_1,North,GU,12,2022,1.42,1.15,1.0,4.37532272148003,105.48480340903909,71.38728806506155,8687.740580370002,3.5912096460808005,75.8716253526542,0.6985,1081050,869201.0565343767,953484.8944184451,-2.4492935982947064e-16,1.0
2023-01-01,GU_North_1,North,GU,1,2023,1.48,1.08,1.0,7.1417808036150925,51.39567837492418,70.80639608966523,9432.257893688817,4.704471393468699,61.073271011175905,0.694,1105242,1081049.9760806407,1020320.9011727737,0.49999999999999994,0.8660254037844387
2023-02-01,GU_North_1,North,GU,2,2023,1.48,1.12,1.0,7.974776602986874,39.755178737692766,80.48481468235971,10006.368169436202,5.491290486662631,64.19476035344263,0.694,1302764,1105242.3491293474,1000232.1800622351,0.8660254037844386,0.5000000000000001
2023-03-01,GU_North_1,North,GU,3,2023,1.48,1.15,1.0,5.735230703565446,33.76653011952312,76.12397689681185,8737.574938296633,6.117159796338237,74.38972673271851,0.694,1293918,1302763.5550055094,1232923.0951342438,1.0,6.123233995736766e-17
2023-04-01,GU_North_1,North,GU,4,2023,1.48,1.05,1.0,7.050064044261781,58.571027947228565,77.32900639134212,8962.716768469318,3.9764820614528307,75.83080937415093,0.694,1191072,1293917.986454852,1046894.7042402182,0.8660254037844387,-0.4999999999999998
2023-05-01,GU_North_1,North,GU,5,2023,1.48,0.95,1.0,3.9955675776775177,78.0107737449646,78.85464931172213,9236.970988164023,4.69314356217616,67.98627510283887,0.694,987967,1191071.849970529,888399.0435051651,0.49999999999999994,-0.8660254037844387
2023-06-01,GU_North_1,North,GU,6,2023,1.48,0.72,1.0,5.79845872321136,86.36519858058176,72.9365126273191,9423.740615004113,4.755808285758917,63.44378918989344,0.694,642765,987966.7449479755,637968.8621106542,1.2246467991473532e-16,-1.0
2023-07-01,GU_North_1,North,GU,7,2023,1.48,0.65,1.0,6.4627292805549175,154.49838385142095,77.42041569710568,9035.769886131082,4.4563853852426325,76.78337400723665,0.694,621582,642764.6004905673,491599.2375508465,-0.4999999999999997,-0.8660254037844388
2023-08-01,GU_North_1,North,GU,8,2023,1.48,0.68,1.0,5.408379899621799,130.81545518426375,75.19707672730362,8739.98783232335,4.220923839008555,74.7777695669968,0.694,635665,621581.6157151608,577506.5966833276,-0.8660254037844385,-0.5000000000000004
2023-09-01,GU_North_1,North,GU,9,2023,1.48,0.82,1.0,5.376192350252484,209.23265845495098,78.54031232564948,9529.453711043123,4.648780311600037,71.11578795104894,0.694,654928,635665.0078689738,637248.6990443931,-1.0,-1.8369701987210297e-16
2023-10-01,GU_North_1,North,GU,10,2023,1.48,1.02,1.0,5.698664532237337,158.31514581133746,69.6183177389455,9457.331236173028,2.2742031318242515,65.15039060425032,0.694,838311,654927.8701307426,727607.8804978102,-0.8660254037844386,0.5000000000000001
2023-11-01,GU_North_1,North,GU,11,2023,1.48,1.1,1.0,6.850631273991648,141.97745832323392,75.7027170992762,8720.496977773839,4.845655592050105,68.20388263664786,0.694,1092060,838310.8799513396,869201.0565343767,-0.5000000000000004,0.8660254037844384
2023-12-01,GU_North_1,North,GU,12,2023,1.48,1.15,1.0,6.27520517791235,129.4779056901835,74.19153803264811,9742.769583524989,4.400942322929573,67.75855967582068,0.694,1098165,1092059.9029829956,1081049.9760806407,-2.4492935982947064e-16,1.0
2024-01-01,GU_North_1,North,GU,1,2024,1.54,1.08,1.0,4.8747826917898545,58.0986334592901,81.79678885190246,8553.76909611104,3.7220200825773877,70.52340521846232,0.6895,1148497,1098165.0801082386,1105242.3491293474,0.49999999999999994,0.8660254037844387
2024-02-01,GU_North_1,North,GU,2,2024,1.54,1.12,1.0,5.015819988617741,36.08020660497821,81.91013256210461,8087.613100734075,5.5374897565756465,75.00400575252534,0.6895,1400860,1148496.7837039032,1302763.5550055094,0.8660254037844386,0.5000000000000001
2024-03-01,GU_North_1,North,GU,3,2024,1.54,1.15,1.0,6.83242195835121,32.84856363773157,78.37712231553392,8062.998715041785,3.360052784967558,72.71766816454962,0.6895,1417848,1400859.6955856476,1293917.986454852,1.0,6.123233995736766e-17
2024-04-01,GU_North_1,North,GU,4,2024,1.54,1.05,1.0,8.109884075044084,52.75587370569293,78.36347840747187,8276.505673974727,3.577539208747975,64.89049569206097,0.6895,1309601,1417847.8431279364,1191071.849970529,0.8660254037844387,-0.4999999999999998
2024-05-01,GU_North_1,North,GU,5,2024,1.54,0.95,1.0,4.263654360509539,55.591062384850105,80.16800389432801,7639.413295357252,5.493242641763787,74.70598580007815,0.6895,1059149,1309600.7576445423,987966.7449479755,0.49999999999999994,-0.8660254037844387
2024-06-01,GU_North_1,North,GU,6,2024,1.54,0.72,1.0,6.960983960397864,62.11907931060879,77.81007331805438,8040.6938425964045,3.2343509561201147,70.45252856005263,0.6895,836969,1059148.855777268,642764.6004905673,1.2246467991473532e-16,-1.0
2024-07-01,GU_North_1,North,GU,7,2024,1.54,0.65,1.0,6.929162743958916,134.2549686583656,83.02595108635639,7058.607081898437,3.4599077736507686,71.94826318343567,0.6895,764276,836968.5387982787,621581.6157151608,-0.4999999999999997,-0.8660254037844388
2024-08-01,GU_North_1,North,GU,8,2024,1.54,0.68,1.0,9.0,184.4525027605303,79.39237839865766,8421.584717448888,3.78237966125532,75.06616343711441,0.6895,689073,764275.5185809481,635665.0078689738,-0.8660254037844385,-0.5000000000000004
2024-09-01,GU_North_1,North,GU,9,2024,1.54,0.82,1.0,7.098633997724384,212.40706724294841,71.77903534203507,7324.507726873731,4.572587585703639,64.7536790019458,0.6895,652782,689073.0301706393,654927.8701307426,-1.0,-1.8369701987210297e-16
2024-10-01,GU_North_1,North,GU,10,2024,1.54,1.02,1.0,8.020246953468934,158.51863234602868,79.37553383013459,8703.718599765618,4.066242005882651,69.05669768517416,0.6895,1026232,652782.4658348054,838310.8799513396,-0.8660254037844386,0.5000000000000001
2024-11-01,GU_North_1,North,GU,11,2024,1.54,1.1,1.0,7.7301687398847765,135.11318528629434,77.38436853746808,7878.625634687665,2.86589972227819,67.07418179456315,0.6895,1169388,1026231.8169706789,1092059.9029829956,-0.5000000000000004,0.8660254037844384
2024-12-01,GU_North_1,North,GU,12,2024,1.54,1.15,1.0,5.00398039601118,126.69319189494313,75.60617255361717,7931.929535103538,3.4742651494982484,62.92856229853818,0.6895,1167869,1169388.011687632,1098165.0801082386,-2.4492935982947064e-16,1.0
2025-01-01,GU_North_1,North,GU,1,2025,1.6,1.08,1.0,8.921848659958085,51.80678964328946,81.28772008533228,8717.519742261426,3.0141164534302307,71.38683991041968,0.6849999999999999,1518302,1167869.0004062857,1148496.7837039032,0.49999999999999994,0.8660254037844387
2025-02-01,GU_North_1,North,GU,2,2025,1.6,1.12,1.0,8.258475806547546,42.98599807058596,85.3282254154989,8870.382506734519,3.4382231638215637,80.04622620633769,0.6849999999999999,1502465,1518301.7292689257,1400859.6955856476,0.8660254037844386,0.5000000000000001
2025-03-01,GU_North_1,North,GU,3,2025,1.6,1.15,1.0,8.609922367609508,37.02828900559531,88.98592248474469,9638.339105316069,3.8406749269038634,62.63968902197699,0.6849999999999999,1927509,1502465.3220075108,1417847.8431279364,1.0,6.123233995736766e-17
2025-04-01,GU_North_1,North,GU,4,2025,1.6,1.05,1.0,9.0,48.72193810786325,85.93955342159494,7880.486104558667,3.8345646047103776,69.87087755580212,0.6849999999999999,1552989,1927509.1637143947,1309600.7576445423,0.8660254037844387,-0.4999999999999998
2025-05-01,GU_North_1,North,GU,5,2025,1.6,0.95,1.0,5.4990644726016935,66.49408771353846,83.18048983535279,9574.634423739137,2.0791905967612783,72.56217174029909,0.6849999999999999,1206222,1552989.2968344681,1059148.855777268,0.49999999999999994,-0.8660254037844387
2025-06-01,GU_North_1,North,GU,6,2025,1.6,0.72,1.0,9.0,108.55794438963464,86.36771258551211,9152.110566495221,4.351152790048685,70.49231280662472,0.6849999999999999,920379,1206221.8540466272,836968.5387982787,1.2246467991473532e-16,-1.0
2025-07-01,GU_North_1,North,GU,7,2025,1.6,0.65,1.0,7.655062976719574,90.25212916627942,83.62272906934302,8456.840258463706,3.702055076797299,69.54748778993704,0.6849999999999999,838283,920378.8076051065,764275.5185809481,-0.4999999999999997,-0.8660254037844388
2025-08-01,GU_North_1,North,GU,8,2025,1.6,0.68,1.0,8.344794685283611,153.53355844418687,82.91619889251056,8516.109423127295,4.607625638075125,64.8031345462167,0.6849999999999999,807145,838282.6300822549,689073.0301706393,-0.8660254037844385,-0.5000000000000004
2025-09-01,GU_North_1,North,GU,9,2025,1.6,0.82,1.0,7.945385305638509,192.24473523897063,81.53691199530104,9754.376862243143,3.8553586618325375,70.93114697176065,0.6849999999999999,883426,807144.5541183625,652782.4658348054,-1.0,-1.8369701987210297e-16
2025-10-01,GU_North_1,North,GU,10,2025,1.6,1.02,1.0,7.490916399922348,145.25319657092888,79.74451357974485,8574.521904025223,4.3810583661886096,66.9729440919363,0.6849999999999999,1167218,883426.3874824493,1026231.8169706789,-0.8660254037844386,0.5000000000000001
2025-11-01,GU_North_1,North,GU,11,2025,1.6,1.1,1.0,7.316200486113489,145.27405918633528,83.83022888032167,8480.99227023127,3.873236249160102,61.240313180085785,0.6849999999999999,1295501,1167218.4344495554,1169388.011687632,-0.5000000000000004,0.8660254037844384
2025-12-01,GU_North_1,North,GU,12,2025,1.6,1.15,1.0,8.39541048268761,115.23933451300373,85.47416046976039,9511.79154406358,4.576980604962198,74.77836888205492,0.6849999999999999,1390822,1295500.8509566379,1167869.0004062857,-2.4492935982947064e-16,1.0
2015-01-01,GU_North_2,North,GU,1,2015,1.0,1.08,1.0,5.8139047496527265,84.76442380396759,37.805104783274416,5456.11338632567,6.401277688824201,62.908137915459555,0.73,463563,,,0.49999999999999994,0.8660254037844387
2015-02-01,GU_North_2,North,GU,2,2015,1.0,1.12,1.0,6.899129012389037,48.938912877827,45.67132205546735,5606.880990103528,7.915921711623002,60.70372729916412,0.73,584981,463562.8702970021,,0.8660254037844386,0.5000000000000001
2015-03-01,GU_North_2,North,GU,3,2015,1.0,1.15,1.0,7.619753686809283,34.90636917384992,40.14792499456067,6062.818038292791,8.995054272435082,64.36576860700742,0.73,580705,584980.5536207082,,1.0,6.123233995736766e-17
2015-04-01,GU_North_2,North,GU,4,2015,1.0,1.05,1.0,6.2327351590680715,42.02896033364804,42.30651902790669,5042.799818030137,7.835764486685813,64.72088144190677,0.73,488631,580704.9240587152,,0.8660254037844387,-0.4999999999999998
2015-05-01,GU_North_2,North,GU,5,2015,1.0,0.95,1.0,7.778206358857264,83.18974663129957,38.17532047766572,5775.150580910299,7.721265204472839,63.229614278878756,0.73,404973,488631.0856277878,,0.49999999999999994,-0.8660254037844387
2015-06-01,GU_North_2,North,GU,6,2015,1.0,0.72,1.0,8.243140094583415,84.9478062107609,41.08934688323357,5241.727036564333,7.50684486465948,58.701550998260956,0.73,333352,404972.997397734,,1.2246467991473532e-16,-1.0
2015-07-01,GU_North_2,North,GU,7,2015,1.0,0.65,1.0,5.400414897111896,123.0453159757997,40.933329973429586,5447.703466932666,6.24329483429927,63.10640306204472,0.73,271936,333351.7735750779,,-0.4999999999999997,-0.8660254037844388
2015-08-01,GU_North_2,North,GU,8,2015,1.0,0.68,1.0,5.495695155444464,160.19500592812753,34.331052123711544,5539.705211395563,8.584458348568278,66.78192260330192,0.73,244301,271936.24681570765,,-0.8660254037844385,-0.5000000000000004
2015-09-01,GU_North_2,North,GU,9,2015,1.0,0.82,1.0,6.331549929313597,213.41665145282394,46.04582533138192,4832.079839321512,7.011313888155947,59.61348376555308,0.73,303775,244301.2157495459,,-1.0,-1.8369701987210297e-16
2015-10-01,GU_North_2,North,GU,10,2015,1.0,1.02,1.0,6.869135201827036,180.05805971608518,43.871933382767644,5156.703007703438,7.903586605106414,70.39175735652972,0.73,434468,303775.00666218984,,-0.8660254037844386,0.5000000000000001
2015-11-01,GU_North_2,North,GU,11,2015,1.0,1.1,1.0,5.870519583479539,123.0902116161787,38.80841405156204,6115.162478558546,6.249572554742997,59.89747626405846,0.73,374505,434468.31271946774,,-0.5000000000000004,0.8660254037844384
2015-12-01,GU_North_2,North,GU,12,2015,1.0,1.15,1.0,8.122643214640574,102.97301517276458,36.693190778632435,5905.965711835792,6.556432268393776,62.12962805336055,0.73,447921,374505.07827960316,,-2.4492935982947064e-16,1.0
2016-01-01,GU_North_2,North,GU,1,2016,1.06,1.08,1.0,8.069540405601963,65.36531004376002,45.542684841410654,6451.812190202794,8.248069919377787,60.110057615974654,0.7255,563707,447921.29429382435,463562.8702970021,0.49999999999999994,0.8660254037844387
2016-02-01,GU_North_2,North,GU,2,2016,1.06,1.12,1.0,7.607996629668708,40.78629847822576,44.76009309824319,6589.405556330852,6.822158168833726,63.69308334368104,0.7255,578909,563706.666081481,584980.5536207082,0.8660254037844386,0.5000000000000001
2016-03-01,GU_North_2,North,GU,3,2016,1.06,1.15,1.0,5.837568743137588,41.28600361620661,45.56700684568969,6347.590872463644,8.262620380834035,55.83111322945889,0.7255,560461,578909.3183505653,580704.9240587152,1.0,6.123233995736766e-17
2016-04-01,GU_North_2,North,GU,4,2016,1.06,1.05,1.0,5.981681192066812,36.253947725468365,45.07473218858227,7090.462523622642,7.037415472753185,60.61583280473311,0.7255,570229,560460.9678098348,488631.0856277878,0.8660254037844387,-0.4999999999999998
2016-05-01,GU_North_2,North,GU,5,2016,1.06,0.95,1.0,7.897871272117989,89.37483324193124,46.01872296791778,6389.841339992677,5.626481781633713,58.43151519860573,0.7255,497035,570228.9276657061,404972.997397734,0.49999999999999994,-0.8660254037844387
2016-06-01,GU_North_2,North,GU,6,2016,1.06,0.72,1.0,5.0015454203940175,121.41732098099088,48.84191709817542,6584.328941460732,7.813654079785376,63.34135339156916,0.7255,346607,497034.9245838549,333351.7735750779,1.2246467991473532e-16,-1.0
2016-07-01,GU_North_2,North,GU,7,2016,1.06,0.65,1.0,8.775825063352707,167.5626120850399,46.20430961538594,6995.71356486398,6.628086145795513,66.77778950203563,0.7255,317492,346607.2852490931,271936.24681570765,-0.4999999999999997,-0.8660254037844388
2016-08-01,GU_North_2,North,GU,8,2016,1.06,0.68,1.0,7.3708755585330366,158.52430129711237,41.35103350327017,6130.182831819392,7.658951050813634,65.3840247484582,0.7255,293064,317492.2507900964,244301.2157495459,-0.8660254037844385,-0.5000000000000004
2016-09-01,GU_North_2,North,GU,9,2016,1.06,0.82,1.0,9.0,175.95160058486405,48.58768855813736,7181.455133023652,7.120168694032065,53.31336255656443,0.7255,411430,293063.79287586646,303775.00666218984,-1.0,-1.8369701987210297e-16
2016-10-01,GU_North_2,North,GU,10,2016,1.06,1.02,1.0,9.0,133.73239418551108,49.42184369046486,5791.292365615531,5.8655054176457035,70.96827861171153,0.7255,549328,411429.86814275256,434468.31271946774,-0.8660254037844386,0.5000000000000001
2016-11-01,GU_North_2,North,GU,11,2016,1.06,1.1,1.0,7.342921288682801,132.66729200735705,53.95617020353625,7213.338959000809,7.231435812296455,63.98111976248347,0.7255,553420,549327.8535883435,374505.07827960316,-0.5000000000000004,0.8660254037844384
2016-12-01,GU_North_2,North,GU,12,2016,1.06,1.15,1.0,7.433055768742243,115.99720853181906,41.12951790028121,6312.295987221662,8.85697851372224,59.694003438028,0.7255,555433,553419.6924348283,447921.29429382435,-2.4492935982947064e-16,1.0
2017-01-01,GU_North_2,North,GU,1,2017,1.12,1.08,1.0,9.0,85.99748106723908,49.72864603945082,7343.605886506303,7.094389166811568,64.22851167596376,0.721,638650,555432.7827676574,563706.666081481,0.49999999999999994,0.8660254037844387
2017-02-01,GU_North_2,North,GU,2,2017,1.12,1.12,1.0,9.0,38.065550532020296,42.75370389043304,6602.315745995356,6.65398579759563,64.30475929001076,0.721,636553,638649.7607372656,578909.3183505653,0.8660254037844386,0.5000000000000001
2017-03-01,GU_North_2,North,GU,3,2017,1.12,1.15,1.0,6.03436513107678,34.02626794027957,50.659447469137625,7248.162700207718,7.560274721565518,60.93260513219375,0.721,702464,636552.8826161495,560460.9678098348,1.0,6.123233995736766e-17
2017-04-01,GU_North_2,North,GU,4,2017,1.12,1.05,1.0,5.856349441574376,44.610236417330285,47.355399105499686,6984.907384065583,6.868534772162489,64.3916666693683,0.721,571066,702463.802821749,570228.9276657061,0.8660254037844387,-0.4999999999999998
2017-05-01,GU_North_2,North,GU,5,2017,1.12,0.95,1.0,7.253558233334743,56.92547661632116,54.77033738447486,7179.379467609618,6.867627384210236,61.17011084951877,0.721,610753,571066.3858776438,497034.9245838549,0.49999999999999994,-0.8660254037844387
2017-06-01,GU_North_2,North,GU,6,2017,1.12,0.72,1.0,8.699285099808638,117.57985771648609,46.67615508994425,7391.030388422684,5.826699862272718,61.98255202923991,0.721,398883,610753.0727476878,346607.2852490931,1.2246467991473532e-16,-1.0
2017-07-01,GU_North_2,North,GU,7,2017,1.12,0.65,1.0,8.596248308609116,128.36180883435964,43.932450886098216,7883.826549540488,6.887078420631679,60.854883456979664,0.721,333471,398882.5763241475,317492.2507900964,-0.4999999999999997,-0.8660254037844388
2017-08-01,GU_North_2,North,GU,8,2017,1.12,0.68,1.0,9.0,165.3610048994562,47.58620877789244,7546.241831157962,7.528354733133556,57.86931484104139,0.721,329816,333471.49973813153,293063.79287586646,-0.8660254037844385,-0.5000000000000004
2017-09-01,GU_North_2,North,GU,9,2017,1.12,0.82,1.0,6.56036296596163,167.79736695837929,43.07353668634859,7591.274817058182,6.031150278319981,64.18334588086154,0.721,345639,329816.02629158087,411429.86814275256,-1.0,-1.8369701987210297e-16
2017-10-01,GU_North_2,North,GU,10,2017,1.12,1.02,1.0,5.220627364437348,150.18380353992524,51.25329836352193,6959.836598047177,7.839596656997559,65.94119774606536,0.721,532192,345638.5985243943,549327.8535883435,-0.8660254037844386,0.5000000000000001
2017-11-01,GU_North_2,North,GU,11,2017,1.12,1.1,1.0,9.0,143.84782831362003,42.80475086123104,7056.480982706452,6.626635180683899,65.65953438430549,0.721,556399,532191.661129272,553419.6924348283,-0.5000000000000004,0.8660254037844384
2017-12-01,GU_North_2,North,GU,12,2017,1.12,1.15,1.0,7.006164472441719,104.50712482719804,49.08537274354948,8262.24658128577,5.9897843907691675,66.87970101054094,0.721,691773,556399.4057889037,555432.7827676574,-2.4492935982947064e-16,1.0
2018-01-01,GU_North_2,North,GU,1,2018,1.18,1.08,1.0,5.138474734513455,67.98393487139042,47.26656454043141,6016.339211328907,7.098105661536195,65.69736084005947,0.7165,656664,691772.6590289887,638649.7607372656,0.49999999999999994,0.8660254037844387
2018-02-01,GU_North_2,North,GU,2,2018,1.18,1.12,1.0,7.734736666931079,40.65844837291647,52.539106586390076,7092.473390398151,6.0705646114093845,62.26909800713239,0.7165,836578,656664.1203945088,636552.8826161495,0.8660254037844386,0.5000000000000001
2018-03-01,GU_North_2,North,GU,3,2018,1.18,1.15,1.0,8.512470997642234,37.72543322222796,58.4301344674136,6237.802137475979,6.907611909988886,67.75865545772476,0.7165,849653,836577.8897449054,702463.802821749,1.0,6.123233995736766e-17
2018-04-01,GU_North_2,North,GU,4,2018,1.18,1.05,1.0,7.414191613234288,56.96836540046517,54.58194367430738,6348.209248236945,6.06659309419317,58.96992984063227,0.7165,770041,849652.7194170266,571066.3858776438,0.8660254037844387,-0.4999999999999998
2018-05-01,GU_North_2,North,GU,5,2018,1.18,0.95,1.0,7.011242108360834,73.51078211466259,50.9095191851052,6828.843999075837,6.2521390851760765,60.79731446995009,0.7165,599414,770040.7135952743,610753.0727476878,0.49999999999999994,-0.8660254037844387
2018-06-01,GU_North_2,North,GU,6,2018,1.18,0.72,1.0,7.369425493204733,124.1371150815603,53.40638953318275,6919.531266844764,6.694848163467433,60.54319971430703,0.7165,423593,599414.1841425848,398882.5763241475,1.2246467991473532e-16,-1.0
2018-07-01,GU_North_2,North,GU,7,2018,1.18,0.65,1.0,7.115960856898882,113.97120641668522,53.55405061613334,6297.314024846779,6.532717646072005,68.72022423655724,0.7165,406528,423593.0660508906,333471.49973813153,-0.4999999999999997,-0.8660254037844388
2018-08-01,GU_North_2,North,GU,8,2018,1.18,0.68,1.0,5.94300363745162,174.38511886203145,54.91789103753022,6172.470302887677,4.7035745756386085,68.17115405656031,0.7165,390153,406527.9837981701,329816.02629158087,-0.8660254037844385,-0.5000000000000004
2018-09-01,GU_North_2,North,GU,9,2018,1.18,0.82,1.0,6.703043359391303,150.3710553877812,49.39942491015752,6322.015475137373,5.403005007924486,66.34922094817999,0.7165,452006,390152.9486613962,345638.5985243943,-1.0,-1.8369701987210297e-16
2018-10-01,GU_North_2,North,GU,10,2018,1.18,1.02,1.0,8.186196057796398,132.61385657383153,55.27770182154199,6499.260564676822,7.043527987832652,68.68771946084719,0.7165,616710,452006.47194964817,532191.661129272,-0.8660254037844386,0.5000000000000001
2018-11-01,GU_North_2,North,GU,11,2018,1.18,1.1,1.0,7.946674421431621,128.02957759888483,45.386825105191676,6748.266336063759,6.194290728878762,60.882868870352056,0.7165,620393,616709.6060140937,556399.4057889037,-0.5000000000000004,0.8660254037844384
2018-12-01,GU_North_2,North,GU,12,2018,1.18,1.15,1.0,7.762331938940005,127.30876921749989,51.61034634290857,6349.083113519737,5.881014957782862,65.79438047944393,0.7165,665765,620392.7526212238,691772.6590289887,-2.4492935982947064e-16,1.0
2019-01-01,GU_North_2,North,GU,1,2019,1.24,1.08,1.0,5.305821821775945,82.26017094963217,56.53517847264536,7598.49883411027,4.813140787794021,64.69930228646734,0.712,723935,665764.5499037725,656664.1203945088,0.49999999999999994,0.8660254037844387
2019-02-01,GU_North_2,North,GU,2,2019,1.24,1.12,1.0,6.2821962054372,47.31000618938388,59.89998047821371,8057.261879521774,5.036210942979322,68.58752841553965,0.712,837467,723934.9206524292,836577.8897449054,0.8660254037844386,0.5000000000000001
2019-03-01,GU_North_2,North,GU,3,2019,1.24,1.15,1.0,3.8875219442685744,27.723416976594372,58.06789255803061,7491.589325519004,4.282561088030443,64.73910306979121,0.712,805803,837466.8654782642,849652.7194170266,1.0,6.123233995736766e-17
2019-04-01,GU_North_2,North,GU,4,2019,1.24,1.05,1.0,6.714171996662468,44.3022519030676,53.78331083843114,7460.243785202001,5.818975425038774,63.66022844635968,0.712,785537,805803.4478790999,770040.7135952743,0.8660254037844387,-0.4999999999999998
2019-05-01,GU_North_2,North,GU,5,2019,1.24,0.95,1.0,8.21462924937628,75.25836009613874,55.045020622548954,6636.49012870932,5.421249935535163,67.36363407424396,0.712,659997,785537.4834960441,599414.1841425848,0.49999999999999994,-0.8660254037844387
2019-06-01,GU_North_2,North,GU,6,2019,1.24,0.72,1.0,4.731041441549474,110.84368691917328,58.59604002864222,6136.1714384267725,5.126729687211748,68.70467666876493,0.712,516685,659997.368691121,423593.0660508906,1.2246467991473532e-16,-1.0
2019-07-01,GU_North_2,North,GU,7,2019,1.24,0.65,1.0,5.796886792018694,104.17405859681588,57.76279797440633,7494.769078153427,5.845501259865638,62.526619220612794,0.712,386410,516684.80507193337,406527.9837981701,-0.4999999999999997,-0.8660254037844388
2019-08-01,GU_North_2,North,GU,8,2019,1.24,0.68,1.0,6.894928134452155,147.6034708972163,56.26262767109276,7277.329095923458,6.191176504682191,64.9556973145905,0.712,410172,386410.40380553156,390152.9486613962,-0.8660254037844385,-0.5000000000000004
2019-09-01,GU_North_2,North,GU,9,2019,1.24,0.82,1.0,8.00341116131298,178.26990036798466,56.557498631464064,7088.347796288217,7.574558345767956,60.966237465433395,0.712,516362,410172.10429623455,452006.47194964817,-1.0,-1.8369701987210297e-16
2019-10-01,GU_North_2,North,GU,10,2019,1.24,1.02,1.0,5.962130460439821,184.05771056243202,60.088503991477864,7429.588591883706,4.6904932643494295,55.20775593002824,0.712,626378,516362.3509794352,616709.6060140937,-0.8660254037844386,0.5000000000000001
2019-11-01,GU_North_2,North,GU,11,2019,1.24,1.1,1.0,5.6692996048809245,96.56363906424114,56.446922281392354,7292.818321861242,6.827504834640418,66.00183852565492,0.712,718008,626378.3747374886,620392.7526212238,-0.5000000000000004,0.8660254037844384
2019-12-01,GU_North_2,North,GU,12,2019,1.24,1.15,1.0,4.1372922291007,105.37359159722631,57.73572626791278,7827.501112785105,6.678481248812058,67.63562142501853,0.712,706849,718007.8597457835,665764.5499037725,-2.4492935982947064e-16,1.0
2020-01-01,GU_North_2,North,GU,1,2020,1.3,1.08,1.0,5.563465583389907,73.54492671469269,69.00980976424162,8331.57021374432,4.876725808498639,67.0482672363469,0.7075,916495,706848.7122764336,723934.9206524292,0.49999999999999994,0.8660254037844387
2020-02-01,GU_North_2,North,GU,2,2020,1.3,1.12,1.0,7.889831076392672,51.46340103500265,58.22895208934823,7956.704844746204,5.662588763668825,58.20175312898253,0.7075,904878,916494.6093219987,837466.8654782642,0.8660254037844386,0.5000000000000001
2020-03-01,GU_North_2,North,GU,3,2020,1.3,1.15,1.0,5.77216998257779,39.741430954882155,56.944471805276024,8738.39513055946,5.1338934005299075,64.5966022796941,0.7075,933099,904878.4308795265,805803.4478790999,1.0,6.123233995736766e-17
2020-04-01,GU_North_2,North,GU,4,2020,1.3,1.05,0.68,5.412605053199723,49.63499342689308,64.85076899439582,8195.111339301988,5.648550864334991,57.126608959795675,0.7075,612382,933099.4030040875,785537.4834960441,0.8660254037844387,-0.4999999999999998
2020-05-01,GU_North_2,North,GU,5,2020,1.3,0.95,0.68,5.825838601140561,63.36064252761911,60.46407081611769,8529.761830680318,6.707304810723641,71.47880443061673,0.7075,516128,612381.9480190723,659997.368691121,0.49999999999999994,-0.8660254037844387
2020-06-01,GU_North_2,North,GU,6,2020,1.3,0.72,0.68,5.4260294234818565,77.09036537860241,61.54528741677214,8077.985505241019,5.98448498610505,61.655781671527656,0.7075,347233,516128.0208066216,516684.80507193337,1.2246467991473532e-16,-1.0
2020-07-01,GU_North_2,North,GU,7,2020,1.3,0.65,1.0,4.463722581508023,135.51006044747373,60.156530865606655,8000.398224553933,5.906886698586754,71.02161443783959,0.7075,413764,347233.08840038313,386410.40380553156,-0.4999999999999997,-0.8660254037844388
2020-08-01,GU_North_2,North,GU,8,2020,1.3,0.68,1.0,6.427275727033425,195.9486015842498,61.72059957769746,8330.696026611342,5.155752544036286,69.78347857473658,0.7075,418517,413763.7729982544,410172.10429623455,-0.8660254037844385,-0.5000000000000004
2020-09-01,GU_North_2,North,GU,9,2020,1.3,0.82,1.0,5.7102536559542845,217.62327224315965,67.29561433628902,8298.593212622438,4.312754668060531,62.39763858985575,0.7075,488503,418517.1399656694,516362.3509794352,-1.0,-1.8369701987210297e-16
2020-10-01,GU_North_2,North,GU,10,2020,1.3,1.02,1.0,5.460475730540568,188.51054312054572,64.90638537585436,8508.742488942855,5.333225431567674,61.46886019492902,0.7075,662596,488502.7298342016,626378.3747374886,-0.8660254037844386,0.5000000000000001
2020-11-01,GU_North_2,North,GU,11,2020,1.3,1.1,1.0,4.268900595486279,153.27376177251747,65.08667053566093,8171.9297340383955,6.465286523891132,67.40148086554535,0.7075,698340,662595.7351872296,718007.8597457835,-0.5000000000000004,0.8660254037844384
2020-12-01,GU_North_2,North,GU,12,2020,1.3,1.15,1.0,7.00354934654189,114.15016230385265,58.25131883262206,7466.458420331101,4.278265714728282,62.622703851267715,0.7075,851804,698340.2956142843,706848.7122764336,-2.4492935982947064e-16,1.0
2021-01-01,GU_North_2,North,GU,1,2021,1.3599999999999999,1.08,1.0,5.797643294399732,65.99391753498357,63.546538790341394,6992.431429357694,4.255928505458644,67.20993856863282,0.703,859589,851804.2411751029,916494.6093219987,0.49999999999999994,0.8660254037844387
2021-02-01,GU_North_2,North,GU,2,2021,1.3599999999999999,1.12,1.0,4.336494995159238,44.755657768955615,58.482764021543716,7544.397987187186,5.201014188987254,64.86868963677233,0.703,945498,859589.3987022173,904878.4308795265,0.8660254037844386,0.5000000000000001
2021-03-01,GU_North_2,North,GU,3,2021,1.3599999999999999,1.15,1.0,6.2021898244183244,45.01297543946219,64.57185753675174,7053.360441313071,4.312276172122189,59.675366342137465,0.703,986212,945498.4287282955,933099.4030040875,1.0,6.123233995736766e-17
2021-04-01,GU_North_2,North,GU,4,2021,1.3599999999999999,1.05,1.0,4.402914993937752,39.1925463512986,69.87010955915697,7076.307145840922,4.46598124230783,57.87812792350216,0.703,968374,986212.3512547278,612381.9480190723,0.8660254037844387,-0.4999999999999998
2021-05-01,GU_North_2,North,GU,5,2021,1.3599999999999999,0.95,1.0,4.061595808986755,89.4396109396664,68.55083954724512,7631.04910463014,4.761121134617458,67.70673699397838,0.703,795017,968373.5413955193,516128.0208066216,0.49999999999999994,-0.8660254037844387
2021-06-01,GU_North_2,North,GU,6,2021,1.3599999999999999,0.72,1.0,4.088356259023655,102.78314389722865,66.33546021114363,6866.791724705953,4.00750607664788,64.5537690146775,0.703,537956,795017.1471147074,347233.08840038313,1.2246467991473532e-16,-1.0
2021-07-01,GU_North_2,North,GU,7,2021,1.3599999999999999,0.65,1.0,2.874717736294291,172.6293335564537,66.93309914884584,6492.918228763164,4.320702523026905,64.58764073234347,0.703,447225,537955.8237747651,413763.7729982544,-0.4999999999999997,-0.8660254037844388
2021-08-01,GU_North_2,North,GU,8,2021,1.3599999999999999,0.68,1.0,5.5658508565018465,134.40538052279823,64.93334337227378,7114.895673185996,5.662742333429847,69.58345535637514,0.703,477724,447224.81190462766,418517.1399656694,-0.8660254037844385,-0.5000000000000004
2021-09-01,GU_North_2,North,GU,9,2021,1.3599999999999999,0.82,1.0,2.80262614599398,195.81941343144553,67.61427664720536,6969.3013989105375,4.054104174215229,71.49376910652978,0.703,557283,477724.3737048038,488502.7298342016,-1.0,-1.8369701987210297e-16
2021-10-01,GU_North_2,North,GU,10,2021,1.3599999999999999,1.02,1.0,3.5258674024810848,151.5270870017403,69.29763483844184,6752.368833083505,3.8217022924041295,65.70982111455277,0.703,733260,557282.7206786462,662595.7351872296,-0.8660254037844386,0.5000000000000001
2021-11-01,GU_North_2,North,GU,11,2021,1.3599999999999999,1.1,1.0,2.50929438910576,113.43022865443754,62.152339637768584,7108.259371818058,4.595980016372884,65.43760517236055,0.703,714174,733259.9365942253,698340.2956142843,-0.5000000000000004,0.8660254037844384
2021-12-01,GU_North_2,North,GU,12,2021,1.3599999999999999,1.15,1.0,4.896716368650928,111.54025148705732,67.89894306351205,7408.357218233521,5.685564402007876,68.80057213245553,0.703,895393,714173.6444200679,851804.2411751029,-2.4492935982947064e-16,1.0
2022-01-01,GU_North_2,North,GU,1,2022,1.42,1.08,1.0,5.258955275893933,82.90229531683646,74.297304612864,8155.820147294135,4.542462553602488,62.172257721201696,0.6985,1061100,895392.7992825411,859589.3987022173,0.49999999999999994,0.8660254037844387
2022-02-01,GU_North_2,North,GU,2,2022,1.42,1.12,1.0,5.0473043723965425,39.860919728052856,70.2546991331099,8298.141482708459,4.328335137507505,68.49261221899079,0.6985,1040556,1061099.7089471805,945498.4287282955,0.8660254037844386,0.5000000000000001
2022-03-01,GU_North_2,North,GU,3,2022,1.42,1.15,1.0,4.188246594615488,27.905313813524636,73.60210183636175,8976.033464331593,4.735487038012485,69.80754388728862,0.6985,1077766,1040555.8435151053,986212.3512547278,1.0,6.123233995736766e-17
2022-04-01,GU_North_2,North,GU,4,2022,1.42,1.05,1.0,4.032659324096211,45.017316655775744,79.94396333341766,8005.704512298747,3.3034340537122775,70.32092083367051,0.6985,1064365,1077765.9041986072,968373.5413955193,0.8660254037844387,-0.4999999999999998
2022-05-01,GU_North_2,North,GU,5,2022,1.42,0.95,1.0,5.996583664476068,71.05569844920645,71.18697162103932,8285.256885589753,5.0957645230200255,59.85298918999013,0.6985,844026,1064365.418871664,795017.1471147074,0.49999999999999994,-0.8660254037844387
2022-06-01,GU_North_2,North,GU,6,2022,1.42,0.72,1.0,4.778677510169993,116.88277796638287,72.67992115001597,7930.853986830041,5.006748025122914,64.55457892076423,0.6985,678183,844025.7511155088,537955.8237747651,1.2246467991473532e-16,-1.0
2022-07-01,GU_North_2,North,GU,7,2022,1.42,0.65,1.0,5.818969814063553,164.51124274147293,69.28582874901582,7779.138126050514,4.372553220723423,64.08694698870613,0.6985,494923,678183.0548900703,447224.81190462766,-0.4999999999999997,-0.8660254037844388
2022-08-01,GU_North_2,North,GU,8,2022,1.42,0.68,1.0,4.377041404871112,168.83558852725886,72.04375348780616,7896.791555961655,5.504739609437133,67.99954781763685,0.6985,542433,494922.722165334,477724.3737048038,-0.8660254037844385,-0.5000000000000004
2022-09-01,GU_North_2,North,GU,9,2022,1.42,0.82,1.0,5.656615119545478,230.0985894994451,72.8808148749469,7944.558642814892,3.7980031208375684,69.52297831907192,0.6985,599446,542433.123456511,557282.7206786462,-1.0,-1.8369701987210297e-16
2022-10-01,GU_North_2,North,GU,10,2022,1.42,1.02,1.0,7.003273472999456,176.08371617388104,72.08452702081041,8321.764108895859,5.6023271946028546,73.58684162978392,0.6985,793712,599446.3569495443,733259.9365942253,-0.8660254037844386,0.5000000000000001
2022-11-01,GU_North_2,North,GU,11,2022,1.42,1.1,1.0,6.142738788691519,136.51718747025097,68.44091404087342,9217.084104014993,4.8235949324762,65.6201380785277,0.6985,890058,793712.1890676523,714173.6444200679,-0.5000000000000004,0.8660254037844384
2022-12-01,GU_North_2,North,GU,12,2022,1.42,1.15,1.0,4.944443246360403,81.8926087825342,72.11908531397636,7837.780453675524,4.430757928097461,65.60971000676314,0.6985,1094977,890058.1586861884,895392.7992825411,-2.4492935982947064e-16,1.0
2023-01-01,GU_North_2,North,GU,1,2023,1.48,1.08,1.0,6.808638764427113,69.16327718058538,80.38658781615291,8945.338935500558,4.284101091705351,72.99868807551499,0.694,1199169,1094977.1786131635,1061099.7089471805,0.49999999999999994,0.8660254037844387
2023-02-01,GU_North_2,North,GU,2,2023,1.48,1.12,1.0,6.211201790563744,43.34295452631694,77.34590729354358,9104.414967127454,4.214188187351247,69.58630775412122,0.694,1325884,1199169.2499265496,1040555.8435151053,0.8660254037844386,0.5000000000000001
2023-03-01,GU_North_2,North,GU,3,2023,1.48,1.15,1.0,6.509456221633674,41.18564589991995,78.88596156721552,9310.929804946902,5.2762263171341734,73.4706060447519,0.694,1387649,1325884.4806706544,1077765.9041986072,1.0,6.123233995736766e-17
2023-04-01,GU_North_2,North,GU,4,2023,1.48,1.05,1.0,6.1092667374217955,48.81276191082063,75.28896408996212,9251.41818840717,3.438656698023189,69.55491201203935,0.694,1178916,1387648.776302745,1064365.418871664,0.8660254037844387,-0.4999999999999998
2023-05-01,GU_North_2,North,GU,5,2023,1.48,0.95,1.0,6.302797752937531,59.26281348636773,78.24970071827113,9710.663430304168,3.689984608682721,63.77153352514692,0.694,1003311,1178915.9100664586,844025.7511155088,0.49999999999999994,-0.8660254037844387
2023-06-01,GU_North_2,North,GU,6,2023,1.48,0.72,1.0,6.75451202368901,110.7905210598588,76.83780351464958,8040.943891286672,5.129042313657983,63.06748658088878,0.694,686524,1003310.6518756432,678183.0548900703,1.2246467991473532e-16,-1.0
2023-07-01,GU_North_2,North,GU,7,2023,1.48,0.65,1.0,5.307969560501659,158.50507330934755,73.1472678109383,8058.701881439463,3.8235720518529126,62.19395100376429,0.694,532098,686524.1245558251,494922.722165334,-0.4999999999999997,-0.8660254037844388
2023-08-01,GU_North_2,North,GU,8,2023,1.48,0.68,1.0,5.280945407612026,209.3997280246611,76.95556301439662,8909.675145622949,5.020426461865274,71.0482073390339,0.694,546967,532098.3723205164,542433.123456511,-0.8660254037844385,-0.5000000000000004
2023-09-01,GU_North_2,North,GU,9,2023,1.48,0.82,1.0,4.8337489354025465,203.9626071201796,73.02491000967908,9626.605407422185,5.659548786406967,73.15438729234803,0.694,631465,546966.7834114879,599446.3569495443,-1.0,-1.8369701987210297e-16
2023-10-01,GU_North_2,North,GU,10,2023,1.48,1.02,1.0,4.579674674595548,189.79580020732143,74.10135917534562,8428.278708804997,3.978563978446693,75.79744856554552,0.694,703847,631464.6688002711,793712.1890676523,-0.8660254037844386,0.5000000000000001
2023-11-01,GU_North_2,North,GU,11,2023,1.48,1.1,1.0,5.039260769335424,145.29785748368752,76.56798492187713,7779.385770165325,4.845089861260244,71.77242132929297,0.694,986120,703847.0910945954,890058.1586861884,-0.5000000000000004,0.8660254037844384
2023-12-01,GU_North_2,North,GU,12,2023,1.48,1.15,1.0,6.691355008164955,114.29065448785991,76.89173282014038,9389.85105582616,3.377046174928113,73.05135431013994,0.694,1142554,986119.6939095244,1094977.1786131635,-2.4492935982947064e-16,1.0
2024-01-01,GU_North_2,North,GU,1,2024,1.54,1.08,1.0,6.48931515318956,85.49465292762652,76.93230260476861,8136.82542763879,4.5037866384542475,66.87993466938526,0.6895,1162770,1142553.7808617016,1199169.2499265496,0.49999999999999994,0.8660254037844387
2024-02-01,GU_North_2,North,GU,2,2024,1.54,1.12,1.0,8.176997528857136,36.52074319346663,83.66195731354863,7536.585893912825,4.0595391887894134,64.57433673302458,0.6895,1645099,1162769.774858819,1325884.4806706544,0.8660254037844386,0.5000000000000001
2024-03-01,GU_North_2,North,GU,3,2024,1.54,1.15,1.0,7.602316670282895,34.11302763302844,82.21601883490142,7583.68685664815,4.278430625728172,72.60031732967022,0.6895,1565135,1645099.4038606633,1387648.776302745,1.0,6.123233995736766e-17
2024-04-01,GU_North_2,North,GU,4,2024,1.54,1.05,1.0,5.1984551156541565,40.35645015367223,78.38581469316735,7590.795003136965,3.3835423423716837,70.87072300895761,0.6895,1305926,1565135.2000949858,1178915.9100664586,0.8660254037844387,-0.4999999999999998
2024-05-01,GU_North_2,North,GU,5,2024,1.54,0.95,1.0,8.346630872845848,76.09485368224213,75.88724561065247,8076.920569835841,2.5711332675462617,69.62977749736358,0.6895,1099857,1305925.9586773093,1003310.6518756432,0.49999999999999994,-0.8660254037844387
2024-06-01,GU_North_2,North,GU,6,2024,1.54,0.72,1.0,8.533618546489873,127.92959924554276,80.0652862627557,7745.337802690215,4.302601651799604,70.74948592253196,0.6895,855434,1099857.384965346,686524.1245558251,1.2246467991473532e-16,-1.0
2024-07-01,GU_North_2,North,GU,7,2024,1.54,0.65,1.0,6.368024961977997,131.1053554068248,79.16216885841652,8249.508440511552,2.2492774780164364,70.49274192983283,0.6895,726784,855434.0890639455,532098.3723205164,-0.4999999999999997,-0.8660254037844388
2024-08-01,GU_North_2,North,GU,8,2024,1.54,0.68,1.0,8.064890023253811,109.27420382541608,80.83942137115906,6742.597678665592,3.646119606205972,74.33526743941425,0.6895,858689,726784.0383440654,546966.7834114879,-0.8660254037844385,-0.5000000000000004
2024-09-01,GU_North_2,North,GU,9,2024,1.54,0.82,1.0,6.532862286888783,168.8700398843393,79.4106500165333,7641.596337665058,4.6529454931359755,74.37994233926783,0.6895,751961,858689.3212612803,631464.6688002711,-1.0,-1.8369701987210297e-16
2024-10-01,GU_North_2,North,GU,10,2024,1.54,1.02,1.0,7.677864623877824,193.6958912734236,74.47762941776497,7520.455394562596,4.053518188698429,71.37688140936139,0.6895,925730,751960.9665012177,703847.0910945954,-0.8660254037844386,0.5000000000000001
2024-11-01,GU_North_2,North,GU,11,2024,1.54,1.1,1.0,6.043262083433862,155.6128059037174,79.33495918509652,7911.826371704947,5.458674115831851,72.58321149025171,0.6895,1054568,925730.4337052081,986119.6939095244,-0.5000000000000004,0.8660254037844384
2024-12-01,GU_North_2,North,GU,12,2024,1.54,1.15,1.0,5.4089324287383285,114.93661721453134,79.58314266679506,7785.058185652006,4.720087322065419,71.2562502096991,0.6895,1219340,1054567.9731046888,1142553.7808617016,-2.4492935982947064e-16,1.0
2025-01-01,GU_North_2,North,GU,1,2025,1.6,1.08,1.0,7.5406193724644375,68.97607233975562,86.90098307432217,9359.029700952548,2.9768812893395387,68.15532107186152,0.6849999999999999,1481676,1219340.070041041,1162769.774858819,0.49999999999999994,0.8660254037844387
2025-02-01,GU_North_2,North,GU,2,2025,1.6,1.12,1.0,7.8515252644701965,36.88874258646432,82.90540097616685,8163.298452752427,3.521850703881151,73.02625869965256,0.6849999999999999,1478889,1481676.2683303738,1645099.4038606633,0.8660254037844386,0.5000000000000001
2025-03-01,GU_North_2,North,GU,3,2025,1.6,1.15,1.0,7.522784367662475,38.782589336772126,90.0360240201177,9020.471164348291,3.4621034379644513,64.42201972456296,0.6849999999999999,1669404,1478889.1936088698,1565135.2000949858,1.0,6.123233995736766e-17
2025-04-01,GU_North_2,North,GU,4,2025,1.6,1.05,1.0,6.579163330132928,39.933905412136184,79.26507834804472,9251.25139044472,2.2342585893230984,74.21556620918354,0.6849999999999999,1164039,1669403.9869756526,1305925.9586773093,0.8660254037844387,-0.4999999999999998
2025-05-01,GU_North_2,North,GU,5,2025,1.6,0.95,1.0,7.5201211254426354,95.58824472050892,88.93350249340787,9835.491346452332,2.747680866812517,65.22190824093586,0.6849999999999999,1307595,1164039.3387245955,1099857.384965346,0.49999999999999994,-0.8660254037844387
2025-06-01,GU_North_2,North,GU,6,2025,1.6,0.72,1.0,8.323153703096882,117.24221677534315,84.32704308736568,8783.20531300739,3.051391274416112,71.14321314717893,0.6849999999999999,855747,1307594.7359891282,855434.0890639455,1.2246467991473532e-16,-1.0
2025-07-01,GU_North_2,North,GU,7,2025,1.6,0.65,1.0,7.946128363852956,131.45799666483464,87.57875461703067,9146.006371958085,1.8710235977152507,66.61938416629536,0.6849999999999999,788708,855746.7696420697,726784.0383440654,-0.4999999999999997,-0.8660254037844388
2025-08-01,GU_North_2,North,GU,8,2025,1.6,0.68,1.0,8.219001236719055,154.73105638281788,85.2394044521762,8188.261743346388,3.5379947746013145,72.21355593229771,0.6849999999999999,775715,788707.7891428844,858689.3212612803,-0.8660254037844385,-0.5000000000000004
2025-09-01,GU_North_2,North,GU,9,2025,1.6,0.82,1.0,7.195861759454921,177.4905064214331,88.4186666080764,7923.619708058592,3.3007425242775676,69.86429909628836,0.6849999999999999,972401,775714.729861262,751960.9665012177,-1.0,-1.8369701987210297e-16
2025-10-01,GU_North_2,North,GU,10,2025,1.6,1.02,1.0,9.0,164.2338186494861,83.83791410634157,9380.148469101217,2.161684878950741,63.62097616734667,0.6849999999999999,974882,972400.8508693371,925730.4337052081,-0.8660254037844386,0.5000000000000001
2025-11-01,GU_North_2,North,GU,11,2025,1.6,1.1,1.0,6.588591996134263,168.123609551447,81.70413872446656,8997.49786785782,3.8233702922218655,71.68279852407392,0.6849999999999999,1121657,974882.3821635951,1054567.9731046888,-0.5000000000000004,0.8660254037844384
2025-12-01,GU_North_2,North,GU,12,2025,1.6,1.15,1.0,8.585072356504062,111.01994194985356,89.26151286181319,9530.330710408743,4.072698195752768,67.68831689266916,0.6849999999999999,1480921,1121656.994966051,1219340.070041041,-2.4492935982947064e-16,1.0
2015-01-01,GU_North_3,North,GU,1,2015,1.0,1.08,1.0,5.955636334889981,69.45210148342906,41.897362649926905,4560.042399399077,8.097289091681725,59.43567493384658,0.73,478859,,,0.49999999999999994,0.8660254037844387
2015-02-01,GU_North_3,North,GU,2,2015,1.0,1.12,1.0,8.571471854762759,42.86025791474052,38.577465474688104,6426.159736713263,7.760462253429656,64.63621737565367,0.73,569850,478859.3689668701,,0.8660254037844386,0.5000000000000001
2015-03-01,GU_North_3,North,GU,3,2015,1.0,1.15,1.0,5.435204649373075,33.11231397744066,37.68468412782138,5577.075926612364,9.32066034211811,66.10757847303165,0.73,487737,569849.6307382302,,1.0,6.123233995736766e-17
2015-04-01,GU_North_3,North,GU,4,2015,1.0,1.05,1.0,7.426155412682793,47.66581855042408,44.82856199732792,5686.3459462777755,6.81822028560214,64.39831016498142,0.73,570530,487736.8912263493,,0.8660254037844387,-0.4999999999999998
2015-05-01,GU_North_3,North,GU,5,2015,1.0,0.95,1.0,6.9275033464473,55.82961743207064,40.68248762719616,5481.121189528025,7.914481361623981,68.47515055864348,0.73,440414,570530.0720206908,,0.49999999999999994,-0.8660254037844387
2015-06-01,GU_North_3,North,GU,6,2015,1.0,0.72,1.0,8.013823103042618,128.751221142001,41.90790325213521,5176.3771166465685,7.07663919215079,63.66330651782137,0.73,284049,440414.3179292244,,1.2246467991473532e-16,-1.0
2015-07-01,GU_North_3,North,GU,7,2015,1.0,0.65,1.0,5.699373098266993,129.62687836040365,37.53377196451622,5423.513660545686,6.8045704104090845,57.13241315863933,0.73,235638,284048.8015245172,,-0.4999999999999997,-0.8660254037844388
2015-08-01,GU_North_3,North,GU,8,2015,1.0,0.68,1.0,5.620437321051489,188.80068251725302,36.342146600433416,4787.452033985193,7.491306290372022,67.45350605415337,0.73,210291,235637.59787955089,,-0.8660254037844385,-0.5000000000000004
2015-09-01,GU_North_3,North,GU,9,2015,1.0,0.82,1.0,7.815283888972878,145.71003787036534,38.291650676523666,6531.86860109662,7.609881983525629,59.57937505757601,0.73,320914,210291.4120000829,,-1.0,-1.8369701987210297e-16
2015-10-01,GU_North_3,North,GU,10,2015,1.0,1.02,1.0,7.010385569996132,187.4447506638624,39.62793583783001,4951.649277682555,9.834538844048074,65.64167399874228,0.73,352962,320913.7687518051,,-0.8660254037844386,0.5000000000000001
2015-11-01,GU_North_3,North,GU,11,2015,1.0,1.1,1.0,4.6460751839878895,158.51400352879315,36.807339979547955,5042.7948492414025,7.352683347453438,68.29493686622043,0.73,391692,352962.0944147938,,-0.5000000000000004,0.8660254037844384
2015-12-01,GU_North_3,North,GU,12,2015,1.0,1.15,1.0,5.852833982644076,114.22407356649553,39.97046557404885,5309.063034998753,6.595857016412253,63.8267520429216,0.73,464703,391691.9324644849,,-2.4492935982947064e-16,1.0
2016-01-01,GU_North_3,North,GU,1,2016,1.06,1.08,1.0,8.024319356397495,61.26017196456225,39.4344844357945,7059.63407618362,7.318408573995508,56.8153647473414,0.7255,526430,464703.12577877165,478859.3689668701,0.49999999999999994,0.8660254037844387
2016-02-01,GU_North_3,North,GU,2,2016,1.06,1.12,1.0,8.565977237635728,47.35480882507748,41.139857732590386,6486.529049668245,5.440287969962905,59.12715133396083,0.7255,620810,526429.897036496,569849.6307382302,0.8660254037844386,0.5000000000000001
2016-03-01,GU_North_3,North,GU,3,2016,1.06,1.15,1.0,6.745583387948275,29.6114966024343,46.512733744830626,5923.738891786342,7.026434573916587,68.09097786754054,0.7255,697017,620810.0979767597,487736.8912263493,1.0,6.123233995736766e-17
2016-04-01,GU_North_3,North,GU,4,2016,1.06,1.05,1.0,4.063552983999491,43.915519715572884,46.311371560833685,7044.452262340853,7.112820225836128,62.12350925742873,0.7255,522958,697017.3614033941,570530.0720206908,0.8660254037844387,-0.4999999999999998
2016-05-01,GU_North_3,North,GU,5,2016,1.06,0.95,1.0,8.18852799466426,83.11766149031752,43.3243697038394,6808.950282053516,7.735680306356169,63.11829413976866,0.7255,466537,522958.0069716204,440414.3179292244,0.49999999999999994,-0.8660254037844387
2016-06-01,GU_North_3,North,GU,6,2016,1.06,0.72,1.0,6.09627534384705,120.906571218546,41.446707072769144,6722.2957307474535,7.878897799542277,65.83529766465443,0.7255,280546,466537.10608435085,284048.8015245172,1.2246467991473532e-16,-1.0
2016-07-01,GU_North_3,North,GU,7,2016,1.06,0.65,1.0,5.139853614032928,144.32795155887334,41.417789345421966,6802.080408526928,6.6971443048738255,65.58529144832129,0.7255,249692,280545.7440488662,235637.59787955089,-0.4999999999999997,-0.8660254037844388
2016-08-01,GU_North_3,North,GU,8,2016,1.06,0.68,1.0,4.161869061798852,145.44452415045626,43.38019526217606,7557.4628552621525,6.979508788296053,63.91519924954184,0.7255,258387,249691.91114505142,210291.4120000829,-0.8660254037844385,-0.5000000000000004
2016-09-01,GU_North_3,North,GU,9,2016,1.06,0.82,1.0,8.53743720401711,197.43086822870322,46.43355547493587,7463.292702766301,6.487103335511463,61.965326515118136,0.7255,363810,258387.19238829508,320913.7687518051,-1.0,-1.8369701987210297e-16
2016-10-01,GU_North_3,North,GU,10,2016,1.06,1.02,1.0,7.715001112265781,170.849079280583,47.284737074032975,6170.978095648567,6.1975499561538445,61.549326217070565,0.7255,465928,363810.21396796434,352962.0944147938,-0.8660254037844386,0.5000000000000001
2016-11-01,GU_North_3,North,GU,11,2016,1.06,1.1,1.0,7.289872514925119,93.88118307822286,43.010404793554095,7210.748246765069,7.347915823504508,66.23159530116537,0.7255,550752,465927.614919191,391691.9324644849,-0.5000000000000004,0.8660254037844384
2016-12-01,GU_North_3,North,GU,12,2016,1.06,1.15,1.0,9.0,120.6786031863276,41.039522722045646,6652.425685391555,6.08113156112272,65.01427812427117,0.7255,526094,550751.5769573972,464703.12577877165,-2.4492935982947064e-16,1.0
2017-01-01,GU_North_3,North,GU,1,2017,1.12,1.08,1.0,8.764789619627686,71.73828539420732,49.803530913599,7677.413440289668,6.36829847954251,62.570799997528844,0.721,667364,526094.1066535551,526429.897036496,0.49999999999999994,0.8660254037844387
2017-02-01,GU_North_3,North,GU,2,2017,1.12,1.12,1.0,9.0,53.87926520713725,46.52939508812245,6691.298448788182,5.9038608320806105,67.92844925197257,0.721,740506,667363.5407614209,620810.0979767597,0.8660254037844386,0.5000000000000001
2017-03-01,GU_North_3,North,GU,3,2017,1.12,1.15,1.0,6.328717433399604,30.085539198248853,47.445242083416396,7376.146728602992,7.139746549032208,63.083863539480866,0.721,697215,740505.9327319722,697017.3614033941,1.0,6.123233995736766e-17
2017-04-01,GU_North_3,North,GU,4,2017,1.12,1.05,1.0,7.958539251255244,23.895516141032843,52.975828271311116,7087.049707376226,8.141144079413191,60.19335130266243,0.721,729673,697214.9773898768,522958.0069716204,0.8660254037844387,-0.4999999999999998
2017-05-01,GU_North_3,North,GU,5,2017,1.12,0.95,1.0,6.059943950062383,75.01410567012799,51.481346285697306,7825.44678972967,5.658729613757335,60.56411720438662,0.721,528913,729672.9769997721,466537.10608435085,0.49999999999999994,-0.8660254037844387
2017-06-01,GU_North_3,North,GU,6,2017,1.12,0.72,1.0,7.72474120177344,112.72333156224796,49.473922936754356,7934.806548208942,5.217585213681945,59.685036654760935,0.721,383108,528913.2883263314,280545.7440488662,1.2246467991473532e-16,-1.0
2017-07-01,GU_North_3,North,GU,7,2017,1.12,0.65,1.0,7.701660975479987,107.48149284370064,45.18424299666183,6519.30146507034,6.600090491719946,62.51035993358525,0.721,327964,383108.39468977554,249691.91114505142,-0.4999999999999997,-0.8660254037844388
2017-08-01,GU_North_3,North,GU,8,2017,1.12,0.68,1.0,8.751936364715686,145.35015741487078,49.63418970241197,7442.904634225759,6.712558236766207,68.53489711334477,0.721,358385,327964.2668478625,258387.19238829508,-0.8660254037844385,-0.5000000000000004
2017-09-01,GU_North_3,North,GU,9,2017,1.12,0.82,1.0,8.054676657370278,254.39087908043734,52.18797187236258,7957.658000185093,6.874927445405838,60.379619275877964,0.721,384717,358385.0501115238,363810.21396796434,-1.0,-1.8369701987210297e-16
2017-10-01,GU_North_3,North,GU,10,2017,1.12,1.02,1.0,8.748088565935898,162.54453832353573,47.87309900270339,7368.81478998663,6.342943587812524,64.35390304407241,0.721,516298,384716.54551570234,465927.614919191,-0.8660254037844386,0.5000000000000001
2017-11-01,GU_North_3,North,GU,11,2017,1.12,1.1,1.0,8.844128159766672,159.78871388972627,53.05334226996015,7780.898963278744,6.539488560939654,60.97324261749035,0.721,567013,516297.6684198201,550751.5769573972,-0.5000000000000004,0.8660254037844384
2017-12-01,GU_North_3,North,GU,12,2017,1.12,1.15,1.0,9.0,97.4593107966322,52.87823586855462,7610.844783459868,6.994008328432482,62.55876383491425,0.721,789934,567012.6677523678,526094.1066535551,-2.4492935982947064e-16,1.0
2018-01-01,GU_North_3,North,GU,1,2018,1.18,1.08,1.0,7.182304185436472,49.42472869238591,58.49119849643042,6500.9267813510505,7.132344714115871,58.359835152059,0.7165,820793,789933.824019906,667363.5407614209,0.49999999999999994,0.8660254037844387
2018-02-01,GU_North_3,North,GU,2,2018,1.18,1.12,1.0,6.431432930980166,44.48042537226054,54.41572937959406,6225.0879368416345,4.7359609837453736,63.51784708337386,0.7165,718564,820793.18778073,740505.9327319722,0.8660254037844386,0.5000000000000001
2018-03-01,GU_North_3,North,GU,3,2018,1.18,1.15,1.0,7.855960510159512,34.56573537445503,55.26217509941804,5799.7183151112995,6.00484844877483,63.62517848078016,0.7165,849779,718563.6782243743,697214.9773898768,1.0,6.123233995736766e-17
2018-04-01,GU_North_3,North,GU,4,2018,1.18,1.05,1.0,6.597924139212369,42.90823436265258,57.74256186499327,5842.4911106311065,6.471047035152851,66.5611517761428,0.7165,781811,849779.2748440622,729672.9769997721,0.8660254037844387,-0.4999999999999998
2018-05-01,GU_North_3,North,GU,5,2018,1.18,0.95,1.0,9.0,70.76187897653097,54.84218181120693,6666.3883084772615,5.565619116311411,65.29312365302148,0.7165,751027,781810.7461032682,528913.2883263314,0.49999999999999994,-0.8660254037844387
2018-06-01,GU_North_3,North,GU,6,2018,1.18,0.72,1.0,7.2207985250455415,112.2811460006593,51.99629767662936,6355.935891955866,7.68493570541384,59.606431500191825,0.7165,411595,751026.9386473686,383108.39468977554,1.2246467991473532e-16,-1.0
2018-07-01,GU_North_3,North,GU,7,2018,1.18,0.65,1.0,6.881968530331033,140.7574738529178,52.154371490416416,6284.849166899117,5.7916720958170105,68.73679297617417,0.7165,392886,411594.5404391062,327964.2668478625,-0.4999999999999997,-0.8660254037844388
2018-08-01,GU_North_3,North,GU,8,2018,1.18,0.68,1.0,6.99508130639848,138.0545854703198,54.215664861321216,6156.42915792731,6.266965850394174,65.24121216088798,0.7165,437979,392885.7137476654,358385.0501115238,-0.8660254037844385,-0.5000000000000004
2018-09-01,GU_North_3,North,GU,9,2018,1.18,0.82,1.0,8.42276107994579,193.12698937217232,49.62831573416135,6209.84469650603,6.744817677473833,65.19357406870995,0.7165,418944,437978.60976191907,384716.54551570234,-1.0,-1.8369701987210297e-16
2018-10-01,GU_North_3,North,GU,10,2018,1.18,1.02,1.0,7.371363791902039,120.54138765174228,53.07022325390742,6818.289984492031,5.826972168958484,64.36327058645945,0.7165,611236,418943.82757959847,516297.6684198201,-0.8660254037844386,0.5000000000000001
2018-11-01,GU_North_3,North,GU,11,2018,1.18,1.1,1.0,6.790659987623362,99.71227892266128,56.78964135469076,6196.319840131757,4.822741561756466,62.32897021111113,0.7165,684758,611236.1286789636,567012.6677523678,-0.5000000000000004,0.8660254037844384
2018-12-01,GU_North_3,North,GU,12,2018,1.18,1.15,1.0,9.0,119.97472401416542,46.92623844650416,5743.700555986663,5.957076378466773,65.27120935899491,0.7165,674092,684757.950018799,789933.824019906,-2.4492935982947064e-16,1.0
2019-01-01,GU_North_3,North,GU,1,2019,1.24,1.08,1.0,5.4725961912059,77.47581893906185,62.60344630538354,7654.643298992929,6.723552444741633,67.10235374371433,0.712,786786,674092.2605456962,820793.18778073,0.49999999999999994,0.8660254037844387
2019-02-01,GU_North_3,North,GU,2,2019,1.24,1.12,1.0,6.542679288839592,45.253189130827884,61.36712265610948,7227.805501260728,5.63048389857189,58.21241723461778,0.712,923485,786786.2251636253,718563.6782243743,0.8660254037844386,0.5000000000000001
2019-03-01,GU_North_3,North,GU,3,2019,1.24,1.15,1.0,7.282767381932277,28.464578074322613,56.62070615250857,7334.1281394896005,5.222852558832818,63.04495665061562,0.712,958796,923485.1208435425,849779.2748440622,1.0,6.123233995736766e-17
2019-04-01,GU_North_3,North,GU,4,2019,1.24,1.05,1.0,4.5423978674995125,40.79915735759983,59.63017248361543,8043.410237879631,6.6405377676021775,64.18021211838564,0.712,724563,958796.4504952234,781810.7461032682,0.8660254037844387,-0.4999999999999998
2019-05-01,GU_North_3,North,GU,5,2019,1.24,0.95,1.0,7.07631260168711,69.16233512498576,58.00944318071898,7310.747749192123,5.635380083181558,66.22468242277712,0.712,627393,724563.3089671866,751026.9386473686,0.49999999999999994,-0.8660254037844387
2019-06-01,GU_North_3,North,GU,6,2019,1.24,0.72,1.0,5.233870789423461,82.14651770909936,61.68997110531605,7450.132652903278,5.491871349079826,69.9732440237085,0.712,511441,627393.2213644071,411594.5404391062,1.2246467991473532e-16,-1.0
2019-07-01,GU_North_3,North,GU,7,2019,1.24,0.65,1.0,7.487339337000803,128.03698098669815,60.94804942830982,6789.484428915604,6.019564871730648,62.11303674161287,0.712,468190,511440.5380960642,392885.7137476654,-0.4999999999999997,-0.8660254037844388
2019-08-01,GU_North_3,North,GU,8,2019,1.24,0.68,1.0,5.344818785697228,187.02287471176103,53.799787830450974,7221.148746441919,6.51660016769503,63.20815261272863,0.712,365949,468189.54223817907,437978.60976191907,-0.8660254037844385,-0.5000000000000004
2019-09-01,GU_North_3,North,GU,9,2019,1.24,0.82,1.0,7.331322838218632,218.53724483580885,59.76178724039253,7594.286720343722,7.805370825386037,63.1498635574138,0.712,468999,365948.5234092523,418943.82757959847,-1.0,-1.8369701987210297e-16
2019-10-01,GU_North_3,North,GU,10,2019,1.24,1.02,1.0,7.826999679553655,159.63598164826175,57.38311643907026,6620.0818197712915,6.561788886125939,61.99388963958184,0.712,663938,468998.5873089425,611236.1286789636,-0.8660254037844386,0.5000000000000001
2019-11-01,GU_North_3,North,GU,11,2019,1.24,1.1,1.0,7.5337238307593655,160.34014845322773,58.2484977115543,7410.38029190192,6.827871973110676,63.81125401955095,0.712,762069,663937.9683559512,684757.950018799,-0.5000000000000004,0.8660254037844384
2019-12-01,GU_North_3,North,GU,12,2019,1.24,1.15,1.0,6.801579977885723,76.99222685648304,55.815484297090556,7365.355982690014,5.495227040809716,68.28320887995189,0.712,822457,762068.9881349258,674092.2605456962,-2.4492935982947064e-16,1.0
2020-01-01,GU_North_3,North,GU,1,2020,1.3,1.08,1.0,5.161778696704539,79.122073404027,67.7444112073625,8311.399678042128,4.679305515224419,61.784658018542615,0.7075,843551,822457.4374983038,786786.2251636253,0.49999999999999994,0.8660254037844387
2020-02-01,GU_North_3,North,GU,2,2020,1.3,1.12,1.0,4.747636336618366,40.14159591418647,65.62018545970773,8759.54182742399,5.549865079695298,67.71125758061162,0.7075,887330,843551.1895614144,923485.1208435425,0.8660254037844386,0.5000000000000001
2020-03-01,GU_North_3,North,GU,3,2020,1.3,1.15,1.0,7.204581457200703,37.65966633022303,60.2806865080811,8443.317654709614,5.585735932207677,59.19239107992666,0.7075,953505,887329.5508788272,958796.4504952234,1.0,6.123233995736766e-17
2020-04-01,GU_North_3,North,GU,4,2020,1.3,1.05,0.68,4.5999455640190074,43.94982854291898,58.496168179269304,8957.95267728818,4.637189806908323,63.75464801423118,0.7075,567982,953504.8483648727,724563.3089671866,0.8660254037844387,-0.4999999999999998
2020-05-01,GU_North_3,North,GU,5,2020,1.3,0.95,0.68,4.194860539936184,86.26047130566542,61.342982107066454,7845.705041010463,5.3597643760767895,64.68204279912806,0.7075,450434,567982.2488470966,627393.2213644071,0.49999999999999994,-0.8660254037844387
2020-06-01,GU_North_3,North,GU,6,2020,1.3,0.72,0.68,6.237782550259575,93.83414249689332,63.80350793827392,8353.986378276037,5.819454081375305,72.69943869165625,0.7075,375380,450433.88738382387,511440.5380960642,1.2246467991473532e-16,-1.0
2020-07-01,GU_North_3,North,GU,7,2020,1.3,0.65,1.0,4.483975664396384,157.55629602733555,63.22061753183867,8330.830376903255,5.788314716014464,64.90079078098925,0.7075,403285,375379.8743080647,468189.54223817907,-0.4999999999999997,-0.8660254037844388
2020-08-01,GU_North_3,North,GU,8,2020,1.3,0.68,1.0,4.299263631260827,163.21155407844458,66.25939847430473,7811.655800837993,5.903430282707418,57.19502610619632,0.7075,473456,403284.86517532007,365948.5234092523,-0.8660254037844385,-0.5000000000000004
2020-09-01,GU_North_3,North,GU,9,2020,1.3,0.82,1.0,3.707014713616461,175.7257520937391,64.86975916654255,8723.153073968886,5.732771784109954,58.004444372555,0.7075,552298,473456.3120813277,468998.5873089425,-1.0,-1.8369701987210297e-16
2020-10-01,GU_North_3,North,GU,10,2020,1.3,1.02,1.0,4.859848020867558,165.65579686904653,65.40870707725873,9338.923310661548,5.094393072583955,66.13611834538672,0.7075,674265,552298.4475319943,663937.9683559512,-0.8660254037844386,0.5000000000000001
2020-11-01,GU_North_3,North,GU,11,2020,1.3,1.1,1.0,5.340081799544387,125.73346094292717,63.48056620183131,8285.167589510056,5.088879498680925,68.45508342315964,0.7075,772991,674264.9273662429,762068.9881349258,-0.5000000000000004,0.8660254037844384
2020-12-01,GU_North_3,North,GU,12,2020,1.3,1.15,1.0,5.731049901413018,107.77159675231194,58.33210380936703,8520.079812750975,4.540838881604899,67.501823430509,0.7075,785010,772990.5588629701,822457.4374983038,-2.4492935982947064e-16,1.0
2021-01-01,GU_North_3,North,GU,1,2021,1.3599999999999999,1.08,1.0,6.14156749315938,71.32339920108433,66.41290440655929,7225.212991089366,6.527820031348075,67.47028042320396,0.703,822470,785009.6624337353,843551.1895614144,0.49999999999999994,0.8660254037844387
2021-02-01,GU_North_3,North,GU,2,2021,1.3599999999999999,1.12,1.0,5.6322775083989525,47.29792496952607,70.180269219726,6866.06657551424,5.110760291695434,71.44903839002266,0.703,1103257,822469.7008499043,887329.5508788272,0.8660254037844386,0.5000000000000001
2021-03-01,GU_North_3,North,GU,3,2021,1.3599999999999999,1.15,1.0,4.770953336536184,36.45632778674146,66.84543121442606,6367.837551961561,4.9201175553641185,64.64163511705146,0.703,1047634,1103257.0070229555,953504.8483648727,1.0,6.123233995736766e-17
2021-04-01,GU_North_3,North,GU,4,2021,1.3599999999999999,1.05,1.0,4.762165188344336,51.10998026914489,68.50927110587124,6869.581609579554,4.356966334838033,70.3796422241073,0.703,958688,1047633.8018510576,567982.2488470966,0.8660254037844387,-0.4999999999999998
2021-05-01,GU_North_3,North,GU,5,2021,1.3599999999999999,0.95,1.0,5.61218896269822,81.97389305331158,66.0437550542616,6560.798405544189,7.448526321862222,60.271940459894324,0.703,774299,958687.8822344841,450433.88738382387,0.49999999999999994,-0.8660254037844387
2021-06-01,GU_North_3,North,GU,6,2021,1.3599999999999999,0.72,1.0,6.527084195514283,90.97990218638962,63.910564454374466,7954.025612099072,4.241337574221683,63.18020866824773,0.703,578980,774298.9536744418,375379.8743080647,1.2246467991473532e-16,-1.0
2021-07-01,GU_North_3,North,GU,7,2021,1.3599999999999999,0.65,1.0,5.15157703937984,162.76548601276068,66.62996780786168,7135.380314707011,4.756921659515141,59.57183442027273,0.703,457617,578979.5651508075,403284.86517532007,-0.4999999999999997,-0.8660254037844388
2021-08-01,GU_North_3,North,GU,8,2021,1.3599999999999999,0.68,1.0,4.437042974947509,140.03928613353034,67.92714232909796,7031.515978901242,5.432669469028848,65.70061879732083,0.703,534138,457616.57322799606,473456.3120813277,-0.8660254037844385,-0.5000000000000004
2021-09-01,GU_North_3,North,GU,9,2021,1.3599999999999999,0.82,1.0,3.8085607986973455,195.87210897971883,65.03293684161567,7587.298898126982,5.580170372595422,66.61495513093463,0.703,504198,534137.9459836428,552298.4475319943,-1.0,-1.8369701987210297e-16
2021-10-01,GU_North_3,North,GU,10,2021,1.3599999999999999,1.02,1.0,3.2657536827053297,186.1900603223084,66.29286626542999,6682.391680687319,5.866345644172547,67.25640596890608,0.703,732579,504197.9604170451,674264.9273662429,-0.8660254037844386,0.5000000000000001
2021-11-01,GU_North_3,North,GU,11,2021,1.3599999999999999,1.1,1.0,5.799523606452228,102.71555514008992,64.18161027404206,6842.09085987042,6.54608680621541,67.04753341154854,0.703,900858,732579.4447478437,772990.5588629701,-0.5000000000000004,0.8660254037844384
2021-12-01,GU_North_3,North,GU,12,2021,1.3599999999999999,1.15,1.0,5.693574228367469,109.50626379377645,70.3577347526923,7217.812198134348,5.50492612436857,63.089786676753086,0.703,903789,900858.0472309513,785009.6624337353,-2.4492935982947064e-16,1.0
2022-01-01,GU_North_3,North,GU,1,2022,1.42,1.08,1.0,6.132176058348173,66.94024197570859,70.6166327272359,8622.946046140218,3.8551753600266654,66.83903662234714,0.6985,1018938,903788.904435338,822469.7008499043,0.49999999999999994,0.8660254037844387
2022-02-01,GU_North_3,North,GU,2,2022,1.42,1.12,1.0,5.284948492597712,40.45096162888308,75.85826663537856,8385.758270325607,4.494443899902574,61.610213325577,0.6985,1113078,1018938.4638385122,1103257.0070229555,0.8660254037844386,0.5000000000000001
2022-03-01,GU_North_3,North,GU,3,2022,1.42,1.15,1.0,7.12766152329028,43.294602585774626,76.08624355162273,8271.746314131798,4.946265898011108,73.052915900529,0.6985,1111621,1113077.9069382444,1047633.8018510576,1.0,6.123233995736766e-17
2022-04-01,GU_North_3,North,GU,4,2022,1.42,1.05,1.0,4.858397634718398,41.17047845972688,71.25686210583477,8195.152980855859,6.3545808332046585,66.38549570840799,0.6985,1101152,1111621.3429608264,958687.8822344841,0.8660254037844387,-0.4999999999999998
2022-05-01,GU_North_3,North,GU,5,2022,1.42,0.95,1.0,6.585662912868825,63.291129165525064,68.47465380235795,8340.106134986701,3.5817556172605616,65.64445552382523,0.6985,938550,1101151.8848186256,774298.9536744418,0.49999999999999994,-0.8660254037844387
2022-06-01,GU_North_3,North,GU,6,2022,1.42,0.72,1.0,5.3928483542327275,109.22625802808253,65.2423063668,8250.743807307816,5.662061204180182,73.95576131377632,0.6985,598214,938549.9011403793,578979.5651508075,1.2246467991473532e-16,-1.0
2022-07-01,GU_North_3,North,GU,7,2022,1.42,0.65,1.0,4.709318910604974,158.80873852004578,67.08388878091962,7696.512476350031,4.843931495637133,62.63101386580308,0.6985,487367,598214.2102921335,457616.57322799606,-0.4999999999999997,-0.8660254037844388
2022-08-01,GU_North_3,North,GU,8,2022,1.42,0.68,1.0,6.150376197001493,166.73427222105045,67.37849552530402,8180.73564973457,5.370264428183583,63.09765154387212,0.6985,483197,487366.57258242264,534137.9459836428,-0.8660254037844385,-0.5000000000000004
2022-09-01,GU_North_3,North,GU,9,2022,1.42,0.82,1.0,5.930903170640971,211.49200473306982,75.63540888238451,7676.840103486663,4.618404226691253,63.215118700525736,0.6985,624196,483196.6225507641,504197.9604170451,-1.0,-1.8369701987210297e-16
2022-10-01,GU_North_3,North,GU,10,2022,1.42,1.02,1.0,5.8677071393404905,183.9218896464612,71.84747376168083,8196.487144305022,4.026053895898938,67.32851447320206,0.6985,831181,624196.0038682519,732579.4447478437,-0.8660254037844386,0.5000000000000001
2022-11-01,GU_North_3,North,GU,11,2022,1.42,1.1,1.0,5.536873934687618,96.9506354938011,72.66881357227597,7943.708426329943,5.300698223521065,69.32652651855038,0.6985,945436,831180.5341859099,900858.0472309513,-0.5000000000000004,0.8660254037844384
2022-12-01,GU_North_3,North,GU,12,2022,1.42,1.15,1.0,5.393868130159982,99.42263519118649,64.83873697319463,9302.721730251938,5.223544821684496,70.55870187247133,0.6985,796001,945436.0674287109,903788.904435338,-2.4492935982947064e-16,1.0
2023-01-01,GU_North_3,North,GU,1,2023,1.48,1.08,1.0,9.0,65.93210532700165,72.40610071234822,9114.867850339246,5.077645572591777,78.68798126997989,0.694,1181502,796001.2878496123,1018938.4638385122,0.49999999999999994,0.8660254037844387
2023-02-01,GU_North_3,North,GU,2,2023,1.48,1.12,1.0,7.921107974235407,48.9283197299532,78.66123932933885,8500.912518209801,4.289356291697092,59.40227018319695,0.694,1327231,1181502.265593075,1113077.9069382444,0.8660254037844386,0.5000000000000001
2023-03-01,GU_North_3,North,GU,3,2023,1.48,1.15,1.0,7.367392273982615,21.825987895579793,76.86032233714776,9072.4392282229,3.8201423813441204,70.83494235649768,0.694,1385843,1327231.3317987658,1111621.3429608264,1.0,6.123233995736766e-17
2023-04-01,GU_North_3,North,GU,4,2023,1.48,1.05,1.0,6.634158989844066,63.09905085652615,75.5583841639432,9366.531758564566,3.0529704039809262,66.17147770971108,0.694,1160156,1385843.1325931337,1101151.8848186256,0.8660254037844387,-0.4999999999999998
2023-05-01,GU_North_3,North,GU,5,2023,1.48,0.95,1.0,7.708588640716003,77.73508182485747,77.69452707580037,9885.834098796151,4.955498614511525,66.05433940444492,0.694,1072130,1160155.5437827029,938549.9011403793,0.49999999999999994,-0.8660254037844387
2023-06-01,GU_North_3,North,GU,6,2023,1.48,0.72,1.0,7.121593731669742,110.4118042234666,80.90739341840745,8867.566743055093,4.639111585955189,65.9209114869845,0.694,774129,1072130.317867836,598214.2102921335,1.2246467991473532e-16,-1.0
2023-07-01,GU_North_3,North,GU,7,2023,1.48,0.65,1.0,6.531445703328843,169.52186267465356,75.33687260938885,8420.727734716878,3.527373893708832,64.76492131676811,0.694,612880,774129.430128141,487366.57258242264,-0.4999999999999997,-0.8660254037844388
2023-08-01,GU_North_3,North,GU,8,2023,1.48,0.68,1.0,6.135722809680902,230.2413953601595,76.2081094079742,9500.396978171457,3.8691410613627006,75.13809933841381,0.694,484029,612880.1242377968,483196.6225507641,-0.8660254037844385,-0.5000000000000004
2023-09-01,GU_North_3,North,GU,9,2023,1.48,0.82,1.0,6.402899194804774,203.51015940388686,76.57779075619392,8511.550905372673,3.9265929504388475,71.76918930805562,0.694,706983,484028.9986258067,624196.0038682519,-1.0,-1.8369701987210297e-16
2023-10-01,GU_North_3,North,GU,10,2023,1.48,1.02,1.0,2.6954891169463333,194.59892068118808,83.17632890582198,8936.550374349148,3.1136124544140653,68.4927839142295,0.694,834268,706983.1550452918,831180.5341859099,-0.8660254037844386,0.5000000000000001
2023-11-01,GU_North_3,North,GU,11,2023,1.48,1.1,1.0,6.75272100715717,146.82290452843066,69.70193120674293,9016.891104547569,3.6458540827158927,73.80406300994801,0.694,883285,834268.4680346062,945436.0674287109,-0.5000000000000004,0.8660254037844384
2023-12-01,GU_North_3,North,GU,12,2023,1.48,1.15,1.0,5.913828703867568,105.70728279545546,78.04966904436642,9101.485269042467,3.3929357145549166,62.349884138804505,0.694,1044597,883284.9682231927,796001.2878496123,-2.4492935982947064e-16,1.0
2024-01-01,GU_North_3,North,GU,1,2024,1.54,1.08,1.0,9.0,66.86140920474706,80.15559325372281,8337.303682656018,3.5700167904896505,63.877179474676296,0.6895,1315343,1044596.999698729,1181502.265593075,0.49999999999999994,0.8660254037844387
2024-02-01,GU_North_3,North,GU,2,2024,1.54,1.12,1.0,7.5838730567539265,39.98984355065897,82.20031517855254,7719.544249943693,3.3090420013363495,60.48812907122125,0.6895,1416388,1315342.613533044,1327231.3317987658,0.8660254037844386,0.5000000000000001
2024-03-01,GU_North_3,North,GU,3,2024,1.54,1.15,1.0,6.133904068337866,32.29012386162272,78.52788233801583,7904.001513497526,2.598396063306601,66.40234183950685,0.6895,1453426,1416388.0767813632,1385843.1325931337,1.0,6.123233995736766e-17
2024-04-01,GU_North_3,North,GU,4,2024,1.54,1.05,1.0,7.50080398682608,36.39901466818313,80.35310490742465,8020.758018145343,5.518072184455585,69.84679410681902,0.6895,1304452,1453426.4259344665,1160155.5437827029,0.8660254037844387,-0.4999999999999998
2024-05-01,GU_North_3,North,GU,5,2024,1.54,0.95,1.0,6.305314869704816,71.18058833260174,82.63423173839648,8094.498757856022,4.9020325848233846,69.61143431172934,0.6895,1073467,1304451.5887975984,1072130.317867836,0.49999999999999994,-0.8660254037844387
2024-06-01,GU_North_3,North,GU,6,2024,1.54,0.72,1.0,8.12874907063478,80.70838524893253,89.83873060313152,8071.201905591133,3.2767844627840113,69.79736764423953,0.6895,928283,1073466.639277103,774129.430128141,1.2246467991473532e-16,-1.0
2024-07-01,GU_North_3,North,GU,7,2024,1.54,0.65,1.0,7.909797008987203,148.12379692150415,82.92410856820621,8223.382275822729,4.117937117322888,63.555772675735675,0.6895,753442,928282.6386793386,612880.1242377968,-0.4999999999999997,-0.8660254037844388
2024-08-01,GU_North_3,North,GU,8,2024,1.54,0.68,1.0,8.710067729109742,169.42547034359794,77.95580320590848,8406.90745631135,4.2339720718570355,72.4126189704561,0.6895,694342,753441.8805971192,484028.9986258067,-0.8660254037844385,-0.5000000000000004
2024-09-01,GU_North_3,North,GU,9,2024,1.54,0.82,1.0,6.611602021746343,183.96725305644057,79.22872095393188,8203.865029015504,4.852868683818781,70.15851007295599,0.6895,764895,694342.4528146366,706983.1550452918,-1.0,-1.8369701987210297e-16
2024-10-01,GU_North_3,North,GU,10,2024,1.54,1.02,1.0,7.6014698872535975,157.01176223759992,79.13975767484844,8231.293162551716,3.245115978671937,72.132217125864,0.6895,1035766,764895.0057325116,834268.4680346062,-0.8660254037844386,0.5000000000000001
2024-11-01,GU_North_3,North,GU,11,2024,1.54,1.1,1.0,5.922634017267859,210.46018399589886,75.11307048210996,7315.179251936653,4.77368542718594,61.628951289639794,0.6895,1000374,1035766.187223774,883284.9682231927,-0.5000000000000004,0.8660254037844384
2024-12-01,GU_North_3,North,GU,12,2024,1.54,1.15,1.0,8.402453910089479,130.0338775829211,79.50972942489568,8049.782141597124,3.4616757566344516,70.44596343519116,0.6895,1222704,1000373.7476721681,1044596.999698729,-2.4492935982947064e-16,1.0
2025-01-01,GU_North_3,North,GU,1,2025,1.6,1.08,1.0,8.622645416528146,58.558940999084996,87.19848724546523,9215.778396600177,2.4313100766651092,65.24893904032989,0.6849999999999999,1625498,1222704.4742730684,1315342.613533044,0.49999999999999994,0.8660254037844387
2025-02-01,GU_North_3,North,GU,2,2025,1.6,1.12,1.0,8.594966025233084,47.240601405858364,81.17730364276962,9328.023537556155,4.079309247451598,68.41070698979455,0.6849999999999999,1521649,1625498.3939879609,1416388.0767813632,0.8660254037844386,0.5000000000000001
2025-03-01,GU_North_3,North,GU,3,2025,1.6,1.15,1.0,8.001942837628329,32.716766828138454,88.14544795315177,8688.442151594245,4.532606739297942,72.13745959454553,0.6849999999999999,1671215,1521648.6908882877,1453426.4259344665,1.0,6.123233995736766e-17
2025-04-01,GU_North_3,North,GU,4,2025,1.6,1.05,1.0,8.497727468946549,38.700103676351794,86.46332446325302,8703.432326299562,5.570327178824548,70.36437442502366,0.6849999999999999,1731437,1671214.525116466,1304451.5887975984,0.8660254037844387,-0.4999999999999998
2025-05-01,GU_North_3,North,GU,5,2025,1.6,0.95,1.0,9.0,57.52722163186151,82.79730003408689,8741.654696121834,2.540219787927829,66.59384008088273,0.6849999999999999,1226995,1731437.4243650136,1073466.639277103,0.49999999999999994,-0.8660254037844387
2025-06-01,GU_North_3,North,GU,6,2025,1.6,0.72,1.0,7.657886891549583,115.00191039029993,84.57541108798645,9241.386254950557,4.059135748064631,70.02509262473767,0.6849999999999999,844069,1226995.269875112,928282.6386793386,1.2246467991473532e-16,-1.0
2025-07-01,GU_North_3,North,GU,7,2025,1.6,0.65,1.0,8.166374220452102,129.2821869224972,89.7949654229231,9465.246474715346,3.172159004965174,63.87385873902543,0.6849999999999999,753782,844068.5664403448,753441.8805971192,-0.4999999999999997,-0.8660254037844388
2025-08-01,GU_North_3,North,GU,8,2025,1.6,0.68,1.0,6.696648440982308,195.08475943278268,87.2006434405176,8816.642951718231,4.126686968419225,74.60106958359319,0.6849999999999999,740872,753781.6209887537,694342.4528146366,-0.8660254037844385,-0.5000000000000004
2025-09-01,GU_North_3,North,GU,9,2025,1.6,0.82,1.0,6.958086846082002,206.83211979232186,85.02635096469444,9408.583041131624,2.323608359014999,69.178863922015,0.6849999999999999,888593,740871.9781809263,764895.0057325116,-1.0,-1.8369701987210297e-16
2025-10-01,GU_North_3,North,GU,10,2025,1.6,1.02,1.0,8.117375951711969,205.46156552325942,84.28695004911705,9055.56591412352,2.4897841794411484,74.4741997770213,0.6849999999999999,1148841,888592.7625123321,1035766.187223774,-0.8660254037844386,0.5000000000000001
2025-11-01,GU_North_3,North,GU,11,2025,1.6,1.1,1.0,9.0,125.58844585279937,85.22982721135497,8944.071400276356,2.879300141466813,67.89387325161583,0.6849999999999999,1455682,1148841.2630949123,1000373.7476721681,-0.5000000000000004,0.8660254037844384
2025-12-01,GU_North_3,North,GU,12,2025,1.6,1.15,1.0,7.692463010898113,115.70092289321059,83.4647093261731,8904.877096581366,3.5631712365344677,67.90569604637366,0.6849999999999999,1351469,1455681.947618127,1222704.4742730684,-2.4492935982947064e-16,1.0
2015-01-01,GU_South_1,South,GU,1,2015,1.0,1.08,1.0,6.2747275717041395,88.20141862663225,40.52184162523844,4981.640288691364,7.848169222631682,63.228156949007285,0.73,574035,,,0.49999999999999994,0.8660254037844387
2015-02-01,GU_South_1,South,GU,2,2015,1.0,1.12,1.0,7.508728055340059,66.55819385778962,38.14547487369949,5359.410810235072,6.90680140006982,61.795056657871235,0.73,579350,574035.4920073486,,0.8660254037844386,0.5000000000000001
2015-03-01,GU_South_1,South,GU,3,2015,1.0,1.15,1.0,5.509649647002963,36.8337080847153,35.142480830452406,6005.654170164736,7.224994784391912,64.5023383747,0.73,587662,579350.4700253158,,1.0,6.123233995736766e-17
2015-04-01,GU_South_1,South,GU,4,2015,1.0,1.05,1.0,5.908498070060897,67.7139253898843,41.889218543226214,5762.15064374936,7.597168851359637,61.10691364626676,0.73,550228,587662.3447293963,,0.8660254037844387,-0.4999999999999998
2015-05-01,GU_South_1,South,GU,5,2015,1.0,0.95,1.0,4.087740014520724,86.71429300300466,39.20223977741335,5797.119402021323,7.10043904569183,60.77101509735307,0.73,439603,550228.3448001005,,0.49999999999999994,-0.8660254037844387
2015-06-01,GU_South_1,South,GU,6,2015,1.0,0.72,1.0,4.911258698936525,135.94122108522416,41.670624167104435,5573.093702216626,8.035268168214019,67.47637833105141,0.73,306600,439602.5998899721,,1.2246467991473532e-16,-1.0
2015-07-01,GU_South_1,South,GU,7,2015,1.0,0.65,1.0,8.669156966804824,166.96140530480517,45.59214559123527,5742.675379200498,8.995253202942608,61.60511642217731,0.73,324706,306599.95873417874,,-0.4999999999999997,-0.8660254037844388
2015-08-01,GU_South_1,South,GU,8,2015,1.0,0.68,1.0,8.469714353266777,262.5868663823053,33.575707359040884,5146.914022915986,6.896561493914286,65.30568929676707,0.73,239420,324705.5051643676,,-0.8660254037844385,-0.5000000000000004
2015-09-01,GU_South_1,South,GU,9,2015,1.0,0.82,1.0,6.578946378378755,287.77391340524736,37.90119757389291,5367.900228305381,6.167899762956765,61.0985940598232,0.73,292146,239419.7811794674,,-1.0,-1.8369701987210297e-16
2015-10-01,GU_South_1,South,GU,10,2015,1.0,1.02,1.0,8.495517736627805,237.43249055776863,39.37187316006426,5593.581583608538,5.898607866018991,68.66665303691009,0.73,415788,292145.50215983816,,-0.8660254037844386,0.5000000000000001
2015-11-01,GU_South_1,South,GU,11,2015,1.0,1.1,1.0,6.307910616070035,174.0671988399284,44.36447852243995,5632.061813469484,7.379625486804014,59.286661482658026,0.73,488583,415787.7225253656,,-0.5000000000000004,0.8660254037844384
2015-12-01,GU_South_1,South,GU,12,2015,1.0,1.15,1.0,6.20790763691851,185.76426831233692,35.09079094238054,5651.264211687476,6.969468327899054,59.54342587501126,0.73,451908,488582.98253336956,,-2.4492935982947064e-16,1.0
2016-01-01,GU_South_1,South,GU,1,2016,1.06,1.08,1.0,7.628472949938488,88.74384808368015,50.30758307704181,6417.74912309268,7.266288400853664,68.89806872446361,0.7255,597631,451907.61581412924,574035.4920073486,0.49999999999999994,0.8660254037844387
2016-02-01,GU_South_1,South,GU,2,2016,1.06,1.12,1.0,7.410754257391543,42.83735630628364,44.90756770469887,6310.159469491402,7.206078137620881,61.02021443641899,0.7255,641988,597631.3498683915,579350.4700253158,0.8660254037844386,0.5000000000000001
2016-03-01,GU_South_1,South,GU,3,2016,1.06,1.15,1.0,7.302424583507604,53.43791757467802,44.211998014798425,7900.997077369984,5.817426522708723,69.20429722465757,0.7255,699566,641988.4970144882,587662.3447293963,1.0,6.123233995736766e-17
2016-04-01,GU_South_1,South,GU,4,2016,1.06,1.05,1.0,8.932737900359284,52.89147345709026,43.90582071034328,6888.05427281963,5.648092936414875,66.36736231837925,0.7255,657528,699566.4486610045,550228.3448001005,0.8660254037844387,-0.4999999999999998
2016-05-01,GU_South_1,South,GU,5,2016,1.06,0.95,1.0,7.740822956527265,114.82913190248763,43.19121090345991,6665.91636417873,7.336746592276876,62.18140117375666,0.7255,523467,657528.4550360371,439602.5998899721,0.49999999999999994,-0.8660254037844387
2016-06-01,GU_South_1,South,GU,6,2016,1.06,0.72,1.0,8.415638289100386,141.42440182484808,47.64435027780746,6375.056175807173,7.2083430677759655,55.54682611193137,0.7255,406969,523467.03568865557,306599.95873417874,1.2246467991473532e-16,-1.0
2016-07-01,GU_South_1,South,GU,7,2016,1.06,0.65,1.0,8.798316802112618,218.11139721632586,41.29443773775268,6276.951527875305,6.759345601306759,62.72272678291265,0.7255,298801,406968.88409452315,324705.5051643676,-0.4999999999999997,-0.8660254037844388
2016-08-01,GU_South_1,South,GU,8,2016,1.06,0.68,1.0,8.026483126565502,286.34232172877034,45.53624254493156,6421.1397328229195,5.774285131894156,63.2065202141337,0.7255,268445,298800.6829581629,239419.7811794674,-0.8660254037844385,-0.5000000000000004
2016-09-01,GU_South_1,South,GU,9,2016,1.06,0.82,1.0,6.396334580689935,204.66779257672295,43.34745500287907,6611.7729796140575,7.477113010211992,67.46887093321749,0.7255,367663,268444.6645026459,292145.50215983816,-1.0,-1.8369701987210297e-16
2016-10-01,GU_South_1,South,GU,10,2016,1.06,1.02,1.0,5.937221105022974,216.51721594889923,42.21359965445771,5633.804005171663,8.117519636339154,69.15378870496045,0.7255,447882,367662.62453223934,415787.7225253656,-0.8660254037844386,0.5000000000000001
2016-11-01,GU_South_1,South,GU,11,2016,1.06,1.1,1.0,7.7391969335485875,197.7298678202881,52.25792552705169,5773.774682081443,7.3223859521751375,60.060051283425004,0.7255,634016,447882.28736708686,488582.98253336956,-0.5000000000000004,0.8660254037844384
2016-12-01,GU_South_1,South,GU,12,2016,1.06,1.15,1.0,7.3551526059898995,184.59490467827274,45.75715220426038,6193.402924977519,6.422020887547948,66.00472705595273,0.7255,624317,634016.3431284777,451907.61581412924,-2.4492935982947064e-16,1.0
2017-01-01,GU_South_1,South,GU,1,2017,1.12,1.08,1.0,8.104869714704146,90.12425923089332,50.83979663398343,7546.033069578036,6.735641732456921,66.6616086240534,0.721,731129,624316.928136029,597631.3498683915,0.49999999999999994,0.8660254037844387
2017-02-01,GU_South_1,South,GU,2,2017,1.12,1.12,1.0,7.980735152901697,57.743956012737165,52.413330342005985,7345.147406809348,5.607108735253052,67.89365080964178,0.721,823868,731128.9128941705,641988.4970144882,0.8660254037844386,0.5000000000000001
2017-03-01,GU_South_1,South,GU,3,2017,1.12,1.15,1.0,9.0,53.586054316668566,44.73595016404436,8117.974874772448,7.546368571071034,65.59475964854218,0.721,694285,823867.5473540019,699566.4486610045,1.0,6.123233995736766e-17
2017-04-01,GU_South_1,South,GU,4,2017,1.12,1.05,1.0,6.403728493230394,57.90823439696041,54.25687572736609,6785.741768879585,6.765475467623631,55.83000923615292,0.721,725421,694285.30183978,657528.4550360371,0.8660254037844387,-0.4999999999999998
2017-05-01,GU_South_1,South,GU,5,2017,1.12,0.95,1.0,5.61206447621465,102.28788824346424,41.47312846451477,7114.714861706164,5.285474470597414,62.978310269888965,0.721,484427,725421.4024642536,523467.03568865557,0.49999999999999994,-0.8660254037844387
2017-06-01,GU_South_1,South,GU,6,2017,1.12,0.72,1.0,8.398852200223532,115.09040802821714,46.69370076988444,8136.861606473676,6.459460511645054,58.97716970033234,0.721,455272,484426.84468781686,406968.88409452315,1.2246467991473532e-16,-1.0
2017-07-01,GU_South_1,South,GU,7,2017,1.12,0.65,1.0,7.548292934494166,266.4298982766979,47.6229049804633,7511.824019131496,7.070641208187385,62.7895769083277,0.721,284989,455271.5940608901,298800.6829581629,-0.4999999999999997,-0.8660254037844388
2017-08-01,GU_South_1,South,GU,8,2017,1.12,0.68,1.0,8.379281443675941,188.77182624104154,50.745170094911515,7850.999485288202,6.433561903219582,67.52001694453558,0.721,398163,284989.40283743123,268444.6645026459,-0.8660254037844385,-0.5000000000000004
2017-09-01,GU_South_1,South,GU,9,2017,1.12,0.82,1.0,8.700659626740801,237.93427360036716,49.65615479842446,8375.88144749894,6.479283422847861,64.8206033434999,0.721,414857,398163.0828358975,367662.62453223934,-1.0,-1.8369701987210297e-16
2017-10-01,GU_South_1,South,GU,10,2017,1.12,1.02,1.0,9.0,235.44977603928947,48.49955577790482,7140.60833497186,5.720478234362183,68.19236346558974,0.721,518502,414857.332974947,447882.28736708686,-0.8660254037844386,0.5000000000000001
2017-11-01,GU_South_1,South,GU,11,2017,1.12,1.1,1.0,6.191329015539274,257.3806440307039,48.96400796611683,7408.128871021266,7.153232789665325,64.96701568285415,0.721,502228,518501.9600559065,634016.3431284777,-0.5000000000000004,0.8660254037844384
2017-12-01,GU_South_1,South,GU,12,2017,1.12,1.15,1.0,7.331938522571404,120.19096992901338,46.0659309294323,7330.228217608788,6.18122463998469,58.40669624132439,0.721,644330,502227.9043622847,624316.928136029,-2.4492935982947064e-16,1.0
2018-01-01,GU_South_1,South,GU,1,2018,1.18,1.08,1.0,8.075173682436738,129.75556203218127,49.008302816547484,5467.612824954895,4.5748436983959735,54.316611973709065,0.7165,691863,644329.8371072806,731128.9128941705,0.49999999999999994,0.8660254037844387
2018-02-01,GU_South_1,South,GU,2,2018,1.18,1.12,1.0,8.485216486604493,70.59792266288518,55.67953486700818,6207.501115282183,6.002994103463685,64.99523504671836,0.7165,822111,691862.8881145864,823867.5473540019,0.8660254037844386,0.5000000000000001
2018-03-01,GU_South_1,South,GU,3,2018,1.18,1.15,1.0,9.0,53.12821493317435,55.58111833760856,6743.657661293668,7.084919772456282,63.54429413459535,0.7165,955025,822111.2759115419,694285.30183978,1.0,6.123233995736766e-17
2018-04-01,GU_South_1,South,GU,4,2018,1.18,1.05,1.0,8.707504937116461,54.03396845934443,58.25348312547118,6590.4449707878775,5.990456442720042,60.492217042472475,0.7165,886250,955025.3366079624,725421.4024642536,0.8660254037844387,-0.4999999999999998
2018-05-01,GU_South_1,South,GU,5,2018,1.18,0.95,1.0,7.492513856716289,108.56711863057112,51.12994870955438,6625.767103196973,7.690387988098816,57.597491001394495,0.7165,627096,886250.0472789675,484426.84468781686,0.49999999999999994,-0.8660254037844387
2018-06-01,GU_South_1,South,GU,6,2018,1.18,0.72,1.0,6.492137268248627,133.7215509955545,55.57844563090277,6178.200635684594,6.643174358838813,61.46102714610917,0.7165,497236,627096.2214761297,455271.5940608901,1.2246467991473532e-16,-1.0
2018-07-01,GU_South_1,South,GU,7,2018,1.18,0.65,1.0,6.883512348516998,237.99983759595236,52.648879814905804,6051.93592076983,6.571006529824293,63.622034060540905,0.7165,366517,497235.92579406063,284989.40283743123,-0.4999999999999997,-0.8660254037844388
2018-08-01,GU_South_1,South,GU,8,2018,1.18,0.68,1.0,6.849416784231293,202.13917893565346,57.07142495558045,6918.344729326748,6.197281387265913,67.06351129482556,0.7165,420547,366517.1034341646,398163.0828358975,-0.8660254037844385,-0.5000000000000004
2018-09-01,GU_South_1,South,GU,9,2018,1.18,0.82,1.0,8.346940525996335,245.75655645789683,56.565888330034426,6123.386961111418,6.245371033788567,65.15452432627193,0.7165,515968,420547.30396268895,414857.332974947,-1.0,-1.8369701987210297e-16
2018-10-01,GU_South_1,South,GU,10,2018,1.18,1.02,1.0,7.869057106482818,216.89568689428896,54.13362819767337,6479.516594429315,6.089261091904397,70.83226898869093,0.7165,624872,515968.286781839,518501.9600559065,-0.8660254037844386,0.5000000000000001
2018-11-01,GU_South_1,South,GU,11,2018,1.18,1.1,1.0,5.972280686769206,170.37431112719017,52.48140953000204,6420.680283277261,6.058184486333978,60.25758377581843,0.7165,639001,624872.4089606858,502227.9043622847,-0.5000000000000004,0.8660254037844384
2018-12-01,GU_South_1,South,GU,12,2018,1.18,1.15,1.0,7.037578408871301,166.6796958804281,56.38279653582478,7004.952334288072,6.724693729653719,67.92423556822973,0.7165,726096,639000.5986321339,644329.8371072806,-2.4492935982947064e-16,1.0
2019-01-01,GU_South_1,South,GU,1,2019,1.24,1.08,1.0,7.553057064141704,108.03188121114451,59.9407135697697,7757.135560952413,5.151335016167548,65.38919497251491,0.712,879025,726096.4623789226,691862.8881145864,0.49999999999999994,0.8660254037844387
2019-02-01,GU_South_1,South,GU,2,2019,1.24,1.12,1.0,6.921994825968871,74.89468591158744,55.946678793741455,6737.133620699647,5.039284937020593,67.97867649647434,0.712,922135,879025.4779108774,822111.2759115419,0.8660254037844386,0.5000000000000001
2019-03-01,GU_South_1,South,GU,3,2019,1.24,1.15,1.0,7.182373539215325,36.65093668843875,54.01660397956171,6785.601074951082,5.001443959299698,63.45394054693783,0.712,1037865,922134.9289551886,955025.3366079624,1.0,6.123233995736766e-17
2019-04-01,GU_South_1,South,GU,4,2019,1.24,1.05,1.0,6.959506052068716,73.51731749137255,57.13440129795461,7580.509418130961,7.536523638141723,69.48672149556236,0.712,900155,1037865.4024302706,886250.0472789675,0.8660254037844387,-0.4999999999999998
2019-05-01,GU_South_1,South,GU,5,2019,1.24,0.95,1.0,8.451716881530631,137.5817335803534,62.546241446044625,7291.0480586792255,6.324274321336464,66.38089903338097,0.712,751435,900155.164231029,627096.2214761297,0.49999999999999994,-0.8660254037844387
2019-06-01,GU_South_1,South,GU,6,2019,1.24,0.72,1.0,6.783251676589244,139.8380754935187,61.439461476199114,7115.172697220657,6.143593761344116,62.482220060329006,0.712,542980,751435.1921253685,497235.92579406063,1.2246467991473532e-16,-1.0
2019-07-01,GU_South_1,South,GU,7,2019,1.24,0.65,1.0,6.036772642555162,256.8544583632691,54.66301759098826,7777.032547797363,5.053988263765255,65.15190388434725,0.712,363135,542980.3656971356,366517.1034341646,-0.4999999999999997,-0.8660254037844388
2019-08-01,GU_South_1,South,GU,8,2019,1.24,0.68,1.0,5.401093950639727,227.2628465536572,54.49672775230024,7404.356721939861,6.398673840539863,64.24177656425161,0.712,401154,363135.4513180221,420547.30396268895,-0.8660254037844385,-0.5000000000000004
2019-09-01,GU_South_1,South,GU,9,2019,1.24,0.82,1.0,6.799531349851654,198.534634841451,61.82405154903846,7343.605824100101,5.806742922837337,67.15671340255118,0.712,589746,401153.6346896114,515968.286781839,-1.0,-1.8369701987210297e-16
2019-10-01,GU_South_1,South,GU,10,2019,1.24,1.02,1.0,3.5711551822698993,225.75552853411645,54.59309228572651,7670.922888339624,6.0713351529054,60.48089300250197,0.712,528668,589745.6052391932,624872.4089606858,-0.8660254037844386,0.5000000000000001
2019-11-01,GU_South_1,South,GU,11,2019,1.24,1.1,1.0,6.278853197800745,231.44611903025827,59.52788597092602,7151.200952275247,5.118703747309155,65.08259319153723,0.712,630225,528667.7712016815,639000.5986321339,-0.5000000000000004,0.8660254037844384
2019-12-01,GU_South_1,South,GU,12,2019,1.24,1.15,1.0,6.252992168094387,131.14102914754056,56.15178635399103,8025.8335434625005,6.028215085934062,66.78122901059733,0.712,753233,630224.9994303412,726096.4623789226,-2.4492935982947064e-16,1.0
2020-01-01,GU_South_1,South,GU,1,2020,1.3,1.08,1.0,3.8019748038794416,90.99492011490268,67.35113477356505,7938.198892572926,5.160933169434814,66.13209322877213,0.7075,909365,753232.7920850582,879025.4779108774,0.49999999999999994,0.8660254037844387
2020-02-01,GU_South_1,South,GU,2,2020,1.3,1.12,1.0,4.325420821832984,69.04179345044746,60.188725602586366,8588.438402881719,4.887511074375849,71.38776497755599,0.7075,906390,909365.3401246367,922134.9289551886,0.8660254037844386,0.5000000000000001
2020-03-01,GU_South_1,South,GU,3,2020,1.3,1.15,1.0,6.410928864398069,50.022950875539294,65.93008459061748,8938.04510042471,6.087285068645799,69.09609109628421,0.7075,1027595,906389.9567317992,1037865.4024302706,1.0,6.123233995736766e-17
2020-04-01,GU_South_1,South,GU,4,2020,1.3,1.05,0.68,5.716193927110134,68.95700112517311,63.0545759621811,7673.037352855335,4.269833753175998,65.97007681303701,0.7075,630710,1027594.8252241756,900155.164231029,0.8660254037844387,-0.4999999999999998
2020-05-01,GU_South_1,South,GU,5,2020,1.3,0.95,0.68,5.561485828668972,103.56744311137504,63.25658456270286,8138.319493894177,5.951821011451321,66.8667563899907,0.7075,547899,630710.310824716,751435.1921253685,0.49999999999999994,-0.8660254037844387
2020-06-01,GU_South_1,South,GU,6,2020,1.3,0.72,0.68,5.806956868938606,160.7915696899104,56.589074255945796,8806.813649826281,6.047588906842397,67.182662205928,0.7075,309140,547898.955613114,542980.3656971356,1.2246467991473532e-16,-1.0
2020-07-01,GU_South_1,South,GU,7,2020,1.3,0.65,1.0,5.550492933758887,187.03096442571376,55.891259940382845,8813.58036950674,4.796285059559008,67.6131984166673,0.7075,434842,309140.421291338,363135.4513180221,-0.4999999999999997,-0.8660254037844388
2020-08-01,GU_South_1,South,GU,8,2020,1.3,0.68,1.0,6.930774903650157,244.82675981374595,61.83830217919806,8215.647302853073,4.8437372310940265,58.69736801734157,0.7075,435499,434841.6859068821,401153.6346896114,-0.8660254037844385,-0.5000000000000004
2020-09-01,GU_South_1,South,GU,9,2020,1.3,0.82,1.0,5.587454846264557,215.2235122864025,63.24071819024984,7962.218330873193,5.321579454986878,64.79389481692262,0.7075,589808,435498.87575978576,589745.6052391932,-1.0,-1.8369701987210297e-16
2020-10-01,GU_South_1,South,GU,10,2020,1.3,1.02,1.0,3.6894840916376785,282.3295406074393,59.12440651678683,8722.991443076622,5.725628968369777,60.062243727226296,0.7075,514168,589808.3320197735,528667.7712016815,-0.8660254037844386,0.5000000000000001
2020-11-01,GU_South_1,South,GU,11,2020,1.3,1.1,1.0,7.395495786069471,180.9717584954806,59.23391976857097,8825.417419189502,5.37771600654862,71.11312378983794,0.7075,739884,514168.26452062273,630224.9994303412,-0.5000000000000004,0.8660254037844384
2020-12-01,GU_South_1,South,GU,12,2020,1.3,1.15,1.0,5.883748149014794,175.3990684698613,64.1844178894784,7768.721816197201,5.846849968153504,65.75660191998828,0.7075,831434,739884.1914977221,753232.7920850582,-2.4492935982947064e-16,1.0
2021-01-01,GU_South_1,South,GU,1,2021,1.3599999999999999,1.08,1.0,4.292895523045919,96.49589558525702,68.68856344137139,6645.4185349375975,6.510383722029919,66.0266362012815,0.703,975205,831434.3591216855,909365.3401246367,0.49999999999999994,0.8660254037844387
2021-02-01,GU_South_1,South,GU,2,2021,1.3599999999999999,1.12,1.0,3.4959179380459777,65.31839324076836,66.58677681883621,7288.545183865089,4.693826584680228,70.38718932813293,0.703,984800,975204.7246844405,906389.9567317992,0.8660254037844386,0.5000000000000001
2021-03-01,GU_South_1,South,GU,3,2021,1.3599999999999999,1.15,1.0,5.475097065149654,46.287765868319745,69.34060516355822,7470.39196201547,3.727856023437263,68.4892991897995,0.703,1174331,984799.8383774689,1027594.8252241756,1.0,6.123233995736766e-17
2021-04-01,GU_South_1,South,GU,4,2021,1.3599999999999999,1.05,1.0,4.85939359403075,53.73573022308205,63.47739311283956,7052.598588618944,5.760738866424522,62.28546194248317,0.703,996637,1174330.735024431,630710.310824716,0.8660254037844387,-0.4999999999999998
2021-05-01,GU_South_1,South,GU,5,2021,1.3599999999999999,0.95,1.0,6.8889761432388905,73.82859418592047,65.93219524873909,7492.861895964526,6.446651660742024,66.51637854989052,0.703,932554,996636.8291673594,547898.955613114,0.49999999999999994,-0.8660254037844387
2021-06-01,GU_South_1,South,GU,6,2021,1.3599999999999999,0.72,1.0,4.584911263199807,126.25520643166966,71.94363281735102,6867.618203895647,5.414214690440899,65.45933210709445,0.703,646657,932554.4287589986,309140.421291338,1.2246467991473532e-16,-1.0
2021-07-01,GU_South_1,South,GU,7,2021,1.3599999999999999,0.65,1.0,3.9951430523810396,190.28273440352234,67.20496638981945,6235.567557389288,4.229801059717065,59.82186844557578,0.703,441036,646656.7031838056,434841.6859068821,-0.4999999999999997,-0.8660254037844388
2021-08-01,GU_South_1,South,GU,8,2021,1.3599999999999999,0.68,1.0,6.074955461883114,244.12221317307572,67.378937543761,6996.424194422801,5.000886109411839,64.03889506705117,0.703,505169,441035.52078028506,435498.87575978576,-0.8660254037844385,-0.5000000000000004
2021-09-01,GU_South_1,South,GU,9,2021,1.3599999999999999,0.82,1.0,6.110338271260198,287.88922424812233,73.91783975790322,7215.634142903365,4.205181212630694,66.06583871193413,0.703,591663,505168.60837705317,589808.3320197735,-1.0,-1.8369701987210297e-16
2021-10-01,GU_South_1,South,GU,10,2021,1.3599999999999999,1.02,1.0,5.202381641132234,220.78243827135742,62.80197350245369,7063.051695019063,5.614284395170357,66.34019627403262,0.703,768961,591662.8936381824,514168.26452062273,-0.8660254037844386,0.5000000000000001
2021-11-01,GU_South_1,South,GU,11,2021,1.3599999999999999,1.1,1.0,5.81162845720989,173.54117707198478,69.38929109992633,6665.8082083257,4.0189676778412515,60.87107430529076,0.703,878935,768961.0383755185,739884.1914977221,-0.5000000000000004,0.8660254037844384
2021-12-01,GU_South_1,South,GU,12,2021,1.3599999999999999,1.15,1.0,4.954775455109314,117.538917314939,71.9919588394243,6370.137637827001,4.85989697053744,71.4066623321899,0.703,969190,878935.3813821626,831434.3591216855,-2.4492935982947064e-16,1.0
2022-01-01,GU_South_1,South,GU,1,2022,1.42,1.08,1.0,5.719977949431275,107.20095426856156,70.52542622050436,7928.660038034098,3.8965297389648743,67.19158776443423,0.6985,1097356,969189.8367647023,975204.7246844405,0.49999999999999994,0.8660254037844387
2022-02-01,GU_South_1,South,GU,2,2022,1.42,1.12,1.0,6.837328887296887,76.55111238670862,74.07889236056454,8563.945097242036,4.801459748107969,67.75021230664224,0.6985,1272585,1097355.9813770347,984799.8383774689,0.8660254037844386,0.5000000000000001
2022-03-01,GU_South_1,South,GU,3,2022,1.42,1.15,1.0,6.189721829045983,59.49747700967216,68.55394150836729,8725.288847735808,4.406926658289793,69.20256655335935,0.6985,1140877,1272584.8969422753,1174330.735024431,1.0,6.123233995736766e-17
2022-04-01,GU_South_1,South,GU,4,2022,1.42,1.05,1.0,5.236210502221029,70.14864953175888,69.43980281329794,8694.471022861957,4.841409682600211,64.44769498438531,0.6985,968257,1140876.542706631,996636.8291673594,0.8660254037844387,-0.4999999999999998
2022-05-01,GU_South_1,South,GU,5,2022,1.42,0.95,1.0,7.06217488333156,109.57814975901398,72.6548992481429,7792.840709182803,4.717880443973092,69.42542389253077,0.6985,1085922,968256.636887625,932554.4287589986,0.49999999999999994,-0.8660254037844387
2022-06-01,GU_South_1,South,GU,6,2022,1.42,0.72,1.0,2.6015133808703643,188.19653504346016,73.89570001933177,7640.832154365988,3.910672777820711,66.13170141592727,0.6985,611336,1085922.00962037,646656.7031838056,1.2246467991473532e-16,-1.0
2022-07-01,GU_South_1,South,GU,7,2022,1.42,0.65,1.0,7.901827801926501,209.96244384250434,74.86280953721874,8383.485576740604,5.201501650823217,64.01365783741123,0.6985,516164,611336.4130116072,441035.52078028506,-0.4999999999999997,-0.8660254037844388
2022-08-01,GU_South_1,South,GU,8,2022,1.42,0.68,1.0,3.392188914351297,259.53392879262685,76.20888576081848,8445.795005218719,4.660987478525507,69.89378997342159,0.6985,480604,516164.0163709814,505168.60837705317,-0.8660254037844385,-0.5000000000000004
2022-09-01,GU_South_1,South,GU,9,2022,1.42,0.82,1.0,4.686828438493424,237.97060518055002,71.29766032433446,8340.076322339875,3.909176793707279,73.56669543520722,0.6985,671146,480604.1620338144,591662.8936381824,-1.0,-1.8369701987210297e-16
2022-10-01,GU_South_1,South,GU,10,2022,1.42,1.02,1.0,5.390238785986096,188.2631021309657,75.08083526551776,7253.671526592658,6.492741244964633,70.49931749394332,0.6985,887898,671145.7806797207,768961.0383755185,-0.8660254037844386,0.5000000000000001
2022-11-01,GU_South_1,South,GU,11,2022,1.42,1.1,1.0,5.263563023346386,179.48453298501272,70.47308546965256,7769.901936802092,5.081144133373699,71.29191026056172,0.6985,909919,887898.4691911604,878935.3813821626,-0.5000000000000004,0.8660254037844384
2022-12-01,GU_South_1,South,GU,12,2022,1.42,1.15,1.0,6.647033076252045,149.79392163297027,74.20627393476481,8146.640044370962,4.577391557280555,65.5174775737508,0.6985,1107790,909918.6908375447,969189.8367647023,-2.4492935982947064e-16,1.0
2023-01-01,GU_South_1,South,GU,1,2023,1.48,1.08,1.0,5.230596057667719,100.91178058751954,76.62246639355655,9352.068510611209,5.432163621361458,62.00952108332618,0.694,1082166,1107789.7884612095,1097355.9813770347,0.49999999999999994,0.8660254037844387
2023-02-01,GU_South_1,South,GU,2,2023,1.48,1.12,1.0,6.812920180979676,81.71570407697155,77.33703372124577,9478.108636198634,5.773452487509285,74.36055008839936,0.694,1194039,1082165.5165757292,1272584.8969422753,0.8660254037844386,0.5000000000000001
2023-03-01,GU_South_1,South,GU,3,2023,1.48,1.15,1.0,5.806145482136295,50.60957875693302,77.27052362206611,9197.734408054434,4.183720462148892,76.61805955761905,0.694,1466189,1194038.7975477558,1140876.542706631,1.0,6.123233995736766e-17
2023-04-01,GU_South_1,South,GU,4,2023,1.48,1.05,1.0,6.8541691752049,74.60781156796894,71.18588497060657,9281.673035969721,4.577917989147809,74.57122709507874,0.694,1052769,1466188.7430373896,968256.636887625,0.8660254037844387,-0.4999999999999998
2023-05-01,GU_South_1,South,GU,5,2023,1.48,0.95,1.0,6.422273288242549,93.47384137635527,72.62763442341767,9171.009779290012,3.509597745597647,67.056856244081,0.694,1042228,1052768.8815981387,1085922.00962037,0.49999999999999994,-0.8660254037844387
2023-06-01,GU_South_1,South,GU,6,2023,1.48,0.72,1.0,6.6115227832195735,142.98729257028225,76.30762431945257,9441.349041425834,4.182245799385591,63.78146264508463,0.694,781488,1042228.193620921,611336.4130116072,1.2246467991473532e-16,-1.0
2023-07-01,GU_South_1,South,GU,7,2023,1.48,0.65,1.0,5.840090201042785,160.12977088329654,70.9381627610765,9273.609866198425,4.140749956992104,64.13726920872173,0.694,550519,781488.0083297633,516164.0163709814,-0.4999999999999997,-0.8660254037844388
2023-08-01,GU_South_1,South,GU,8,2023,1.48,0.68,1.0,5.887923259884701,210.25703633234198,78.49363330959926,9162.402270048795,4.447861626897323,61.66506972954381,0.694,593521,550518.6356400663,480604.1620338144,-0.8660254037844385,-0.5000000000000004
2023-09-01,GU_South_1,South,GU,9,2023,1.48,0.82,1.0,6.844727016832913,269.76180217614075,78.61466789886443,9012.054363415695,4.5662083829096085,67.97048552635982,0.694,750130,593520.6932086216,671145.7806797207,-1.0,-1.8369701987210297e-16
2023-10-01,GU_South_1,South,GU,10,2023,1.48,1.02,1.0,7.632458606907253,236.8708540614896,76.98151165863337,9169.401464296632,4.747862759062448,74.82271183232983,0.694,961510,750130.0608896036,887898.4691911604,-0.8660254037844386,0.5000000000000001
2023-11-01,GU_South_1,South,GU,11,2023,1.48,1.1,1.0,5.782064798962582,228.28815859691701,72.63659796172624,9350.88644350519,4.490114125039967,67.83334947251103,0.694,879697,961510.3999858004,909918.6908375447,-0.5000000000000004,0.8660254037844384
2023-12-01,GU_South_1,South,GU,12,2023,1.48,1.15,1.0,5.457478946512508,154.07821383776366,80.14041681660555,9253.184248031643,3.3314058986966684,69.60929160139311,0.694,1248457,879696.8672284358,1107789.7884612095,-2.4492935982947064e-16,1.0
2024-01-01,GU_South_1,South,GU,1,2024,1.54,1.08,1.0,8.296812370586025,94.71319402543388,86.61163191915507,8198.551565227932,3.149226315407132,74.70238785721683,0.6895,1627996,1248457.3726252757,1082165.5165757292,0.49999999999999994,0.8660254037844387
2024-02-01,GU_South_1,South,GU,2,2024,1.54,1.12,1.0,7.521655500110594,83.82694417311353,80.94123048233793,8631.404514580601,3.4628739044290615,67.5836187526704,0.6895,1496037,1627996.4557122986,1194038.7975477558,0.8660254037844386,0.5000000000000001
2024-03-01,GU_South_1,South,GU,3,2024,1.54,1.15,1.0,8.557257932562964,49.295723234652144,82.03160613535371,8146.503442208532,3.6742075264614167,77.34212582687839,0.6895,1614952,1496036.6364191633,1466188.7430373896,1.0,6.123233995736766e-17
2024-04-01,GU_South_1,South,GU,4,2024,1.54,1.05,1.0,6.473703515734444,74.45715567406454,81.10521596438814,7735.130342759647,4.740619432377691,77.16837762998982,0.6895,1345675,1614952.1550299956,1052768.8815981387,0.8660254037844387,-0.4999999999999998
2024-05-01,GU_South_1,South,GU,5,2024,1.54,0.95,1.0,5.425333461271704,93.98186190182983,82.0911075669964,8424.802730669944,2.9696488105176693,68.67555464527807,0.6895,1176680,1345674.9780412728,1042228.193620921,0.49999999999999994,-0.8660254037844387
2024-06-01,GU_South_1,South,GU,6,2024,1.54,0.72,1.0,6.92105527358822,165.96598828613023,80.14132373012082,7412.390425021555,3.61406796146344,66.88986294392315,0.6895,800643,1176679.5134809252,781488.0083297633,1.2246467991473532e-16,-1.0
2024-07-01,GU_South_1,South,GU,7,2024,1.54,0.65,1.0,6.641037040661802,227.8404697745506,80.39630728046859,7540.543655639889,4.66240759857124,71.98895218556126,0.6895,681036,800643.1118607314,550518.6356400663,-0.4999999999999997,-0.8660254037844388
2024-08-01,GU_South_1,South,GU,8,2024,1.54,0.68,1.0,7.466114091683461,244.0019998614474,83.21715280149209,8178.310946096599,3.6600980204027103,67.80990022992457,0.6895,632477,681036.2729502172,593520.6932086216,-0.8660254037844385,-0.5000000000000004
2024-09-01,GU_South_1,South,GU,9,2024,1.54,0.82,1.0,6.7964459146553535,161.70689039887742,87.53687248568932,8259.558177476529,4.268332519874259,64.57377913173066,0.6895,903888,632477.2122969169,750130.0608896036,-1.0,-1.8369701987210297e-16
2024-10-01,GU_South_1,South,GU,10,2024,1.54,1.02,1.0,8.44988051338356,237.25032716945108,76.29978629679478,7466.90662639577,3.788366365657677,74.32495461409192,0.6895,1026933,903887.8012805205,961510.3999858004,-0.8660254037844386,0.5000000000000001
2024-11-01,GU_South_1,South,GU,11,2024,1.54,1.1,1.0,7.214879856872802,236.91380143279926,80.1885625467911,7854.911810528531,4.105426605859778,74.06578954910832,0.6895,1062518,1026932.5226506091,879696.8672284358,-0.5000000000000004,0.8660254037844384
2024-12-01,GU_South_1,South,GU,12,2024,1.54,1.15,1.0,7.741229570308502,161.86831874312398,76.95861854430376,7754.441952473721,3.7172219649523672,69.82204641505425,0.6895,1241952,1062517.5814996704,1248457.3726252757,-2.4492935982947064e-16,1.0
2025-01-01,GU_South_1,South,GU,1,2025,1.6,1.08,1.0,8.189161470129132,106.68758312843869,89.77607469572825,8780.995654702734,4.033652378182683,64.94854098508729,0.6849999999999999,1427754,1241952.1003101587,1627996.4557122986,0.49999999999999994,0.8660254037844387
2025-02-01,GU_South_1,South,GU,2,2025,1.6,1.12,1.0,8.233946110894625,47.0194524572786,83.2367860920403,9424.618999322278,2.2639548740748516,65.08189499513045,0.6849999999999999,1697550,1427753.7040434978,1496036.6364191633,0.8660254037844386,0.5000000000000001
2025-03-01,GU_South_1,South,GU,3,2025,1.6,1.15,1.0,7.971045067454032,44.59658696993706,80.67039761864262,9317.927458595716,3.209350393289164,70.42891715367661,0.6849999999999999,1685430,1697550.0976250942,1614952.1550299956,1.0,6.123233995736766e-17
2025-04-01,GU_South_1,South,GU,4,2025,1.6,1.05,1.0,8.612720828492376,67.3093139431975,86.91456099654572,8991.395019065285,3.7372581413554467,68.00051586197988,0.6849999999999999,1680205,1685429.7075805715,1345674.9780412728,0.8660254037844387,-0.4999999999999998
2025-05-01,GU_South_1,South,GU,5,2025,1.6,0.95,1.0,7.045213839409031,106.15574915180339,90.23293334422934,8754.317132797734,3.9269561984049544,68.63562827143356,0.6849999999999999,1351463,1680204.7302299477,1176679.5134809252,0.49999999999999994,-0.8660254037844387
2025-06-01,GU_South_1,South,GU,6,2025,1.6,0.72,1.0,9.0,177.3300025529903,86.99079360568228,8392.657648400389,4.6943620982030625,74.08785262024001,0.6849999999999999,926370,1351463.317516285,800643.1118607314,1.2246467991473532e-16,-1.0
2025-07-01,GU_South_1,South,GU,7,2025,1.6,0.65,1.0,7.716155139957758,195.65399734561717,85.61439363184576,9639.083222451329,3.187180266507539,72.93271726969023,0.6849999999999999,804859,926370.391525501,681036.2729502172,-0.4999999999999997,-0.8660254037844388
2025-08-01,GU_South_1,South,GU,8,2025,1.6,0.68,1.0,6.426141034521582,251.00539185651178,86.22742276832798,9266.451255127666,4.683585409488698,75.51257072199046,0.6849999999999999,643062,804858.5841575474,632477.2122969169,-0.8660254037844385,-0.5000000000000004
2025-09-01,GU_South_1,South,GU,9,2025,1.6,0.82,1.0,8.225688028390127,250.6140340724235,89.24452198847666,8681.99890316654,2.9727809386722637,66.03750710649096,0.6849999999999999,951771,643062.3372839487,903887.8012805205,-1.0,-1.8369701987210297e-16
2025-10-01,GU_South_1,South,GU,10,2025,1.6,1.02,1.0,6.978583421063018,201.57556657879567,82.37740218995755,9323.819773930654,4.562917129235715,68.62723372525315,0.6849999999999999,1010354,951771.3819696044,1026932.5226506091,-0.8660254037844386,0.5000000000000001
2025-11-01,GU_South_1,South,GU,11,2025,1.6,1.1,1.0,8.79840144141065,132.32626006715756,84.66445868774106,8968.399370740872,4.153973701358698,73.03592678184044,0.6849999999999999,1418468,1010353.5348615998,1062517.5814996704,-0.5000000000000004,0.8660254037844384
2025-12-01,GU_South_1,South,GU,12,2025,1.6,1.15,1.0,9.0,159.69771807292676,83.6419295544714,8870.800722811398,2.769233136294222,71.79231336405157,0.6849999999999999,1377786,1418467.6329951237,1241952.1003101587,-2.4492935982947064e-16,1.0
2015-01-01,GU_South_2,South,GU,1,2015,1.0,1.08,1.0,7.438331042542302,91.15126905625101,45.54412057531255,5472.872119178364,8.062603062476757,65.73861882934649,0.73,611554,,,0.49999999999999994,0.8660254037844387
2015-02-01,GU_South_2,South,GU,2,2015,1.0,1.12,1.0,6.421507719685527,66.5455134427339,42.972132539872256,6180.775800205519,6.080979894237985,63.47970245201756,0.73,571839,611554.0445449853,,0.8660254037844386,0.5000000000000001
2015-03-01,GU_South_2,South,GU,3,2015,1.0,1.15,1.0,6.483796106488428,43.9298998640384,39.63693690697131,5232.191398858111,4.3620797987053255,57.530691964275064,0.73,537146,571838.9676939244,,1.0,6.123233995736766e-17
2015-04-01,GU_South_2,South,GU,4,2015,1.0,1.05,1.0,5.171920414724659,53.64322099418793,42.18151377860185,5398.85374017756,7.727030422270464,61.834035581690486,0.73,524655,537145.9400067246,,0.8660254037844387,-0.4999999999999998
2015-05-01,GU_South_2,South,GU,5,2015,1.0,0.95,1.0,6.140367804880533,69.02702083474537,38.78888969800628,4741.666463552375,6.360187477022809,65.88195383845353,0.73,458151,524654.9518776826,,0.49999999999999994,-0.8660254037844387
2015-06-01,GU_South_2,South,GU,6,2015,1.0,0.72,1.0,5.583841636029066,177.4906054119758,42.487447105178624,5675.507616631603,7.3300386378295554,56.96694148253085,0.73,295656,458151.3233444475,,1.2246467991473532e-16,-1.0
2015-07-01,GU_South_2,South,GU,7,2015,1.0,0.65,1.0,6.96014601782506,188.00688465670828,32.82676430414812,5626.196435200752,7.258322367180315,64.54621282749305,0.73,239384,295656.08961976494,,-0.4999999999999997,-0.8660254037844388
2015-08-01,GU_South_2,South,GU,8,2015,1.0,0.68,1.0,5.310690637602064,242.17970412351102,36.94059599891622,5535.8457388672305,8.769920481932429,71.29043690105107,0.73,250657,239384.29480203713,,-0.8660254037844385,-0.5000000000000004
2015-09-01,GU_South_2,South,GU,9,2015,1.0,0.82,1.0,8.095753238246091,249.9160706322182,42.93777923286089,5409.607504372669,7.819997242354885,66.24726658395893,0.73,334258,250657.01559243098,,-1.0,-1.8369701987210297e-16
2015-10-01,GU_South_2,South,GU,10,2015,1.0,1.02,1.0,4.489303460451087,198.71890334475276,39.25103338534324,5375.438613525029,7.632687221438938,67.65611654224794,0.73,368329,334257.6342513643,,-0.8660254037844386,0.5000000000000001
2015-11-01,GU_South_2,South,GU,11,2015,1.0,1.1,1.0,5.532176201052127,162.2280526565542,40.622626884666225,5733.0347821379355,8.169592923706938,62.873355001768644,0.73,448894,368329.2564556193,,-0.5000000000000004,0.8660254037844384
2015-12-01,GU_South_2,South,GU,12,2015,1.0,1.15,1.0,8.512640611959316,127.38040966506222,35.9596430136537,5494.212206257753,7.794798069471231,65.87172779505995,0.73,518435,448893.7665958423,,-2.4492935982947064e-16,1.0
2016-01-01,GU_South_2,South,GU,1,2016,1.06,1.08,1.0,7.038493674225379,89.15247341755911,50.04360098710631,6621.737342199949,6.733858405609253,59.92858714258386,0.7255,630685,518434.8774231628,611554.0445449853,0.49999999999999994,0.8660254037844387
2016-02-01,GU_South_2,South,GU,2,2016,1.06,1.12,1.0,5.982805774494526,66.88374533286631,48.07158893115303,6576.742267854596,7.957180744203647,65.98345524936491,0.7255,670885,630684.878483548,571838.9676939244,0.8660254037844386,0.5000000000000001
2016-03-01,GU_South_2,South,GU,3,2016,1.06,1.15,1.0,7.823546046825023,44.03211752359542,43.89794434487401,6985.542279193143,6.212199897689381,65.41755253624305,0.7255,721322,670885.2299657025,537145.9400067246,1.0,6.123233995736766e-17
2016-04-01,GU_South_2,South,GU,4,2016,1.06,1.05,1.0,6.99018948112237,80.00592001594806,43.28591242941002,6784.647343818824,7.358597750026849,63.95964469615065,0.7255,587770,721322.3982238938,524654.9518776826,0.8660254037844387,-0.4999999999999998
2016-05-01,GU_South_2,South,GU,5,2016,1.06,0.95,1.0,6.557615865037854,115.40726553839727,47.58881308425908,6566.787829417636,5.861944164690951,68.064029678874,0.7255,537773,587769.9915841201,458151.3233444475,0.49999999999999994,-0.8660254037844387
2016-06-01,GU_South_2,South,GU,6,2016,1.06,0.72,1.0,6.24561519882136,168.18808986747845,50.44741135050678,7163.289913793531,7.263155086012795,60.64486064861044,0.7255,379884,537772.7190180338,295656.08961976494,1.2246467991473532e-16,-1.0
2016-07-01,GU_South_2,South,GU,7,2016,1.06,0.65,1.0,9.0,196.4102329258055,47.36128076743406,6669.120838075502,7.254391713418343,62.051769934105344,0.7255,302277,379883.56437714514,239384.29480203713,-0.4999999999999997,-0.8660254037844388
2016-08-01,GU_South_2,South,GU,8,2016,1.06,0.68,1.0,7.258797891558857,290.3449407160847,51.01540800218981,7067.233209955739,8.441163969531729,63.18184816543318,0.7255,304645,302276.74802118307,250657.01559243098,-0.8660254037844385,-0.5000000000000004
2016-09-01,GU_South_2,South,GU,9,2016,1.06,0.82,1.0,5.249979339380369,241.82478883295786,41.732946012814246,6753.124173774037,5.8480208852465765,58.681556115642394,0.7255,298767,304645.18224976404,334257.6342513643,-1.0,-1.8369701987210297e-16
2016-10-01,GU_South_2,South,GU,10,2016,1.06,1.02,1.0,9.0,235.49306087773633,42.04183950850363,5651.136414480856,6.61929025931695,63.707727775200986,0.7255,426402,298767.0613047937,368329.2564556193,-0.8660254037844386,0.5000000000000001
2016-11-01,GU_South_2,South,GU,11,2016,1.06,1.1,1.0,8.293945257912506,205.0992361924781,40.93317664583996,7067.175643493749,7.758145941259315,55.92427834818461,0.7255,455202,426402.09932940017,448893.7665958423,-0.5000000000000004,0.8660254037844384
2016-12-01,GU_South_2,South,GU,12,2016,1.06,1.15,1.0,6.640900454556076,165.79101841222527,45.82528194894844,6540.829308604251,7.3682538051178454,66.98781813771284,0.7255,578496,455202.03103196656,518434.8774231628,-2.4492935982947064e-16,1.0
2017-01-01,GU_South_2,South,GU,1,2017,1.12,1.08,1.0,6.88025709357663,109.55362118504479,49.52681064941311,7429.44067612233,6.844244041070002,63.786549466263864,0.721,647834,578495.6999629515,630684.878483548,0.49999999999999994,0.8660254037844387
2017-02-01,GU_South_2,South,GU,2,2017,1.12,1.12,1.0,8.808167355389877,58.879199273250265,48.54414662958404,7579.42707939799,5.935091437633169,61.51642838438495,0.721,708319,647833.5217721575,670885.2299657025,0.8660254037844386,0.5000000000000001
2017-03-01,GU_South_2,South,GU,3,2017,1.12,1.15,1.0,7.703698007012655,46.00254710430535,51.42777588436989,7297.577900147,6.227345321526856,60.26250555081951,0.721,853148,708318.918985189,721322.3982238938,1.0,6.123233995736766e-17
2017-04-01,GU_South_2,South,GU,4,2017,1.12,1.05,1.0,5.688826617865878,69.4826929047207,52.69698581564399,7554.983310202706,7.6960328065786054,62.66168388152325,0.721,634407,853147.836379347,587769.9915841201,0.8660254037844387,-0.4999999999999998
2017-05-01,GU_South_2,South,GU,5,2017,1.12,0.95,1.0,9.0,110.72854875836849,44.42301277213947,7186.476093173289,6.658792644996858,66.35303884308965,0.721,574157,634406.896502033,537772.7190180338,0.49999999999999994,-0.8660254037844387
2017-06-01,GU_South_2,South,GU,6,2017,1.12,0.72,1.0,7.479211445340852,141.14959969148535,47.209083916296656,8026.242839458147,7.000287756915579,65.79095591495025,0.721,407670,574157.3709955087,379883.56437714514,1.2246467991473532e-16,-1.0
2017-07-01,GU_South_2,South,GU,7,2017,1.12,0.65,1.0,9.0,152.38435790964638,51.46043078236918,7401.705671898208,6.607849336978817,60.777848210886155,0.721,424133,407669.6599143063,302276.74802118307,-0.4999999999999997,-0.8660254037844388
2017-08-01,GU_South_2,South,GU,8,2017,1.12,0.68,1.0,9.0,229.24481313191004,47.59678394842425,7280.657593802585,5.753531587800188,60.21584130948946,0.721,381114,424133.14721441263,304645.18224976404,-0.8660254037844385,-0.5000000000000004
2017-09-01,GU_South_2,South,GU,9,2017,1.12,0.82,1.0,6.798788546620623,273.3822174559697,46.60538177092554,7036.603705954007,7.447048340859998,66.22759482527859,0.721,328048,381113.59666089946,298767.0613047937,-1.0,-1.8369701987210297e-16
2017-10-01,GU_South_2,South,GU,10,2017,1.12,1.02,1.0,9.0,300.67747222418774,52.05561228295119,7573.769428144569,7.102585907625997,60.71061038153989,0.721,487743,328047.86769983923,426402.09932940017,-0.8660254037844386,0.5000000000000001
2017-11-01,GU_South_2,South,GU,11,2017,1.12,1.1,1.0,7.218268940163583,164.06126112978015,45.13149979082806,7537.018518083972,8.544509469893752,63.83963909631802,0.721,560236,487742.7505689962,455202.03103196656,-0.5000000000000004,0.8660254037844384
2017-12-01,GU_South_2,South,GU,12,2017,1.12,1.15,1.0,5.759959295835269,140.40214681131212,48.095260576626686,7627.611399182559,5.887534896279564,64.09501857009711,0.721,633518,560235.9417372814,578495.6999629515,-2.4492935982947064e-16,1.0
2018-01-01,GU_South_2,South,GU,1,2018,1.18,1.08,1.0,7.05114237255325,94.15894657711935,54.485932077414425,5884.9163275950605,6.958058336960384,65.64824852690695,0.7165,798411,633517.8755285715,647833.5217721575,0.49999999999999994,0.8660254037844387
2018-02-01,GU_South_2,South,GU,2,2018,1.18,1.12,1.0,8.037825173911356,76.29065176075095,51.77854025826964,5626.648137507161,5.250764827170399,67.83308172072749,0.7165,825660,798411.1860640557,708318.918985189,0.8660254037844386,0.5000000000000001
2018-03-01,GU_South_2,South,GU,3,2018,1.18,1.15,1.0,7.005376194184215,49.73793874656025,55.84946696803952,6628.695763100321,6.425877254138462,59.34814825253071,0.7165,894519,825660.1997592609,853147.836379347,1.0,6.123233995736766e-17
2018-04-01,GU_South_2,South,GU,4,2018,1.18,1.05,1.0,7.192202162669699,54.76912978485084,51.79336907440789,7015.2685148167975,7.081205271250532,56.75536269895805,0.7165,733341,894519.3975287837,634406.896502033,0.8660254037844387,-0.4999999999999998
2018-05-01,GU_South_2,South,GU,5,2018,1.18,0.95,1.0,8.932939425694157,108.3804292438273,57.725858480337756,5885.320546896915,4.64229190712281,62.1302108750866,0.7165,795652,733341.200134052,574157.3709955087,0.49999999999999994,-0.8660254037844387
2018-06-01,GU_South_2,South,GU,6,2018,1.18,0.72,1.0,7.688452948127932,140.89563329907872,53.12276110751268,7062.428254575133,6.136054020606713,71.60611363132875,0.7165,487804,795652.0886830386,407669.6599143063,1.2246467991473532e-16,-1.0
2018-07-01,GU_South_2,South,GU,7,2018,1.18,0.65,1.0,6.548702198237878,163.26838179926136,55.51381041011606,6474.9396534037405,5.849432212765904,72.48869640034953,0.7165,435628,487804.12024404877,424133.14721441263,-0.4999999999999997,-0.8660254037844388
2018-08-01,GU_South_2,South,GU,8,2018,1.18,0.68,1.0,8.403096560180613,204.9176755059035,55.73807185894845,6344.0013699244955,5.7384341613639025,71.72470854226356,0.7165,423463,435627.8874372289,381113.59666089946,-0.8660254037844385,-0.5000000000000004
2018-09-01,GU_South_2,South,GU,9,2018,1.18,0.82,1.0,7.797870852124915,315.0265732908482,51.617379991767784,6168.282763526769,6.6081701218074835,63.62807452895725,0.7165,379538,423462.8144854591,328047.86769983923,-1.0,-1.8369701987210297e-16
2018-10-01,GU_South_2,South,GU,10,2018,1.18,1.02,1.0,4.5347344100253695,250.23827206030703,47.33954035403234,5724.14656823112,7.196548565138076,57.27153967206069,0.7165,433656,379537.5001649111,487742.7505689962,-0.8660254037844386,0.5000000000000001
2018-11-01,GU_South_2,South,GU,11,2018,1.18,1.1,1.0,8.074683668305559,203.23280166357625,54.582267263991504,6791.657509138438,6.193377027816675,55.027843593392646,0.7165,688712,433656.3047673285,560235.9417372814,-0.5000000000000004,0.8660254037844384
2018-12-01,GU_South_2,South,GU,12,2018,1.18,1.15,1.0,8.030854621039143,144.37739094422898,53.71686504137461,5998.156814325447,6.464389142048016,61.94384735380236,0.7165,738302,688712.1242630912,633517.8755285715,-2.4492935982947064e-16,1.0
2019-01-01,GU_South_2,South,GU,1,2019,1.24,1.08,1.0,6.524145355497032,104.38223263178199,59.66747808272538,6969.086995917931,5.991447002447399,64.40770547940257,0.712,932639,738301.9269661843,798411.1860640557,0.49999999999999994,0.8660254037844387
2019-02-01,GU_South_2,South,GU,2,2019,1.24,1.12,1.0,7.57004069728349,66.06239668223638,57.32041758285148,7766.3668394489805,5.901442805085131,70.40250160422384,0.712,865275,932638.7111471565,825660.1997592609,0.8660254037844386,0.5000000000000001
2019-03-01,GU_South_2,South,GU,3,2019,1.24,1.15,1.0,5.693127698808198,52.19126621155495,56.70871690359785,6472.657448997574,5.028525889830315,68.67122183816979,0.712,943366,865274.7348100499,894519.3975287837,1.0,6.123233995736766e-17
2019-04-01,GU_South_2,South,GU,4,2019,1.24,1.05,1.0,6.903799746585081,64.48959266759881,64.0254190329451,6634.3809851991755,6.786755681378315,66.10962031596648,0.712,1036586,943366.3257415767,733341.200134052,0.8660254037844387,-0.4999999999999998
2019-05-01,GU_South_2,South,GU,5,2019,1.24,0.95,1.0,4.619648754599177,113.03197507458324,53.582937815467666,7311.839590421214,6.136156294527069,61.640620916235434,0.712,644613,1036586.2759665585,795652.0886830386,0.49999999999999994,-0.8660254037844387
2019-06-01,GU_South_2,South,GU,6,2019,1.24,0.72,1.0,6.988508460078598,150.51984778501645,60.20185143509271,7451.977993052034,6.2159051920020625,61.35688176702044,0.712,532928,644613.2590189269,487804.12024404877,1.2246467991473532e-16,-1.0
2019-07-01,GU_South_2,South,GU,7,2019,1.24,0.65,1.0,8.843671634647876,170.66183493342083,56.27619442544983,7538.130591585867,5.254792296779534,66.21651074828574,0.712,437559,532928.1851503012,435627.8874372289,-0.4999999999999997,-0.8660254037844388
2019-08-01,GU_South_2,South,GU,8,2019,1.24,0.68,1.0,5.30617237703895,214.86741861248544,56.992664146778736,7184.190677971537,5.532623681608608,67.98820391535891,0.712,371127,437559.1906291062,423462.8144854591,-0.8660254037844385,-0.5000000000000004
2019-09-01,GU_South_2,South,GU,9,2019,1.24,0.82,1.0,5.58823744161467,175.7867989941358,57.0486915022781,8458.66635088861,5.759092641831377,66.76752504898234,0.712,537116,371127.38844468317,379537.5001649111,-1.0,-1.8369701987210297e-16
2019-10-01,GU_South_2,South,GU,10,2019,1.24,1.02,1.0,5.647981468530137,308.5350521591651,55.58969717748623,7217.4483485552255,4.672700245240919,61.06160816157338,0.712,546639,537116.189272254,433656.3047673285,-0.8660254037844386,0.5000000000000001
2019-11-01,GU_South_2,South,GU,11,2019,1.24,1.1,1.0,6.655997870961914,225.88263775858061,59.71367263070872,7216.1462315536255,4.549572539841858,67.80267051516834,0.712,677157,546638.7348332232,688712.1242630912,-0.5000000000000004,0.8660254037844384
2019-12-01,GU_South_2,South,GU,12,2019,1.24,1.15,1.0,5.224356472575538,131.3234138595922,62.171930787849874,6961.355999033606,5.419401655489146,66.90364386840565,0.712,794826,677157.3176419797,738301.9269661843,-2.4492935982947064e-16,1.0
2020-01-01,GU_South_2,South,GU,1,2020,1.3,1.08,1.0,5.944836682649355,95.7723272590435,63.91004098373998,8348.578390462262,5.918016613153912,61.71733437523929,0.7075,791316,794826.1664753262,932638.7111471565,0.49999999999999994,0.8660254037844387
2020-02-01,GU_South_2,South,GU,2,2020,1.3,1.12,1.0,6.455547762783177,57.341007037942916,62.810145988636286,8569.552877448828,4.977490088056047,62.86271611879898,0.7075,962336,791316.0393582925,865274.7348100499,0.8660254037844386,0.5000000000000001
2020-03-01,GU_South_2,South,GU,3,2020,1.3,1.15,1.0,6.08055648436472,61.56910408530588,59.540678502702264,8834.430447567836,4.6849558419274295,68.75398389824626,0.7075,968888,962335.5981024775,943366.3257415767,1.0,6.123233995736766e-17
2020-04-01,GU_South_2,South,GU,4,2020,1.3,1.05,0.68,3.317241317454492,49.89496884314077,64.05047579747335,7622.6424040296815,4.848251477409864,65.06196985941644,0.7075,656183,968887.6804488614,1036586.2759665585,0.8660254037844387,-0.4999999999999998
2020-05-01,GU_South_2,South,GU,5,2020,1.3,0.95,0.68,6.633541026410507,101.7171408822817,68.9690488951879,8182.122420767714,5.13572606148375,72.35658920654583,0.7075,614600,656182.8587276088,644613.2590189269,0.49999999999999994,-0.8660254037844387
2020-06-01,GU_South_2,South,GU,6,2020,1.3,0.72,0.68,6.5641807253245945,147.55812354229093,61.357916128614725,8493.836947891894,5.216912829743917,68.00451710425831,0.7075,378904,614600.0792610277,532928.1851503012,1.2246467991473532e-16,-1.0
2020-07-01,GU_South_2,South,GU,7,2020,1.3,0.65,1.0,6.4355334750357445,224.80515892127343,61.372049261944404,8556.996213595321,7.2324171617652455,64.05347524724293,0.7075,418819,378903.6363608045,437559.1906291062,-0.4999999999999997,-0.8660254037844388
2020-08-01,GU_South_2,South,GU,8,2020,1.3,0.68,1.0,5.886750526607169,232.9112132530744,60.816732607057006,8295.767219039823,6.343696502789855,65.95917759843627,0.7075,417693,418819.4957036712,371127.38844468317,-0.8660254037844385,-0.5000000000000004
2020-09-01,GU_South_2,South,GU,9,2020,1.3,0.82,1.0,5.703567005266338,184.0671671254212,61.03175729651674,8536.911109317225,6.319819289825382,66.25353357055087,0.7075,607622,417693.15448391007,537116.189272254,-1.0,-1.8369701987210297e-16
2020-10-01,GU_South_2,South,GU,10,2020,1.3,1.02,1.0,6.678207105971855,227.69027273683358,54.26410133898285,7928.78657121117,6.434864291418705,63.08643874703316,0.7075,622791,607621.9088844087,546638.7348332232,-0.8660254037844386,0.5000000000000001
2020-11-01,GU_South_2,South,GU,11,2020,1.3,1.1,1.0,7.747556013344324,170.83513346170025,63.715106157567135,8993.87776757104,4.70094330453276,62.34964720728949,0.7075,756838,622790.9297026892,677157.3176419797,-0.5000000000000004,0.8660254037844384
2020-12-01,GU_South_2,South,GU,12,2020,1.3,1.15,1.0,4.295691272182359,151.79053979752265,59.96334347093616,8739.502969368523,4.522108308010209,68.805559575238,0.7075,752971,756837.6655284843,794826.1664753262,-2.4492935982947064e-16,1.0
2021-01-01,GU_South_2,South,GU,1,2021,1.3599999999999999,1.08,1.0,6.293750474953726,121.51265554780491,62.1692106436246,6581.962172793141,4.214503766772754,70.18109318816838,0.703,885182,752970.7377310278,791316.0393582925,0.49999999999999994,0.8660254037844387
2021-02-01,GU_South_2,South,GU,2,2021,1.3599999999999999,1.12,1.0,4.896539482391057,46.85618836866644,69.25956984919765,6703.383305319929,6.16760490667027,69.21512587821184,0.703,1109666,885182.3496735585,962335.5981024775,0.8660254037844386,0.5000000000000001
2021-03-01,GU_South_2,South,GU,3,2021,1.3599999999999999,1.15,1.0,4.844392337565679,43.99832948450072,63.75394664487419,6716.064889424361,4.662246568894007,72.86127237729521,0.703,1133739,1109665.968768028,968887.6804488614,1.0,6.123233995736766e-17
2021-04-01,GU_South_2,South,GU,4,2021,1.3599999999999999,1.05,1.0,3.156163171541554,58.14156023846497,65.98399283834873,7492.266163875906,4.09891505420857,64.6329070559536,0.703,927461,1133738.6138609294,656182.8587276088,0.8660254037844387,-0.4999999999999998
2021-05-01,GU_South_2,South,GU,5,2021,1.3599999999999999,0.95,1.0,4.658252708581526,94.27553356880183,71.39932717356574,6609.052182084609,4.755203039824149,73.49708306428452,0.703,903452,927461.3964278128,614600.0792610277,0.49999999999999994,-0.8660254037844387
2021-06-01,GU_South_2,South,GU,6,2021,1.3599999999999999,0.72,1.0,3.8032820504379012,166.652827442368,62.77235260592646,7038.2187265788325,4.909115574628298,63.19631552578338,0.703,559130,903452.0117977157,378903.6363608045,1.2246467991473532e-16,-1.0
2021-07-01,GU_South_2,South,GU,7,2021,1.3599999999999999,0.65,1.0,4.443374684592865,194.7936674731584,62.402205296206716,7391.796655360017,5.314730618955649,62.74925774652603,0.703,436528,559129.5069465062,418819.4957036712,-0.4999999999999997,-0.8660254037844388
2021-08-01,GU_South_2,South,GU,8,2021,1.3599999999999999,0.68,1.0,3.6821763394662206,251.35953755870463,67.80791856868701,7157.405006426573,5.300760816569634,59.760164471402994,0.703,493827,436528.46349323203,417693.15448391007,-0.8660254037844385,-0.5000000000000004
2021-09-01,GU_South_2,South,GU,9,2021,1.3599999999999999,0.82,1.0,4.461309935224392,226.53351086005839,70.44846209203111,7303.6790590431865,4.437455548901193,65.01681874469273,0.703,577363,493827.27061848796,607621.9088844087,-1.0,-1.8369701987210297e-16
2021-10-01,GU_South_2,South,GU,10,2021,1.3599999999999999,1.02,1.0,4.5126675715719164,244.7626430115541,62.27697484680411,6707.568456865528,5.648525114010968,64.78511065268218,0.703,661642,577362.9996988652,622790.9297026892,-0.8660254037844386,0.5000000000000001
2021-11-01,GU_South_2,South,GU,11,2021,1.3599999999999999,1.1,1.0,5.11610590212656,223.33392892633145,68.22306921051153,7454.864145001229,4.588645172999874,68.90374912101859,0.703,792499,661642.2901225181,756837.6655284843,-0.5000000000000004,0.8660254037844384
2021-12-01,GU_South_2,South,GU,12,2021,1.3599999999999999,1.15,1.0,3.062300165250403,133.52326013091553,68.74299861988507,6911.23432535827,4.974978930635965,67.7755637664818,0.703,934190,792499.0394288416,752970.7377310278,-2.4492935982947064e-16,1.0
2022-01-01,GU_South_2,South,GU,1,2022,1.42,1.08,1.0,3.7047180509257913,111.72037179709773,65.32251854892304,8013.921146520578,5.249419256402684,62.828106515923444,0.6985,936941,934189.7442654065,885182.3496735585,0.49999999999999994,0.8660254037844387
2022-02-01,GU_South_2,South,GU,2,2022,1.42,1.12,1.0,5.873636953096811,63.89550469515739,73.89550401372166,8266.979277557346,4.186542876844526,66.02909504629672,0.6985,1267570,936940.6043988926,1109665.968768028,0.8660254037844386,0.5000000000000001
2022-03-01,GU_South_2,South,GU,3,2022,1.42,1.15,1.0,4.4824140877360605,57.84095180361689,74.12981763952654,8206.385199688533,4.24451886113509,66.11415191564926,0.6985,1174798,1267570.0655773254,1133738.6138609294,1.0,6.123233995736766e-17
2022-04-01,GU_South_2,South,GU,4,2022,1.42,1.05,1.0,6.728775576496096,61.482033124239976,70.56464328023192,8170.791008556668,5.1733344397545045,60.49607101215243,0.6985,1085741,1174797.693571485,927461.3964278128,0.8660254037844387,-0.4999999999999998
2022-05-01,GU_South_2,South,GU,5,2022,1.42,0.95,1.0,5.709663494638235,105.71866982743148,75.25703908689403,7822.217930110111,4.013813458715983,63.676213091946515,0.6985,1126391,1085740.7721728543,903452.0117977157,0.49999999999999994,-0.8660254037844387
2022-06-01,GU_South_2,South,GU,6,2022,1.42,0.72,1.0,6.167454408467868,149.08635978723308,74.90936672297454,8025.202764960015,4.392166381116743,64.51674547754364,0.6985,681874,1126391.3535000773,559129.5069465062,1.2246467991473532e-16,-1.0
2022-07-01,GU_South_2,South,GU,7,2022,1.42,0.65,1.0,7.132170612725252,197.11363213878263,71.80935377715161,8160.982615876318,5.1445937424343136,73.33450007928379,0.6985,599790,681873.6215182801,436528.46349323203,-0.4999999999999997,-0.8660254037844388
2022-08-01,GU_South_2,South,GU,8,2022,1.42,0.68,1.0,5.067686854052292,245.79207994336534,70.1456638290252,7541.211645074463,6.343273953148779,68.3658028638294,0.6985,464139,599790.43236951,493827.27061848796,-0.8660254037844385,-0.5000000000000004
2022-09-01,GU_South_2,South,GU,9,2022,1.42,0.82,1.0,4.749955781720648,270.13028009593387,68.58151632225113,7951.860165158631,5.1843236038101965,70.24867501579,0.6985,557639,464138.55069533683,577362.9996988652,-1.0,-1.8369701987210297e-16
2022-10-01,GU_South_2,South,GU,10,2022,1.42,1.02,1.0,6.485382930938755,192.25500549909597,71.38730947190143,8334.455945564432,5.078111810392008,61.605458011403144,0.6985,881059,557638.786521024,661642.2901225181,-0.8660254037844386,0.5000000000000001
2022-11-01,GU_South_2,South,GU,11,2022,1.42,1.1,1.0,6.050756104935802,243.00900826453633,73.20927675911254,7585.1535282692475,5.124641266938183,72.37685793205596,0.6985,911754,881058.6220712545,792499.0394288416,-0.5000000000000004,0.8660254037844384
2022-12-01,GU_South_2,South,GU,12,2022,1.42,1.15,1.0,5.214543456434618,108.15758158762956,70.52746941687808,8680.46174321706,3.8414477807463596,72.80440825209637,0.6985,930955,911754.1468765293,934189.7442654065,-2.4492935982947064e-16,1.0
2023-01-01,GU_South_2,South,GU,1,2023,1.48,1.08,1.0,8.16974956034713,89.72781835391656,69.4074969842139,9704.146291197445,4.3924773909439265,60.406620131421505,0.694,1203150,930955.0474076244,936940.6043988926,0.49999999999999994,0.8660254037844387
2023-02-01,GU_South_2,South,GU,2,2023,1.48,1.12,1.0,6.245306828192083,62.50099668044921,79.8061416837297,8572.502563845477,4.276186809330879,65.5787331043366,0.694,1304946,1203150.4027249843,1267570.0655773254,0.8660254037844386,0.5000000000000001
2023-03-01,GU_South_2,South,GU,3,2023,1.48,1.15,1.0,6.539328365066938,53.09266976814461,76.57066966553468,9743.749157900078,4.557267632298204,70.38306229206205,0.694,1418015,1304945.8358128855,1174797.693571485,1.0,6.123233995736766e-17
2023-04-01,GU_South_2,South,GU,4,2023,1.48,1.05,1.0,6.52546718100111,78.38625974916967,74.8611265099695,9068.208608107056,4.393206441980697,70.97755381415273,0.694,1135728,1418015.1052103606,1085740.7721728543,0.8660254037844387,-0.4999999999999998
2023-05-01,GU_South_2,South,GU,5,2023,1.48,0.95,1.0,5.378487326121835,72.12562767662338,78.57147516526986,9321.15187464819,4.60375974193369,65.68602107805111,0.694,1046323,1135727.697270435,1126391.3535000773,0.49999999999999994,-0.8660254037844387
2023-06-01,GU_South_2,South,GU,6,2023,1.48,0.72,1.0,6.59310246738367,138.5768821112315,80.57391578944826,8909.327349569805,4.050826244080638,67.17800214778539,0.694,780949,1046323.1159049595,681873.6215182801,1.2246467991473532e-16,-1.0
2023-07-01,GU_South_2,South,GU,7,2023,1.48,0.65,1.0,8.17611221287819,136.19499536602206,67.59426529153633,9548.19049527956,4.346887133897434,66.01047575581943,0.694,609779,780948.7991199396,599790.43236951,-0.4999999999999997,-0.8660254037844388
2023-08-01,GU_South_2,South,GU,8,2023,1.48,0.68,1.0,7.033961978451411,237.7248162822857,77.30279094976622,9315.562631509416,3.317737147154406,68.84167218778448,0.694,594089,609779.3007834618,464138.55069533683,-0.8660254037844385,-0.5000000000000004
2023-09-01,GU_South_2,South,GU,9,2023,1.48,0.82,1.0,6.537276111678718,260.18813441875113,71.72005236756895,8766.451357558593,4.044074177597669,73.18871412584765,0.694,614111,594088.8293397693,557638.786521024,-1.0,-1.8369701987210297e-16
2023-10-01,GU_South_2,South,GU,10,2023,1.48,1.02,1.0,6.305879262601197,293.06048745158347,77.49733152039683,8608.479423043136,5.412666838541314,65.31583137143518,0.694,735765,614110.5084468757,881058.6220712545,-0.8660254037844386,0.5000000000000001
2023-11-01,GU_South_2,South,GU,11,2023,1.48,1.1,1.0,6.8970404340876215,203.61904282680362,76.38378160712374,8475.684227183365,4.555046671702605,72.40328199107367,0.694,1105992,735764.7267870788,911754.1468765293,-0.5000000000000004,0.8660254037844384
2023-12-01,GU_South_2,South,GU,12,2023,1.48,1.15,1.0,7.399719954187022,173.49056541245358,77.90717957932165,9217.394122422256,4.283263170093538,65.27331171061246,0.694,1098052,1105992.3779158758,930955.0474076244,-2.4492935982947064e-16,1.0
2024-01-01,GU_South_2,South,GU,1,2024,1.54,1.08,1.0,8.291746768847524,108.7575562230859,79.00225715651604,8284.791812273448,5.416898621003478,65.80949115001246,0.6895,1359697,1098052.4363999655,1203150.4027249843,0.49999999999999994,0.8660254037844387
2024-02-01,GU_South_2,South,GU,2,2024,1.54,1.12,1.0,7.162422337593446,59.25841512230758,74.88027966454254,8320.114232423317,2.8113320173591365,72.47437847337285,0.6895,1490429,1359697.1008553323,1304945.8358128855,0.8660254037844386,0.5000000000000001
2024-03-01,GU_South_2,South,GU,3,2024,1.54,1.15,1.0,7.950398084711958,39.43279439905971,79.14889542623,7974.088184399247,3.012435555643024,72.88774551203046,0.6895,1592591,1490428.9563121835,1418015.1052103606,1.0,6.123233995736766e-17
2024-04-01,GU_South_2,South,GU,4,2024,1.54,1.05,1.0,8.136587861157755,66.01262668682467,81.72054290541935,7506.531271923604,5.270169129021018,72.60563974705062,0.6895,1426532,1592591.3340562559,1135727.697270435,0.8660254037844387,-0.4999999999999998
2024-05-01,GU_South_2,South,GU,5,2024,1.54,0.95,1.0,6.352026186747447,77.61846974281954,83.54617698602567,7720.246017861866,3.936768748839147,63.936810367127435,0.6895,1281414,1426531.6025176952,1046323.1159049595,0.49999999999999994,-0.8660254037844387
2024-06-01,GU_South_2,South,GU,6,2024,1.54,0.72,1.0,7.762536821200254,179.142159135067,76.98450609858243,8545.736564505434,3.705933570968165,67.3361960877118,0.6895,819512,1281414.1375590784,780948.7991199396,1.2246467991473532e-16,-1.0
2024-07-01,GU_South_2,South,GU,7,2024,1.54,0.65,1.0,4.967095508216987,195.1381369388953,83.58118128061905,7809.096822902531,2.940636539923485,72.49195436801328,0.6895,623226,819511.7735684761,609779.3007834618,-0.4999999999999997,-0.8660254037844388
2024-08-01,GU_South_2,South,GU,8,2024,1.54,0.68,1.0,8.139700623565243,279.01984214342394,78.55638313106044,8091.717610779232,4.258157013116009,69.36616736225558,0.6895,626788,623225.7495592562,594088.8293397693,-0.8660254037844385,-0.5000000000000004
2024-09-01,GU_South_2,South,GU,9,2024,1.54,0.82,1.0,8.353071837255039,231.99195872003503,81.58734964478359,7543.136959363868,4.33556789562197,64.90522861521015,0.6895,787205,626787.954531716,614110.5084468757,-1.0,-1.8369701987210297e-16
2024-10-01,GU_South_2,South,GU,10,2024,1.54,1.02,1.0,8.457715522723571,246.1441572352265,78.9703181414031,8178.6420474291335,3.024404511332083,71.03327175650178,0.6895,997559,787204.7245901338,735764.7267870788,-0.8660254037844386,0.5000000000000001
2024-11-01,GU_South_2,South,GU,11,2024,1.54,1.1,1.0,7.08660394917634,206.2804657200407,81.0465118831363,7821.2216242169825,3.787779531559657,66.34077096403412,0.6895,1162211,997559.1726417477,1105992.3779158758,-0.5000000000000004,0.8660254037844384
2024-12-01,GU_South_2,South,GU,12,2024,1.54,1.15,1.0,7.9315163738086625,148.98650734475424,83.17563290371082,8498.20039817166,3.631587334373547,76.37809939356885,0.6895,1334247,1162211.245638605,1098052.4363999655,-2.4492935982947064e-16,1.0
2025-01-01,GU_South_2,South,GU,1,2025,1.6,1.08,1.0,9.0,93.51010729905111,81.3189577681344,9348.100967792518,3.704781717135017,76.17936584967303,0.6849999999999999,1475071,1334246.8344599074,1359697.1008553323,0.49999999999999994,0.8660254037844387
2025-02-01,GU_South_2,South,GU,2,2025,1.6,1.12,1.0,9.0,67.12956680918934,82.9602823097595,8776.932324040748,2.6045998062234847,72.41638970542228,0.6849999999999999,1558115,1475070.71096444,1490428.9563121835,0.8660254037844386,0.5000000000000001
2025-03-01,GU_South_2,South,GU,3,2025,1.6,1.15,1.0,7.964992760928127,43.053775523875935,85.55488776202625,8943.001187693004,4.501557963610526,75.4440268190791,0.6849999999999999,1800794,1558115.1913213888,1592591.3340562559,1.0,6.123233995736766e-17
2025-04-01,GU_South_2,South,GU,4,2025,1.6,1.05,1.0,8.167183556875472,51.89619050667134,92.20475098309106,8751.997691981169,4.232659025278084,70.25916540049353,0.6849999999999999,1837309,1800793.9172304722,1426531.6025176952,0.8660254037844387,-0.4999999999999998
2025-05-01,GU_South_2,South,GU,5,2025,1.6,0.95,1.0,9.0,118.64240339990242,82.41043086349951,8361.255061554199,3.209459553013747,73.06174997750006,0.6849999999999999,1227770,1837308.7276007028,1281414.1375590784,0.49999999999999994,-0.8660254037844387
2025-06-01,GU_South_2,South,GU,6,2025,1.6,0.72,1.0,6.19903758168539,166.36127975007227,91.12040165799075,8614.150906703206,3.326865030689303,75.9108811812083,0.6849999999999999,867783,1227770.255379287,819511.7735684761,1.2246467991473532e-16,-1.0
2025-07-01,GU_South_2,South,GU,7,2025,1.6,0.65,1.0,7.612309108787571,201.97674825806723,91.01326991102552,9089.197797473822,3.3908622797779073,70.98199472717725,0.6849999999999999,814077,867782.5289528542,623225.7495592562,-0.4999999999999997,-0.8660254037844388
2025-08-01,GU_South_2,South,GU,8,2025,1.6,0.68,1.0,9.0,295.69907804869484,84.70806654789523,9146.366774202765,2.877353157594797,68.97925131394287,0.6849999999999999,733786,814076.9048432098,626787.954531716,-0.8660254037844385,-0.5000000000000004
2025-09-01,GU_South_2,South,GU,9,2025,1.6,0.82,1.0,9.0,239.95879304781832,84.1055424214003,9066.84655661614,3.1452564654119715,63.18151216729154,0.6849999999999999,837653,733786.3600022151,787204.7245901338,-1.0,-1.8369701987210297e-16
2025-10-01,GU_South_2,South,GU,10,2025,1.6,1.02,1.0,8.443116533179886,283.54578168086493,82.92380440400592,8864.220125718066,3.283783705860313,69.66746589711403,0.6849999999999999,1011945,837653.0839807356,997559.1726417477,-0.8660254037844386,0.5000000000000001
2025-11-01,GU_South_2,South,GU,11,2025,1.6,1.1,1.0,6.1930011136032554,205.26722254777465,84.79539240900199,9419.879972573895,4.790294696565702,73.29369273824925,0.6849999999999999,1205704,1011945.1152456491,1162211.245638605,-0.5000000000000004,0.8660254037844384
2025-12-01,GU_South_2,South,GU,12,2025,1.6,1.15,1.0,7.940107720350605,126.94310812328125,80.77984170232132,9028.593857051874,4.2572946466643495,73.78253371027051,0.6849999999999999,1456034,1205703.612765426,1334246.8344599074,-2.4492935982947064e-16,1.0
2015-01-01,GU_South_3,South,GU,1,2015,1.0,1.08,1.0,3.5278495197474955,64.66444764808963,43.31938531243622,5309.8873617257605,8.35483964676424,57.539013854492744,0.73,460342,,,0.49999999999999994,0.8660254037844387
2015-02-01,GU_South_3,South,GU,2,2015,1.0,1.12,1.0,7.101308011170526,78.37117587708981,36.2493519223156,5782.400379669991,7.429143146184968,60.886758976493695,0.73,529750,460342.3754437865,,0.8660254037844386,0.5000000000000001
2015-03-01,GU_South_3,South,GU,3,2015,1.0,1.15,1.0,8.323203621308773,58.14860092167786,38.7325123137027,5524.083185094134,8.047771883239914,60.511742698674695,0.73,623740,529750.2781410911,,1.0,6.123233995736766e-17
2015-04-01,GU_South_3,South,GU,4,2015,1.0,1.05,1.0,6.6399941014034045,67.63646594682346,43.0831562463386,5438.7711694379195,6.6384363672976425,63.12356450640468,0.73,567075,623740.2625484737,,0.8660254037844387,-0.4999999999999998
2015-05-01,GU_South_3,South,GU,5,2015,1.0,0.95,1.0,5.262672736046884,128.61236008829903,40.94656882276076,6542.165782946547,8.60237946714033,59.78883632981928,0.73,343992,567075.2980158959,,0.49999999999999994,-0.8660254037844387
2015-06-01,GU_South_3,South,GU,6,2015,1.0,0.72,1.0,5.8842473043628605,128.00930735661652,39.85642321704173,4858.575891400717,9.21896503514964,59.61877720922407,0.73,298270,343991.5259832097,,1.2246467991473532e-16,-1.0
2015-07-01,GU_South_3,South,GU,7,2015,1.0,0.65,1.0,8.623895681186712,256.62875361878014,40.753010629450436,6087.289002919483,7.91697263295098,67.74342585634359,0.73,241396,298269.803044804,,-0.4999999999999997,-0.8660254037844388
2015-08-01,GU_South_3,South,GU,8,2015,1.0,0.68,1.0,7.59195504903267,202.34672499321175,40.53824251314652,5802.562631443121,5.832534702925759,63.138267161898106,0.73,285216,241396.2143118253,,-0.8660254037844385,-0.5000000000000004
2015-09-01,GU_South_3,South,GU,9,2015,1.0,0.82,1.0,7.268031942061195,258.9526721984259,35.450012361142235,5291.39342938833,7.053415790081773,59.75579659191093,0.73,280280,285215.93533454917,,-1.0,-1.8369701987210297e-16
2015-10-01,GU_South_3,South,GU,10,2015,1.0,1.02,1.0,6.927695100241252,191.3935683050987,38.952214343956115,6240.373009821359,7.990260257335457,60.99666531275508,0.73,401044,280279.88385451114,,-0.8660254037844386,0.5000000000000001
2015-11-01,GU_South_3,South,GU,11,2015,1.0,1.1,1.0,5.706635465370833,200.44082286633102,44.84956496354125,4675.530126397792,7.16281360226691,68.58141980908297,0.73,484904,401044.3338408746,,-0.5000000000000004,0.8660254037844384
2015-12-01,GU_South_3,South,GU,12,2015,1.0,1.15,1.0,6.259314583213078,158.6887462049638,38.0220275956685,5272.384681188051,8.517758843400077,61.05934048699561,0.73,444639,484904.0637616585,,-2.4492935982947064e-16,1.0
2016-01-01,GU_South_3,South,GU,1,2016,1.06,1.08,1.0,7.467152888965602,97.67964503298168,43.545096957687,5936.183008078966,7.570525811548692,60.042893507390446,0.7255,618783,444639.25076588354,460342.3754437865,0.49999999999999994,0.8660254037844387
2016-02-01,GU_South_3,South,GU,2,2016,1.06,1.12,1.0,8.220149351057154,70.18616208702275,42.87513771007244,6665.437559192207,6.534819599387363,60.060015399494425,0.7255,671033,618782.7262789301,529750.2781410911,0.8660254037844386,0.5000000000000001
2016-03-01,GU_South_3,South,GU,3,2016,1.06,1.15,1.0,9.0,50.74260837115443,44.23895433004559,5979.12115446582,7.125811848617002,60.603494076041684,0.7255,753449,671033.062309366,623740.2625484737,1.0,6.123233995736766e-17
2016-04-01,GU_South_3,South,GU,4,2016,1.06,1.05,1.0,8.902665935931575,58.42949462435324,42.750631506027105,6674.878776033644,6.384933423488728,60.42200911029311,0.7255,632402,753449.4520503314,567075.2980158959,0.8660254037844387,-0.4999999999999998
2016-05-01,GU_South_3,South,GU,5,2016,1.06,0.95,1.0,5.857398944824572,91.4978002329649,45.96022450647418,6396.103612880351,6.953932097270046,57.68140860660303,0.7255,573784,632402.3191839746,343991.5259832097,0.49999999999999994,-0.8660254037844387
2016-06-01,GU_South_3,South,GU,6,2016,1.06,0.72,1.0,7.82945413446108,168.24555988385316,45.0919402368708,6264.290725804812,6.656325407653958,58.30319961221208,0.7255,373593,573783.6912737882,298269.803044804,1.2246467991473532e-16,-1.0
2016-07-01,GU_South_3,South,GU,7,2016,1.06,0.65,1.0,8.444776185981297,180.38773910579098,46.82064284532105,6654.89126071504,8.03980944018643,59.48271850255452,0.7255,317737,373592.5647973775,241396.2143118253,-0.4999999999999997,-0.8660254037844388
2016-08-01,GU_South_3,South,GU,8,2016,1.06,0.68,1.0,8.303292567953383,269.0905406214503,41.34717650143312,6359.120269227921,8.792809645464796,65.16628407381239,0.7255,275711,317737.4572062065,285215.93533454917,-0.8660254037844385,-0.5000000000000004
2016-09-01,GU_South_3,South,GU,9,2016,1.06,0.82,1.0,6.805579655714918,295.8516922311974,43.47897855135129,5990.114320623483,5.955049333411398,61.27505085090851,0.7255,323293,275710.9447389104,280279.88385451114,-1.0,-1.8369701987210297e-16
2016-10-01,GU_South_3,South,GU,10,2016,1.06,1.02,1.0,9.0,177.379249529071,43.82283210516359,7740.617845335791,5.561426971032198,61.97135324362384,0.7255,487636,323292.8103991044,401044.3338408746,-0.8660254037844386,0.5000000000000001
2016-11-01,GU_South_3,South,GU,11,2016,1.06,1.1,1.0,6.028158696982478,233.98779161903101,45.86694073026578,6260.774767636935,6.903862062518891,67.88035210101958,0.7255,498279,487635.5410318486,484904.0637616585,-0.5000000000000004,0.8660254037844384
2016-12-01,GU_South_3,South,GU,12,2016,1.06,1.15,1.0,6.260834035780561,196.35951071500577,42.1203364083789,5482.075913931643,5.885267440937054,67.98002859975367,0.7255,513045,498279.1911432901,444639.25076588354,-2.4492935982947064e-16,1.0
2017-01-01,GU_South_3,South,GU,1,2017,1.12,1.08,1.0,8.280314097513891,103.78005641802892,51.74696141277503,7073.875912653056,6.736969282936734,62.47150022744906,0.721,630009,513045.389260343,618782.7262789301,0.49999999999999994,0.8660254037844387
2017-02-01,GU_South_3,South,GU,2,2017,1.12,1.12,1.0,9.0,69.09452193862732,52.55924677155283,6882.5458132599515,7.299148891044742,61.07654595726637,0.721,843475,630008.7106347512,671033.062309366,0.8660254037844386,0.5000000000000001
2017-03-01,GU_South_3,South,GU,3,2017,1.12,1.15,1.0,6.9965661791549945,57.77753993276868,46.03338295709325,7824.585850245912,7.89531351781346,60.14227874530585,0.721,706399,843475.1724141956,753449.4520503314,1.0,6.123233995736766e-17
2017-04-01,GU_South_3,South,GU,4,2017,1.12,1.05,1.0,7.681005961223609,60.77772777860391,47.5273813153193,7597.564019843894,6.861115646972225,66.37110307883296,0.721,711302,706399.4921303708,632402.3191839746,0.8660254037844387,-0.4999999999999998
2017-05-01,GU_South_3,South,GU,5,2017,1.12,0.95,1.0,9.0,102.73420335306804,47.404205475123725,7632.241083833335,6.545475820120337,62.78117106591085,0.721,635129,711302.1472520566,573783.6912737882,0.49999999999999994,-0.8660254037844387
2017-06-01,GU_South_3,South,GU,6,2017,1.12,0.72,1.0,7.97856541413472,120.43051058348004,56.89715861403249,7286.3102134009205,5.117292066741532,62.05402043870884,0.721,503638,635128.7695431239,373592.5647973775,1.2246467991473532e-16,-1.0
2017-07-01,GU_South_3,South,GU,7,2017,1.12,0.65,1.0,7.5984753745636455,204.15905085591356,47.71029968437634,7327.112711852065,6.720948119348639,60.34534169944979,0.721,362232,503638.0519151909,317737.4572062065,-0.4999999999999997,-0.8660254037844388
2017-08-01,GU_South_3,South,GU,8,2017,1.12,0.68,1.0,8.678759482264065,254.2807249128151,54.032876326468404,7285.90132640423,6.75702980843957,60.521334363954445,0.721,359465,362231.7988803386,275710.9447389104,-0.8660254037844385,-0.5000000000000004
2017-09-01,GU_South_3,South,GU,9,2017,1.12,0.82,1.0,8.327021588275512,269.35611335974255,45.20010401468017,7416.283390166719,7.211165451370197,64.88023276597298,0.721,377787,359464.5855892812,323292.8103991044,-1.0,-1.8369701987210297e-16
2017-10-01,GU_South_3,South,GU,10,2017,1.12,1.02,1.0,9.0,274.4148698062222,46.03104710150691,7828.720368941857,6.133209518776727,58.33824693645095,0.721,484311,377787.10172725725,487635.5410318486,-0.8660254037844386,0.5000000000000001
2017-11-01,GU_South_3,South,GU,11,2017,1.12,1.1,1.0,9.0,176.75593465593414,46.940186404455396,7604.054258655086,6.351957919811312,67.57947477515175,0.721,604230,484311.11380530044,498279.1911432901,-0.5000000000000004,0.8660254037844384
2017-12-01,GU_South_3,South,GU,12,2017,1.12,1.15,1.0,8.368403672006433,138.01634797484635,46.46293206566043,7677.87109635707,5.517598195756653,61.46462142474033,0.721,689411,604230.2067675999,513045.389260343,-2.4492935982947064e-16,1.0
2018-01-01,GU_South_3,South,GU,1,2018,1.18,1.08,1.0,7.910739442233792,128.43261018987033,52.69630379752451,6571.98118568451,4.4669657544927475,63.80145622299283,0.7165,711940,689410.8095107905,630008.7106347512,0.49999999999999994,0.8660254037844387
2018-02-01,GU_South_3,South,GU,2,2018,1.18,1.12,1.0,7.817593350523182,61.967894070707274,51.3736653918355,6745.17877379415,5.413202327362573,59.05208816743779,0.7165,818761,711939.7119771931,843475.1724141956,0.8660254037844386,0.5000000000000001
2018-03-01,GU_South_3,South,GU,3,2018,1.18,1.15,1.0,8.147616839758966,51.500253404842454,51.04197522179628,6476.847195665483,5.043739348597587,64.35053624703055,0.7165,821820,818760.8906565653,706399.4921303708,1.0,6.123233995736766e-17
2018-04-01,GU_South_3,South,GU,4,2018,1.18,1.05,1.0,7.6268649372255775,62.76021965937912,56.975415989419986,6508.661309677882,6.569369836336489,63.086716229237766,0.7165,861525,821819.9044669057,711302.1472520566,0.8660254037844387,-0.4999999999999998
2018-05-01,GU_South_3,South,GU,5,2018,1.18,0.95,1.0,7.559929992993074,87.67478760542467,57.1713808675395,6882.142485509289,5.885492754666514,64.19967760457413,0.7165,744890,861524.913977472,635128.7695431239,0.49999999999999994,-0.8660254037844387
2018-06-01,GU_South_3,South,GU,6,2018,1.18,0.72,1.0,8.996612716772512,186.52940724506564,56.34788949512595,6047.909013870968,5.869410295940169,70.28683559344756,0.7165,518673,744890.4722368405,503638.0519151909,1.2246467991473532e-16,-1.0
2018-07-01,GU_South_3,South,GU,7,2018,1.18,0.65,1.0,9.0,184.16895764238183,55.07199686675298,5962.0955159941905,5.51246956305983,65.11079218316097,0.7165,453002,518673.15572927677,362231.7988803386,-0.4999999999999997,-0.8660254037844388
2018-08-01,GU_South_3,South,GU,8,2018,1.18,0.68,1.0,5.751596638219716,196.59474758230823,53.77822919733865,5813.514957338283,3.713947653990053,61.22136326341679,0.7165,384889,453002.2562613058,359464.5855892812,-0.8660254037844385,-0.5000000000000004
2018-09-01,GU_South_3,South,GU,9,2018,1.18,0.82,1.0,7.572685553868504,233.0972396011468,52.00890792800227,6429.491230601484,7.506648598998041,61.554720357813736,0.7165,424441,384888.83979887416,377787.10172725725,-1.0,-1.8369701987210297e-16
2018-10-01,GU_South_3,South,GU,10,2018,1.18,1.02,1.0,6.7342268516455395,165.56123161358803,50.64052748573472,5513.000168423763,5.499783581778569,66.78052474365508,0.7165,629460,424440.51786607725,484311.11380530044,-0.8660254037844386,0.5000000000000001
2018-11-01,GU_South_3,South,GU,11,2018,1.18,1.1,1.0,7.187494411996534,180.46137605050455,54.58898711029806,6555.149020199224,5.970063944120074,69.5947731639737,0.7165,727299,629460.1018705288,604230.2067675999,-0.5000000000000004,0.8660254037844384
2018-12-01,GU_South_3,South,GU,12,2018,1.18,1.15,1.0,8.043679623462207,128.21710654832268,49.979108822359606,6298.04278444712,5.136086267768551,65.5276720830042,0.7165,789681,727298.768483972,689410.8095107905,-2.4492935982947064e-16,1.0
2019-01-01,GU_South_3,South,GU,1,2019,1.24,1.08,1.0,7.303326045850962,109.26142946390986,55.01823721247382,7830.587864919326,6.677544274752508,67.95485097821908,0.712,844166,789680.8261120211,711939.7119771931,0.49999999999999994,0.8660254037844387
2019-02-01,GU_South_3,South,GU,2,2019,1.24,1.12,1.0,6.365448267666386,56.993546812394435,61.45873976861443,7017.637210290605,6.01474314962986,67.63895089334682,0.712,962057,844165.5756945887,818760.8906565653,0.8660254037844386,0.5000000000000001
2019-03-01,GU_South_3,South,GU,3,2019,1.24,1.15,1.0,4.203991598332637,56.65852951684136,63.701947125166264,7228.5067715619725,5.238907771787305,70.87625765343009,0.712,924402,962057.3548729159,821819.9044669057,1.0,6.123233995736766e-17
2019-04-01,GU_South_3,South,GU,4,2019,1.24,1.05,1.0,5.341945303308584,76.69650949385688,59.179885414499445,7824.991499981867,5.586216310924781,57.40163930909587,0.712,780216,924402.4102619615,861524.913977472,0.8660254037844387,-0.4999999999999998
2019-05-01,GU_South_3,South,GU,5,2019,1.24,0.95,1.0,7.575799604240199,111.71763004431399,61.319371456883935,7942.41104105002,7.242543937699897,67.86887575721812,0.712,765375,780216.0328904707,744890.4722368405,0.49999999999999994,-0.8660254037844387
2019-06-01,GU_South_3,South,GU,6,2019,1.24,0.72,1.0,3.2114882935580824,145.15376350064827,57.26245504766805,7013.931435411532,5.841624454494978,69.13494417561427,0.712,446170,765374.7626639458,518673.15572927677,1.2246467991473532e-16,-1.0
2019-07-01,GU_South_3,South,GU,7,2019,1.24,0.65,1.0,7.9249125820184,204.2334349011678,53.98697744173695,7401.801554664073,5.754613169907276,59.84510517545771,0.712,413760,446170.0029961085,453002.2562613058,-0.4999999999999997,-0.8660254037844388
2019-08-01,GU_South_3,South,GU,8,2019,1.24,0.68,1.0,7.12547598877345,182.48024374690078,59.836514855855754,7452.488539957672,5.146894811088588,61.65732726397434,0.712,467155,413759.58147081174,384888.83979887416,-0.8660254037844385,-0.5000000000000004
2019-09-01,GU_South_3,South,GU,9,2019,1.24,0.82,1.0,8.079411297836026,244.98327353045352,59.707867969810195,7488.144032529368,4.384335079622158,61.79686900548739,0.712,518519,467154.94693045085,424440.51786607725,-1.0,-1.8369701987210297e-16
2019-10-01,GU_South_3,South,GU,10,2019,1.24,1.02,1.0,6.261716975742847,206.06525127085152,58.21500566164073,7201.840953307821,5.771969061136525,62.28483921449047,0.712,616778,518518.73820037534,629460.1018705288,-0.8660254037844386,0.5000000000000001
2019-11-01,GU_South_3,South,GU,11,2019,1.24,1.1,1.0,4.026313491172514,220.82979143447895,57.27287362568467,7896.6225291554865,6.160388089859694,63.2731317962579,0.712,640078,616778.0686635098,727298.768483972,-0.5000000000000004,0.8660254037844384
2019-12-01,GU_South_3,South,GU,12,2019,1.24,1.15,1.0,7.016435169807798,207.8869287580007,60.88663173574329,6469.633432370156,6.779667571462136,66.17041125221976,0.712,782901,640078.1248694636,789680.8261120211,-2.4492935982947064e-16,1.0
2020-01-01,GU_South_3,South,GU,1,2020,1.3,1.08,1.0,6.968923577066189,107.49732453960715,59.54280089971758,8103.311717367292,3.7012027724002756,69.46269860466948,0.7075,871030,782901.1164108816,844165.5756945887,0.49999999999999994,0.8660254037844387
2020-02-01,GU_South_3,South,GU,2,2020,1.3,1.12,1.0,6.549005994836284,44.462475542424215,60.178658263328025,8494.389152775606,4.599922938381576,70.32526783107414,0.7075,968045,871029.7872932897,962057.3548729159,0.8660254037844386,0.5000000000000001
2020-03-01,GU_South_3,South,GU,3,2020,1.3,1.15,1.0,4.644110048034537,47.2907735531422,59.47568047971872,8498.571488404985,5.03540712755484,62.64870775532887,0.7075,883572,968044.8291260673,924402.4102619615,1.0,6.123233995736766e-17
2020-04-01,GU_South_3,South,GU,4,2020,1.3,1.05,0.68,5.543453118775355,64.56230164587124,62.75491888790748,8901.561886804422,5.4972153211414385,62.62118800518807,0.7075,660319,883571.5145821058,780216.0328904707,0.8660254037844387,-0.4999999999999998
2020-05-01,GU_South_3,South,GU,5,2020,1.3,0.95,0.68,4.7999363056842705,101.31036137890395,59.23632096367223,8832.021749968359,5.383973046777262,71.2632873600649,0.7075,499452,660319.0092963533,765374.7626639458,0.49999999999999994,-0.8660254037844387
2020-06-01,GU_South_3,South,GU,6,2020,1.3,0.72,0.68,4.4562200711929325,133.55670467380307,60.44727345845427,8164.3265916395285,5.402649051450184,68.58697574167458,0.7075,320097,499452.2575547897,446170.0029961085,1.2246467991473532e-16,-1.0
2020-07-01,GU_South_3,South,GU,7,2020,1.3,0.65,1.0,6.585806113636,207.35875227910805,60.382733313318404,8877.76238261655,5.826476846855956,66.33145936747599,0.7075,454489,320096.9136751947,413759.58147081174,-0.4999999999999997,-0.8660254037844388
2020-08-01,GU_South_3,South,GU,8,2020,1.3,0.68,1.0,4.002301054701984,192.50571221282343,61.71817500299812,7971.501538327925,4.777365511376713,67.89334670221987,0.7075,462591,454489.0318854867,467154.94693045085,-0.8660254037844385,-0.5000000000000004
2020-09-01,GU_South_3,South,GU,9,2020,1.3,0.82,1.0,4.366760111522244,214.56592289930998,58.03787666078807,8711.719645284107,6.247313153786956,65.88078487259423,0.7075,489745,462591.17720843095,518518.73820037534,-1.0,-1.8369701987210297e-16
2020-10-01,GU_South_3,South,GU,10,2020,1.3,1.02,1.0,4.114509068053317,259.5221447645208,62.7616149761118,9107.555438317226,5.846761953359585,68.09833873219046,0.7075,637148,489744.83748480707,616778.0686635098,-0.8660254037844386,0.5000000000000001
2020-11-01,GU_South_3,South,GU,11,2020,1.3,1.1,1.0,3.6510428002613233,169.53010307360523,66.24191095199403,8839.545171112515,5.244134188697537,64.65573321397704,0.7075,775204,637147.5107867089,640078.1248694636,-0.5000000000000004,0.8660254037844384
2020-12-01,GU_South_3,South,GU,12,2020,1.3,1.15,1.0,5.615036978431303,162.10976112357582,62.906474116950285,8340.416995613636,6.780726393511133,67.07521973775692,0.7075,777765,775203.6339978544,782901.1164108816,-2.4492935982947064e-16,1.0
2021-01-01,GU_South_3,South,GU,1,2021,1.3599999999999999,1.08,1.0,6.393803658178371,79.45804338015913,71.62396343440396,7037.879229675013,6.345132828457413,60.75781579852201,0.703,1146397,777765.2620911434,871029.7872932897,0.49999999999999994,0.8660254037844387
2021-02-01,GU_South_3,South,GU,2,2021,1.3599999999999999,1.12,1.0,4.7781478925056815,80.18028127757067,71.00199455763078,6499.31359365579,5.846316284155047,64.04886282069828,0.703,1113486,1146397.2404269925,968044.8291260673,0.8660254037844386,0.5000000000000001
2021-03-01,GU_South_3,South,GU,3,2021,1.3599999999999999,1.15,1.0,3.1931026393230004,44.19297558196959,69.33320514174356,7326.92251403386,2.6851545835457653,64.09195529283862,0.703,1060020,1113485.9869319457,883571.5145821058,1.0,6.123233995736766e-17
2021-04-01,GU_South_3,South,GU,4,2021,1.3599999999999999,1.05,1.0,6.007933447690433,61.270475753366036,67.22405752791066,6685.331924385555,6.3631560741743804,65.30243986717234,0.703,1095094,1060019.6056117134,660319.0092963533,0.8660254037844387,-0.4999999999999998
2021-05-01,GU_South_3,South,GU,5,2021,1.3599999999999999,0.95,1.0,7.022842104841965,104.95919891635607,67.06750116473631,6830.269078346198,5.735806817977547,63.09394698088101,0.703,832134,1095094.1600806175,499452.2575547897,0.49999999999999994,-0.8660254037844387
2021-06-01,GU_South_3,South,GU,6,2021,1.3599999999999999,0.72,1.0,4.2245092110240865,137.27962606872538,69.29139931708978,6651.344066640966,6.705126910170349,64.66582549670767,0.703,643360,832134.2801907593,320096.9136751947,1.2246467991473532e-16,-1.0
2021-07-01,GU_South_3,South,GU,7,2021,1.3599999999999999,0.65,1.0,4.425734879938738,204.30217883213913,65.8249881714879,6980.003127276974,6.089971673386831,60.742343750407514,0.703,446329,643359.7466722119,454489.0318854867,-0.4999999999999997,-0.8660254037844388
2021-08-01,GU_South_3,South,GU,8,2021,1.3599999999999999,0.68,1.0,5.618792756100073,257.0221697752362,61.35243774559761,7174.593440453326,6.362674141997828,68.99480190557959,0.703,414898,446329.256277707,462591.17720843095,-0.8660254037844385,-0.5000000000000004
2021-09-01,GU_South_3,South,GU,9,2021,1.3599999999999999,0.82,1.0,6.9462484973420615,286.02299621888073,68.47601216230888,7310.306238497036,5.802923880144303,66.46994592435442,0.703,571539,414898.16654123925,489744.83748480707,-1.0,-1.8369701987210297e-16
2021-10-01,GU_South_3,South,GU,10,2021,1.3599999999999999,1.02,1.0,4.376199025129729,264.6930859865779,63.60679411019509,6916.951691036185,6.178954558916409,59.97916956889593,0.703,656309,571538.6090405949,637147.5107867089,-0.8660254037844386,0.5000000000000001
2021-11-01,GU_South_3,South,GU,11,2021,1.3599999999999999,1.1,1.0,3.401060262802154,194.8456860859198,64.11357631542884,7668.357344850301,6.695298992587552,63.4606803578133,0.703,758183,656308.7717935309,775203.6339978544,-0.5000000000000004,0.8660254037844384
2021-12-01,GU_South_3,South,GU,12,2021,1.3599999999999999,1.15,1.0,5.7577023275268875,146.70078508401897,67.00067184398736,7093.487310876984,5.273243790702565,68.14640571024866,0.703,939323,758183.073316045,777765.2620911434,-2.4492935982947064e-16,1.0
2022-01-01,GU_South_3,South,GU,1,2022,1.42,1.08,1.0,6.398221515990938,135.23662837037548,71.2146253673396,7805.524905030168,3.4422155647374955,65.42791221445684,0.6985,1015071,939322.9236326542,1146397.2404269925,0.49999999999999994,0.8660254037844387
2022-02-01,GU_South_3,South,GU,2,2022,1.42,1.12,1.0,5.446697568742451,72.43054269894994,67.26377318105311,8261.831520259198,4.454031279987886,64.81223415944761,0.6985,1040213,1015071.1014935721,1113485.9869319457,0.8660254037844386,0.5000000000000001
2022-03-01,GU_South_3,South,GU,3,2022,1.42,1.15,1.0,4.769579916631239,43.086322577598395,71.99647469239942,9043.59877509437,5.011956479506749,67.30162929196769,0.6985,1210033,1040212.9207188697,1060019.6056117134,1.0,6.123233995736766e-17
2022-04-01,GU_South_3,South,GU,4,2022,1.42,1.05,1.0,6.632594305410635,64.34830895780016,74.39841898258315,8310.822254940455,4.759910067497246,68.97439014071286,0.6985,1268054,1210033.3496446363,1095094.1600806175,0.8660254037844387,-0.4999999999999998
2022-05-01,GU_South_3,South,GU,5,2022,1.42,0.95,1.0,6.072983033677736,94.9728529183271,68.11497528920265,7996.714967681529,3.7027504270724583,61.854590171843356,0.6985,937454,1268053.637462617,832134.2801907593,0.49999999999999994,-0.8660254037844387
2022-06-01,GU_South_3,South,GU,6,2022,1.42,0.72,1.0,4.517217207935987,146.95497973673005,75.31744999254627,7472.642389746235,3.395145899844016,69.80051392487151,0.6985,702516,937453.7621521855,643359.7466722119,1.2246467991473532e-16,-1.0
2022-07-01,GU_South_3,South,GU,7,2022,1.42,0.65,1.0,5.498253505786985,163.11514526875737,66.81948752461017,8061.26445556222,4.107069865092136,64.39882687357048,0.6985,590286,702516.4838089792,446329.256277707,-0.4999999999999997,-0.8660254037844388
2022-08-01,GU_South_3,South,GU,8,2022,1.42,0.68,1.0,3.8172907897906034,221.9832278239506,77.85197243311286,8265.717656289304,5.34619164478732,67.5282881270008,0.6985,529957,590285.7537187677,414898.16654123925,-0.8660254037844385,-0.5000000000000004
2022-09-01,GU_South_3,South,GU,9,2022,1.42,0.82,1.0,6.262408375945683,317.93334149477175,70.26621870854954,7985.588598934645,5.964271816658375,67.45831943723395,0.6985,554213,529957.3584715449,571538.6090405949,-1.0,-1.8369701987210297e-16
2022-10-01,GU_South_3,South,GU,10,2022,1.42,1.02,1.0,5.1246595449607515,257.1541789574583,71.93685099048068,7410.576912791202,5.43325409102216,65.4917355270409,0.6985,859104,554212.7624816172,656308.7717935309,-0.8660254037844386,0.5000000000000001
2022-11-01,GU_South_3,South,GU,11,2022,1.42,1.1,1.0,4.916486829358495,125.26515775545622,65.823899282543,7777.245574723106,5.5459418296913086,63.505361015477135,0.6985,1037721,859103.9223911443,758183.073316045,-0.5000000000000004,0.8660254037844384
2022-12-01,GU_South_3,South,GU,12,2022,1.42,1.15,1.0,5.399890446037258,177.37627858120382,71.31359180059208,8814.542307399142,4.635347541469153,66.45725380763093,0.6985,890121,1037720.7524317004,939322.9236326542,-2.4492935982947064e-16,1.0
2023-01-01,GU_South_3,South,GU,1,2023,1.48,1.08,1.0,6.5483692391962975,116.34444284363741,76.68544653315458,9778.120774706224,2.9063340338352286,74.90132123630079,0.694,1193682,890121.0163195448,1015071.1014935721,0.49999999999999994,0.8660254037844387
2023-02-01,GU_South_3,South,GU,2,2023,1.48,1.12,1.0,7.573916073878673,59.98079328569844,75.74151368770151,8733.832696885447,3.9358235352938356,62.95329987814548,0.694,1397646,1193682.3845885603,1040212.9207188697,0.8660254037844386,0.5000000000000001
2023-03-01,GU_South_3,South,GU,3,2023,1.48,1.15,1.0,7.209308637590266,55.37947657837411,74.31075676884288,9435.560877267255,4.092988470502097,75.16925207641951,0.694,1454171,1397645.5822482032,1210033.3496446363,1.0,6.123233995736766e-17
2023-04-01,GU_South_3,South,GU,4,2023,1.48,1.05,1.0,6.312308865448637,55.224900606569044,73.16030644441656,8602.462569880938,3.902358010531454,67.36111531569388,0.694,1180668,1454170.7645764046,1268053.637462617,0.8660254037844387,-0.4999999999999998
2023-05-01,GU_South_3,South,GU,5,2023,1.48,0.95,1.0,7.416401779662794,92.94616425600464,79.39157985861193,9764.762649925244,4.343755892299701,68.54148566835457,0.694,1085744,1180667.7261801627,937453.7621521855,0.49999999999999994,-0.8660254037844387
2023-06-01,GU_South_3,South,GU,6,2023,1.48,0.72,1.0,6.980884704429935,183.7172931150717,76.09242140499386,9243.176454579921,4.65313580791436,64.0531567544611,0.694,675782,1085743.7009314275,702516.4838089792,1.2246467991473532e-16,-1.0
2023-07-01,GU_South_3,South,GU,7,2023,1.48,0.65,1.0,5.988080436456755,191.84809880390873,80.62225712955032,9560.158997404957,4.982412150594798,65.31492233329008,0.694,610680,675782.4018588841,590285.7537187677,-0.4999999999999997,-0.8660254037844388
2023-08-01,GU_South_3,South,GU,8,2023,1.48,0.68,1.0,6.350338210116217,170.24505122175975,74.42055293561523,8361.028316795373,4.077504108506933,66.38836139984792,0.694,690611,610679.974622196,529957.3584715449,-0.8660254037844385,-0.5000000000000004
2023-09-01,GU_South_3,South,GU,9,2023,1.48,0.82,1.0,6.322132533388255,247.62612914569988,74.69561591988335,9437.757018893715,2.7769924754843247,64.21722011648836,0.694,638990,690611.1820337205,554212.7624816172,-1.0,-1.8369701987210297e-16
2023-10-01,GU_South_3,South,GU,10,2023,1.48,1.02,1.0,7.106313611809042,233.8134083672745,78.4467827337885,9129.36699436949,3.913697824567092,67.56432817051652,0.694,906076,638990.3609332126,859103.9223911443,-0.8660254037844386,0.5000000000000001
2023-11-01,GU_South_3,South,GU,11,2023,1.48,1.1,1.0,6.05957286233403,235.95105708120377,71.13107511398931,9516.188404883394,4.334968317593587,66.77193643277292,0.694,801436,906075.8645603473,1037720.7524317004,-0.5000000000000004,0.8660254037844384
2023-12-01,GU_South_3,South,GU,12,2023,1.48,1.15,1.0,6.03150897629404,150.32256949895464,72.35960991954123,9544.510832171549,5.278246337706727,75.80312456974293,0.694,1159190,801435.6155925733,890121.0163195448,-2.4492935982947064e-16,1.0
2024-01-01,GU_South_3,South,GU,1,2024,1.54,1.08,1.0,9.0,93.67626532839562,83.79245491405949,8056.782787236205,3.4457537262527156,64.53610325727816,0.6895,1630669,1159190.4985468066,1193682.3845885603,0.49999999999999994,0.8660254037844387
2024-02-01,GU_South_3,South,GU,2,2024,1.54,1.12,1.0,8.688342749876346,73.3355453369893,76.98419821233041,7756.806339379406,4.310034902719521,69.61076206699435,0.6895,1488957,1630668.8256724942,1397645.5822482032,0.8660254037844386,0.5000000000000001
2024-03-01,GU_South_3,South,GU,3,2024,1.54,1.15,1.0,6.647939374469654,50.90592674375832,75.04284695409235,8378.04295895334,4.132070319708346,70.1913851276073,0.6895,1442862,1488956.5835659783,1454170.7645764046,1.0,6.123233995736766e-17
2024-04-01,GU_South_3,South,GU,4,2024,1.54,1.05,1.0,8.24578936451046,56.265029721084076,86.10558156421928,8000.1101522402605,3.9351204264987105,64.91871780539265,0.6895,1624242,1442861.5092990838,1180667.7261801627,0.8660254037844387,-0.4999999999999998
2024-05-01,GU_South_3,South,GU,5,2024,1.54,0.95,1.0,7.702680250566034,117.32496340812426,76.31854705637738,7634.426447885129,4.644426655459673,71.94730998181136,0.6895,1236519,1624242.1029446041,1085743.7009314275,0.49999999999999994,-0.8660254037844387
2024-06-01,GU_South_3,South,GU,6,2024,1.54,0.72,1.0,8.030521582091934,154.35738970162797,81.0523581949845,7613.11117281661,3.3713270425979354,67.6066919484735,0.6895,882859,1236518.5623633773,675782.4018588841,1.2246467991473532e-16,-1.0
2024-07-01,GU_South_3,South,GU,7,2024,1.54,0.65,1.0,7.725469761257947,200.08777900038314,80.70725557817282,7362.455689631996,3.4398508402851866,59.23044139366773,0.6895,683472,882858.9083764935,610679.974622196,-0.4999999999999997,-0.8660254037844388
2024-08-01,GU_South_3,South,GU,8,2024,1.54,0.68,1.0,8.988231346362104,242.91657698283987,72.06811505014575,7797.548655169189,3.8904793415246175,71.83939844841827,0.6895,589696,683471.5422918893,690611.1820337205,-0.8660254037844385,-0.5000000000000004
2024-09-01,GU_South_3,South,GU,9,2024,1.54,0.82,1.0,7.975404585361556,209.84993607187764,79.69804893049657,8523.391097706039,3.38788279592504,64.73223646359055,0.6895,810443,589696.3449403124,638990.3609332126,-1.0,-1.8369701987210297e-16
2024-10-01,GU_South_3,South,GU,10,2024,1.54,1.02,1.0,7.486153733922676,217.8759067958329,81.84523974843732,8107.203086840013,4.30640983284368,65.0089002154436,0.6895,1076534,810442.8639204175,906075.8645603473,-0.8660254037844386,0.5000000000000001
2024-11-01,GU_South_3,South,GU,11,2024,1.54,1.1,1.0,8.811288864159442,200.1074780549835,81.56292814455658,7788.7842093071995,3.3294461565070934,71.9516083315696,0.6895,1204742,1076534.270951141,801435.6155925733,-0.5000000000000004,0.8660254037844384
2024-12-01,GU_South_3,South,GU,12,2024,1.54,1.15,1.0,7.840602221085267,145.62006686194474,83.2105620514105,8389.364849153604,4.081043366196107,67.8113540703262,0.6895,1422253,1204742.4200159686,1159190.4985468066,-2.4492935982947064e-16,1.0
2025-01-01,GU_South_3,South,GU,1,2025,1.6,1.08,1.0,8.145774295194869,119.08642574224892,83.8375260552837,8625.385520223928,3.419861784970595,73.671088602206,0.6849999999999999,1414614,1422252.6240704835,1630668.8256724942,0.49999999999999994,0.8660254037844387
2025-02-01,GU_South_3,South,GU,2,2025,1.6,1.12,1.0,8.376827122983338,65.46490643701866,87.13751332627648,9042.907623449202,3.6719407718213644,74.84066438146128,0.6849999999999999,1624510,1414614.0628156855,1488956.5835659783,0.8660254037844386,0.5000000000000001
2025-03-01,GU_South_3,South,GU,3,2025,1.6,1.15,1.0,7.88766917196036,56.411779419773026,82.93201279575979,8919.166332272971,3.1322068839495687,67.42028615871081,0.6849999999999999,1590322,1624510.2910034044,1442861.5092990838,1.0,6.123233995736766e-17
2025-04-01,GU_South_3,South,GU,4,2025,1.6,1.05,1.0,8.011072391594563,63.48680586340903,80.76859775076167,9350.608781514211,3.2287293643785384,73.17304998382012,0.6849999999999999,1622963,1590321.7435919687,1624242.1029446041,0.8660254037844387,-0.4999999999999998
2025-05-01,GU_South_3,South,GU,5,2025,1.6,0.95,1.0,7.295966493485753,115.84432725619185,81.1068148729563,8290.247233085676,3.57680741439764,66.97815679442847,0.6849999999999999,1285558,1622962.7562610498,1236518.5623633773,0.49999999999999994,-0.8660254037844387
2025-06-01,GU_South_3,South,GU,6,2025,1.6,0.72,1.0,7.098599336451345,158.94437452289597,80.61366863441376,8617.411014382857,3.66165960492905,78.93246366852871,0.6849999999999999,925484,1285557.5908174554,882858.9083764935,1.2246467991473532e-16,-1.0
2025-07-01,GU_South_3,South,GU,7,2025,1.6,0.65,1.0,6.801715536221073,200.4026145616538,88.02875790367358,8262.789453406913,3.496638467687075,67.22817198187514,0.6849999999999999,782867,925483.507895943,683471.5422918893,-0.4999999999999997,-0.8660254037844388
2025-08-01,GU_South_3,South,GU,8,2025,1.6,0.68,1.0,6.329620055843509,236.1311184896773,80.45627947282433,8883.181475185282,4.864289885210467,74.10434976384002,0.6849999999999999,656461,782867.425857744,589696.3449403124,-0.8660254037844385,-0.5000000000000004
2025-09-01,GU_South_3,South,GU,9,2025,1.6,0.82,1.0,6.9443391663385325,214.20855151408887,85.8221165219479,9545.142376634047,2.707410465006973,73.3751601035263,0.6849999999999999,967243,656460.9341344648,810442.8639204175,-1.0,-1.8369701987210297e-16
2025-10-01,GU_South_3,South,GU,10,2025,1.6,1.02,1.0,7.7908795586396895,254.5931724497468,84.2022274177827,8772.548755655365,3.448636964037829,71.26435128843573,0.6849999999999999,1066629,967243.1873142208,1076534.270951141,-0.8660254037844386,0.5000000000000001
2025-11-01,GU_South_3,South,GU,11,2025,1.6,1.1,1.0,8.123741098934765,198.79385796390864,84.6920542796481,8770.192227811409,2.2410967823064123,67.31782735433326,0.6849999999999999,1310586,1066629.4431745487,1204742.4200159686,-0.5000000000000004,0.8660254037844384
2025-12-01,GU_South_3,South,GU,12,2025,1.6,1.15,1.0,7.674444124222831,138.70518089592292,89.0908218855991,9392.275990882314,3.797665182933909,69.39441003223436,0.6849999999999999,1533997,1310585.9220740204,1422252.6240704835,-2.4492935982947064e-16,1.0
2015-01-01,GU_West_1,West,GU,1,2015,1.0,1.08,1.0,6.476628241638386,59.87851394770704,37.75009141608203,6366.128999992615,7.080078429704801,55.078818080416994,0.73,376770,,,0.49999999999999994,0.8660254037844387
2015-02-01,GU_West_1,West,GU,2,2015,1.0,1.12,1.0,4.184621284848701,38.62444627572178,37.458190167341115,5819.4011127578415,7.957286968645692,54.99556557651072,0.73,396123,376770.3509198228,,0.8660254037844386,0.5000000000000001
2015-03-01,GU_West_1,West,GU,3,2015,1.0,1.15,1.0,6.328670056195168,32.86982271006848,35.55364488869796,5790.145899722376,8.482814085131931,64.53429097632687,0.73,348952,396122.7041816717,,1.0,6.123233995736766e-17
2015-04-01,GU_West_1,West,GU,4,2015,1.0,1.05,1.0,4.88679143342613,54.30265974662803,37.18886594442471,5484.902586243353,6.508314550895582,63.95114407004359,0.73,337048,348952.0671441333,,0.8660254037844387,-0.4999999999999998
2015-05-01,GU_West_1,West,GU,5,2015,1.0,0.95,1.0,7.290831142425315,61.20356439124482,40.30964877929775,5900.819281491956,6.301374552540278,62.54693062348604,0.73,348611,337048.2908341663,,0.49999999999999994,-0.8660254037844387
2015-06-01,GU_West_1,West,GU,6,2015,1.0,0.72,1.0,4.626748909295866,127.38684116255361,37.863396925448114,5362.006179211892,9.371997057545958,58.48034638110745,0.73,205745,348611.2121957335,,1.2246467991473532e-16,-1.0
2015-07-01,GU_West_1,West,GU,7,2015,1.0,0.65,1.0,7.715230645461123,153.31627063798226,28.43087401227821,5634.249665012415,7.358141769687969,64.9753185383285,0.73,162160,205744.79672734882,,-0.4999999999999997,-0.8660254037844388
2015-08-01,GU_West_1,West,GU,8,2015,1.0,0.68,1.0,6.00900191694327,170.45313103701082,43.22281989226037,5094.847805820581,7.7023142365522475,64.7212115682419,0.73,230712,162159.98901479543,,-0.8660254037844385,-0.5000000000000004
2015-09-01,GU_West_1,West,GU,9,2015,1.0,0.82,1.0,5.848429151873585,189.0770608224228,34.947718811957785,5974.928303476399,6.9464553275058885,62.34121806018982,0.73,216532,230712.27001815732,,-1.0,-1.8369701987210297e-16
2015-10-01,GU_West_1,West,GU,10,2015,1.0,1.02,1.0,6.853345516762366,161.2192858623005,41.76768485465991,5637.95179074044,7.891969847562173,57.29071583492092,0.73,341584,216531.58140770986,,-0.8660254037844386,0.5000000000000001
2015-11-01,GU_West_1,West,GU,11,2015,1.0,1.1,1.0,5.460758665731929,162.2354221188139,40.09364376900869,6399.310555636678,8.268048699761218,60.29900661708197,0.73,319579,341583.9338510485,,-0.5000000000000004,0.8660254037844384
2015-12-01,GU_West_1,West,GU,12,2015,1.0,1.15,1.0,6.834494904956077,110.67479802798665,46.35211844926103,6583.713949624024,7.739836937258344,65.35133471009777,0.73,394766,319578.8130235944,,-2.4492935982947064e-16,1.0
2016-01-01,GU_West_1,West,GU,1,2016,1.06,1.08,1.0,6.682129642153776,51.02040695273977,47.490872444567856,6823.493753144967,8.492686461611548,68.10876489120714,0.7255,424016,394765.6589385763,376770.3509198228,0.49999999999999994,0.8660254037844387
2016-02-01,GU_West_1,West,GU,2,2016,1.06,1.12,1.0,6.892578756990098,45.02599777141797,42.986186213545075,6510.791390043607,6.8386043280471265,61.49385358649468,0.7255,430768,424016.1966576615,396122.7041816717,0.8660254037844386,0.5000000000000001
2016-03-01,GU_West_1,West,GU,3,2016,1.06,1.15,1.0,8.047085174974784,37.99826302926234,42.39380931293407,6054.270969543544,6.889694021571699,61.80130812876695,0.7255,516686,430767.94655104424,348952.0671441333,1.0,6.123233995736766e-17
2016-04-01,GU_West_1,West,GU,4,2016,1.06,1.05,1.0,6.194363291298561,41.24143434779936,49.00818304239785,6887.137411466521,7.285125081021932,62.15324356789975,0.7255,477705,516685.6180293085,337048.2908341663,0.8660254037844387,-0.4999999999999998
2016-05-01,GU_West_1,West,GU,5,2016,1.06,0.95,1.0,6.043455409664992,69.28780990168212,40.07238670869577,6574.628053752903,7.471969316404877,63.899572035643885,0.7255,347124,477704.8172181047,348611.2121957335,0.49999999999999994,-0.8660254037844387
2016-06-01,GU_West_1,West,GU,6,2016,1.06,0.72,1.0,7.858530780672231,92.62327268148158,45.072639807756126,6722.115677619558,7.282357809650087,60.4757307997599,0.7255,290460,347124.38454975875,205744.79672734882,1.2246467991473532e-16,-1.0
2016-07-01,GU_West_1,West,GU,7,2016,1.06,0.65,1.0,7.52838034879256,107.89643661630336,44.10663861025098,7258.40432435536,6.072467978435927,51.223259769713664,0.7255,279014,290459.5484745265,162159.98901479543,-0.4999999999999997,-0.8660254037844388
2016-08-01,GU_West_1,West,GU,8,2016,1.06,0.68,1.0,7.763091465551091,123.47377062429779,43.47032179388597,6109.009520101544,7.350012132956449,67.57107600658838,0.7255,247421,279013.7446505722,230712.27001815732,-0.8660254037844385,-0.5000000000000004
2016-09-01,GU_West_1,West,GU,9,2016,1.06,0.82,1.0,7.953827255845526,130.80476632974398,45.56054195334528,6064.063124183449,6.800661132157249,69.97875578865019,0.7255,338448,247420.65046937804,216531.58140770986,-1.0,-1.8369701987210297e-16
2016-10-01,GU_West_1,West,GU,10,2016,1.06,1.02,1.0,7.6295108363481985,177.03609139826958,45.06867958152603,6373.608327733244,6.635218388740283,60.350400561577146,0.7255,359920,338447.7994516794,341583.9338510485,-0.8660254037844386,0.5000000000000001
2016-11-01,GU_West_1,West,GU,11,2016,1.06,1.1,1.0,8.290371320540304,85.1982531491229,45.87220222837523,6849.54051738837,7.125985643802594,58.533386524324904,0.7255,469549,359920.2190001152,319578.8130235944,-0.5000000000000004,0.8660254037844384
2016-12-01,GU_West_1,West,GU,12,2016,1.06,1.15,1.0,7.677583716154211,91.80285711745874,44.91692695708985,6729.69025809657,6.330781850136628,62.25159791043911,0.7255,500470,469549.4766253242,394765.6589385763,-2.4492935982947064e-16,1.0
2017-01-01,GU_West_1,West,GU,1,2017,1.12,1.08,1.0,5.591235320389636,60.190336490497145,50.253044215051744,7049.7604927645825,5.791686940901415,62.84998446508491,0.721,538878,500469.6512847685,424016.1966576615,0.49999999999999994,0.8660254037844387
2017-02-01,GU_West_1,West,GU,2,2017,1.12,1.12,1.0,5.902538486405773,41.285676368118736,49.280095578794786,7793.269128343797,4.607624831996921,67.58207430865184,0.721,519957,538878.4137988245,430767.94655104424,0.8660254037844386,0.5000000000000001
2017-03-01,GU_West_1,West,GU,3,2017,1.12,1.15,1.0,9.0,24.532199095325367,47.021719338351055,6912.274554525712,8.097789862807913,63.818557766580156,0.721,631595,519957.1277986241,516685.6180293085,1.0,6.123233995736766e-17
2017-04-01,GU_West_1,West,GU,4,2017,1.12,1.05,1.0,8.000086240470635,45.722031418808626,49.01200378070978,7075.836569570694,7.144585055282402,60.42950867851527,0.721,540882,631594.7341460991,477704.8172181047,0.8660254037844387,-0.4999999999999998
2017-05-01,GU_West_1,West,GU,5,2017,1.12,0.95,1.0,9.0,55.013753779569036,46.85684032088794,7400.864530292545,6.606588702954956,58.32636219776781,0.721,468529,540882.3066819833,347124.38454975875,0.49999999999999994,-0.8660254037844387
2017-06-01,GU_West_1,West,GU,6,2017,1.12,0.72,1.0,7.585155313247509,119.32580477285181,46.65887018580745,7203.776262338832,6.166221410490682,67.0625367392787,0.721,305050,468529.32268223783,290459.5484745265,1.2246467991473532e-16,-1.0
2017-07-01,GU_West_1,West,GU,7,2017,1.12,0.65,1.0,7.930381886727283,123.31597997318781,47.991549991846746,7853.257092920601,4.399174174362867,65.998044964657,0.721,266385,305049.6022635394,279013.7446505722,-0.4999999999999997,-0.8660254037844388
2017-08-01,GU_West_1,West,GU,8,2017,1.12,0.68,1.0,7.455962414874987,158.58225446562437,48.641730517792475,7581.690640378173,6.117176899022812,67.84223951236727,0.721,266914,266384.71926939045,247420.65046937804,-0.8660254037844385,-0.5000000000000004
2017-09-01,GU_West_1,West,GU,9,2017,1.12,0.82,1.0,9.0,170.09623334215775,49.105675919043435,8247.322852959947,7.272693069731261,59.72725299711563,0.721,325769,266913.5225900987,338447.7994516794,-1.0,-1.8369701987210297e-16
2017-10-01,GU_West_1,West,GU,10,2017,1.12,1.02,1.0,8.30389090683697,166.78410892163657,51.749136482089995,7341.586908618194,7.453739442875095,70.95374759811332,0.721,456629,325768.6186933954,359920.2190001152,-0.8660254037844386,0.5000000000000001
2017-11-01,GU_West_1,West,GU,11,2017,1.12,1.1,1.0,7.3581705133925634,136.75509330092132,47.50460775237747,7397.829355059346,7.213833594882641,56.625221971771055,0.721,445801,456629.12488110934,469549.4766253242,-0.5000000000000004,0.8660254037844384
2017-12-01,GU_West_1,West,GU,12,2017,1.12,1.15,1.0,6.018152343883771,95.46520860439074,49.59055577942446,7997.492497105473,6.826713564601975,66.43840408560592,0.721,458435,445800.59735199175,500469.6512847685,-2.4492935982947064e-16,1.0
2018-01-01,GU_West_1,West,GU,1,2018,1.18,1.08,1.0,9.0,71.49909501307924,53.85408314183146,6306.26531556666,7.3430993167451035,56.7616689312124,0.7165,593357,458435.39577724854,538878.4137988245,0.49999999999999994,0.8660254037844387
2018-02-01,GU_West_1,West,GU,2,2018,1.18,1.12,1.0,7.364726109505857,46.12463201875049,51.6741151376018,7019.482038440764,6.037170222329167,61.23867447320613,0.7165,501276,593357.041688469,519957.1277986241,0.8660254037844386,0.5000000000000001
2018-03-01,GU_West_1,West,GU,3,2018,1.18,1.15,1.0,8.453735115253737,30.097813197740937,53.721222358619634,6590.55237164539,7.168151132907489,70.64409172179184,0.7165,673293,501276.42858875694,631594.7341460991,1.0,6.123233995736766e-17
2018-04-01,GU_West_1,West,GU,4,2018,1.18,1.05,1.0,8.587856920147676,45.8673974745635,56.508164245531944,5288.425765523957,5.99233404502383,67.72545701790396,0.7165,656481,673293.1876761636,540882.3066819833,0.8660254037844387,-0.4999999999999998
2018-05-01,GU_West_1,West,GU,5,2018,1.18,0.95,1.0,7.005263543663377,80.1555470844973,54.0595186506502,6877.0863633396275,5.59508695289779,62.215118338051276,0.7165,494326,656480.9696783092,468529.32268223783,0.49999999999999994,-0.8660254037844387
2018-06-01,GU_West_1,West,GU,6,2018,1.18,0.72,1.0,8.367603502243208,112.80018120039966,54.179751787081926,6757.906742876283,5.495429615661983,62.32465182871325,0.7165,414668,494326.10202055064,305049.6022635394,1.2246467991473532e-16,-1.0
2018-07-01,GU_West_1,West,GU,7,2018,1.18,0.65,1.0,6.83569422767788,155.0204549296026,51.384015007171996,6775.279349722114,5.448402863061638,64.80248844334177,0.7165,293761,414668.41684593534,266384.71926939045,-0.4999999999999997,-0.8660254037844388
2018-08-01,GU_West_1,West,GU,8,2018,1.18,0.68,1.0,6.372148537332522,165.0387722360849,59.40657655361463,5487.239406627003,6.827254423041988,66.4565639630429,0.7165,339456,293761.1657709637,266913.5225900987,-0.8660254037844385,-0.5000000000000004
2018-09-01,GU_West_1,West,GU,9,2018,1.18,0.82,1.0,8.958017802794476,146.12816362509056,51.5549308890325,6048.834194400397,5.705803543122337,69.40631753073079,0.7165,361257,339455.95013585576,325768.6186933954,-1.0,-1.8369701987210297e-16
2018-10-01,GU_West_1,West,GU,10,2018,1.18,1.02,1.0,7.370832915993182,141.35020598848192,48.496649618357566,6082.262501871823,5.473576923972045,62.575063981566025,0.7165,441258,361256.50448857044,456629.12488110934,-0.8660254037844386,0.5000000000000001
2018-11-01,GU_West_1,West,GU,11,2018,1.18,1.1,1.0,8.182875572103008,142.52571454423,56.08055236065423,5968.675061570192,6.870988175729088,57.9528597460512,0.7165,544977,441258.2328169523,445800.59735199175,-0.5000000000000004,0.8660254037844384
2018-12-01,GU_West_1,West,GU,12,2018,1.18,1.15,1.0,8.053765364437947,116.42428499483037,53.15554888105472,7131.044816324641,6.562376312377786,65.02787450819504,0.7165,550253,544976.8460897699,458435.39577724854,-2.4492935982947064e-16,1.0
2019-01-01,GU_West_1,West,GU,1,2019,1.24,1.08,1.0,7.265518352066347,96.41630152273936,57.090874537158776,7314.704472979216,6.670073586276642,63.37027664996642,0.712,578596,550252.69849829,593357.041688469,0.49999999999999994,0.8660254037844387
2019-02-01,GU_West_1,West,GU,2,2019,1.24,1.12,1.0,4.63215567895805,49.45926428462479,56.36333865876542,7303.547575816724,6.310079609018239,59.99746518100621,0.712,554171,578596.0551001094,501276.42858875694,0.8660254037844386,0.5000000000000001
2019-03-01,GU_West_1,West,GU,3,2019,1.24,1.15,1.0,5.797651362420356,28.030777636762743,63.61514387294751,7568.403739641952,5.297510735842151,66.39067566125118,0.712,700751,554171.3662729074,673293.1876761636,1.0,6.123233995736766e-17
2019-04-01,GU_West_1,West,GU,4,2019,1.24,1.05,1.0,6.11062981100429,38.148673086316386,59.06377083581405,7576.185750550073,5.96088193317487,64.34754498362885,0.712,673683,700751.4226710611,656480.9696783092,0.8660254037844387,-0.4999999999999998
2019-05-01,GU_West_1,West,GU,5,2019,1.24,0.95,1.0,5.5022255925182115,91.24087662275119,59.64925366493525,5819.298280218228,6.000106392615742,66.42604882587918,0.712,531052,673683.0165512966,494326.10202055064,0.49999999999999994,-0.8660254037844387
2019-06-01,GU_West_1,West,GU,6,2019,1.24,0.72,1.0,7.014808217619665,98.71984934075529,58.4878468707468,7029.139108282638,5.164673073220799,61.62222319925128,0.712,396673,531052.320188018,414668.41684593534,1.2246467991473532e-16,-1.0
2019-07-01,GU_West_1,West,GU,7,2019,1.24,0.65,1.0,7.924271693115077,136.9692985491303,58.810148840335586,6684.245139993776,5.016300020724806,67.146842121302,0.712,357948,396672.96149787947,293761.1657709637,-0.4999999999999997,-0.8660254037844388
2019-08-01,GU_West_1,West,GU,8,2019,1.24,0.68,1.0,8.114221586415557,137.71154497183275,62.19587383167824,7500.13774191952,5.3554227127058365,59.93160721298009,0.712,414287,357948.34202085267,339455.95013585576,-0.8660254037844385,-0.5000000000000004
2019-09-01,GU_West_1,West,GU,9,2019,1.24,0.82,1.0,6.092954281748139,209.91013684214323,57.24743601631692,7189.99841354953,7.529265885337665,61.88907444121367,0.712,361204,414286.6425162436,361256.50448857044,-1.0,-1.8369701987210297e-16
2019-10-01,GU_West_1,West,GU,10,2019,1.24,1.02,1.0,6.850359034949489,172.96449846189282,53.62918736343781,7326.924404025422,5.569804724622761,64.2283430756509,0.712,480629,361204.40551182645,441258.2328169523,-0.8660254037844386,0.5000000000000001
2019-11-01,GU_West_1,West,GU,11,2019,1.24,1.1,1.0,7.034772205388119,120.19813250313965,60.60416396268333,6384.666112999115,6.886293433109372,72.16727365983886,0.712,594803,480629.05425097863,544976.8460897699,-0.5000000000000004,0.8660254037844384
2019-12-01,GU_West_1,West,GU,12,2019,1.24,1.15,1.0,7.245507313044235,86.79447308048377,59.49010483672718,7180.566498889127,5.525071592416162,68.33930147419397,0.712,655859,594803.1344703105,550252.69849829,-2.4492935982947064e-16,1.0
2020-01-01,GU_West_1,West,GU,1,2020,1.3,1.08,1.0,4.385577740533007,71.13348024815829,62.82393943865513,8794.628936352547,6.211071055631994,70.30877001707115,0.7075,645422,655859.4503182478,578596.0551001094,0.49999999999999994,0.8660254037844387
2020-02-01,GU_West_1,West,GU,2,2020,1.3,1.12,1.0,7.624036150138139,43.39613357973287,63.91225972464336,8927.072590423755,6.221993324446277,71.66830813337258,0.7075,865712,645421.5363074217,554171.3662729074,0.8660254037844386,0.5000000000000001
2020-03-01,GU_West_1,West,GU,3,2020,1.3,1.15,1.0,6.551164049435913,38.24376210782775,61.38776733911748,8616.308861821095,6.262072406361636,80.4113285432435,0.7075,821161,865711.8143640116,700751.4226710611,1.0,6.123233995736766e-17
2020-04-01,GU_West_1,West,GU,4,2020,1.3,1.05,0.68,6.582519040651109,46.64726653497146,62.56207774856278,7691.860940976126,5.810261873607167,66.16635627023373,0.7075,495558,821161.381825693,673683.0165512966,0.8660254037844387,-0.4999999999999998
2020-05-01,GU_West_1,West,GU,5,2020,1.3,0.95,0.68,6.883491896500655,65.30230044256005,62.10489923842027,8859.551134374235,6.601893263024921,71.68160369251942,0.7075,417892,495558.1786294668,531052.320188018,0.49999999999999994,-0.8660254037844387
2020-06-01,GU_West_1,West,GU,6,2020,1.3,0.72,0.68,6.0803029589393605,93.6798355894411,60.72553522878725,8618.621337777786,5.802683175482183,70.05054101760777,0.7075,307974,417891.5728402936,396672.96149787947,1.2246467991473532e-16,-1.0
2020-07-01,GU_West_1,West,GU,7,2020,1.3,0.65,1.0,4.2065637205590125,132.73718017470378,66.06751834931501,8240.085257698736,6.870823783472224,69.9841300132301,0.7075,371759,307974.1986104214,357948.34202085267,-0.4999999999999997,-0.8660254037844388
2020-08-01,GU_West_1,West,GU,8,2020,1.3,0.68,1.0,5.272572550354051,147.5998937571541,58.2632241177466,7381.553981498395,4.204064157449253,73.09695847216072,0.7075,301386,371758.8898398724,414286.6425162436,-0.8660254037844385,-0.5000000000000004
2020-09-01,GU_West_1,West,GU,9,2020,1.3,0.82,1.0,3.4580757541458804,166.68001391347858,69.5826465154389,8721.938050825913,5.778628998133454,64.3227478760621,0.7075,401007,301386.0800624147,361204.40551182645,-1.0,-1.8369701987210297e-16
2020-10-01,GU_West_1,West,GU,10,2020,1.3,1.02,1.0,5.93742683985908,161.28650393604954,65.13208662761943,8026.345474535259,5.726658874028534,64.00525990425449,0.7075,571524,401006.9896033618,480629.05425097863,-0.8660254037844386,0.5000000000000001
2020-11-01,GU_West_1,West,GU,11,2020,1.3,1.1,1.0,5.236283438421523,117.68220977504684,57.16607339589295,8448.59494250243,4.750784123355607,67.27906205392745,0.7075,513643,571523.8011072997,594803.1344703105,-0.5000000000000004,0.8660254037844384
2020-12-01,GU_West_1,West,GU,12,2020,1.3,1.15,1.0,5.390712967987861,111.64940189009758,61.82750101152721,8323.597560314278,5.9636673774109905,65.26920091231246,0.7075,614775,513642.6677134808,655859.4503182478,-2.4492935982947064e-16,1.0
2021-01-01,GU_West_1,West,GU,1,2021,1.3599999999999999,1.08,1.0,6.444801356102781,64.22163731240936,66.49436225228932,7879.4574199696945,3.907933859538705,68.07400341199269,0.703,738807,614774.5602642727,645421.5363074217,0.49999999999999994,0.8660254037844387
2021-02-01,GU_West_1,West,GU,2,2021,1.3599999999999999,1.12,1.0,4.451607153732249,37.666192974128194,68.17565988682634,7130.76453327359,4.576652539391737,73.05099514021204,0.703,791572,738806.8670336637,865711.8143640116,0.8660254037844386,0.5000000000000001
2021-03-01,GU_West_1,West,GU,3,2021,1.3599999999999999,1.15,1.0,4.697452209473508,32.20680211576247,64.03186518778084,7180.378561433792,3.5007297496817533,64.88741310917489,0.703,784335,791572.4719085918,821161.381825693,1.0,6.123233995736766e-17
2021-04-01,GU_West_1,West,GU,4,2021,1.3599999999999999,1.05,1.0,5.02636795515586,44.67684481629556,67.09607603010465,7897.556602687852,6.346901213570251,65.58128414962508,0.703,728858,784335.1099046554,495558.1786294668,0.8660254037844387,-0.4999999999999998
2021-05-01,GU_West_1,West,GU,5,2021,1.3599999999999999,0.95,1.0,2.7920093007036413,68.8469896380957,66.63664180563205,6890.979667284884,4.914760404843763,67.4972440141063,0.703,621287,728857.9549235151,417891.5728402936,0.49999999999999994,-0.8660254037844387
2021-06-01,GU_West_1,West,GU,6,2021,1.3599999999999999,0.72,1.0,4.680723613085596,108.45840715803827,64.78714491227969,7553.624960105968,6.833507227853049,65.88672629589932,0.703,430088,621287.084769201,307974.1986104214,1.2246467991473532e-16,-1.0
2021-07-01,GU_West_1,West,GU,7,2021,1.3599999999999999,0.65,1.0,2.01704610525658,154.32626095154077,64.3697433055863,7097.80260167716,5.742359941215596,59.14397668794605,0.703,320259,430087.8851586957,371758.8898398724,-0.4999999999999997,-0.8660254037844388
2021-08-01,GU_West_1,West,GU,8,2021,1.3599999999999999,0.68,1.0,4.297374125725113,192.3824485229889,69.75641394010707,6736.035794070251,5.458478570680819,64.47948942920424,0.703,348260,320258.51909179124,301386.0800624147,-0.8660254037844385,-0.5000000000000004
2021-09-01,GU_West_1,West,GU,9,2021,1.3599999999999999,0.82,1.0,6.0262268640713925,177.27989714854533,61.91025237987222,7187.702120996862,4.6310178445752,69.54949296895002,0.703,471899,348259.92534488946,401006.9896033618,-1.0,-1.8369701987210297e-16
2021-10-01,GU_West_1,West,GU,10,2021,1.3599999999999999,1.02,1.0,5.536719869901283,135.08134866365938,68.43363680828816,7498.4469780960635,4.262919971450064,72.55018700373058,0.703,613631,471899.032101325,571523.8011072997,-0.8660254037844386,0.5000000000000001
2021-11-01,GU_West_1,West,GU,11,2021,1.3599999999999999,1.1,1.0,4.286215627455109,130.51013962838186,69.39253092063437,7796.349104961899,5.518377259117556,62.18152572984909,0.703,626334,613630.9888417004,513642.6677134808,-0.5000000000000004,0.8660254037844384
2021-12-01,GU_West_1,West,GU,12,2021,1.3599999999999999,1.15,1.0,5.048957861868574,86.63392871893998,66.34432498498475,7850.791970378026,5.0427887925816135,62.162870403076624,0.703,755037,626333.9383529993,614774.5602642727,-2.4492935982947064e-16,1.0
2022-01-01,GU_West_1,West,GU,1,2022,1.42,1.08,1.0,4.149352347663692,85.30791155186527,71.65711851917499,8027.356166598162,3.628583747611758,67.72093521086934,0.6985,722626,755036.5577628756,738806.8670336637,0.49999999999999994,0.8660254037844387
2022-02-01,GU_West_1,West,GU,2,2022,1.42,1.12,1.0,5.436527744440755,55.961881597247974,74.99048499909215,7715.737845585156,3.4865132667933443,59.29761974048865,0.6985,877414,722625.7298956336,791572.4719085918,0.8660254037844386,0.5000000000000001
2022-03-01,GU_West_1,West,GU,3,2022,1.42,1.15,1.0,8.955724170811191,37.31658710723135,69.38544546782784,8016.567495189786,3.933037016685132,65.82011918805148,0.6985,1023182,877414.3735746375,784335.1099046554,1.0,6.123233995736766e-17
2022-04-01,GU_West_1,West,GU,4,2022,1.42,1.05,1.0,7.654301412666497,48.66153174358171,69.69504271333263,7628.311161001082,6.156773780212983,60.65583176179442,0.6985,857360,1023181.8987520573,728857.9549235151,0.8660254037844387,-0.4999999999999998
2022-05-01,GU_West_1,West,GU,5,2022,1.42,0.95,1.0,5.502486384240893,70.55962057101392,70.01354895670208,8062.176210262224,6.470622334409042,73.07624519936985,0.6985,791730,857359.7571266597,621287.084769201,0.49999999999999994,-0.8660254037844387
2022-06-01,GU_West_1,West,GU,6,2022,1.42,0.72,1.0,5.6315128261186285,107.60065550655011,74.99597679766984,8006.2506223707605,4.863991317847127,64.52267538259838,0.6985,528538,791729.9160808326,430087.8851586957,1.2246467991473532e-16,-1.0
2022-07-01,GU_West_1,West,GU,7,2022,1.42,0.65,1.0,4.263861450658718,103.4119339460859,75.37688124065413,8487.370591870196,4.81915423699303,74.2113367453561,0.6985,473049,528538.2124153802,320258.51909179124,-0.4999999999999997,-0.8660254037844388
2022-08-01,GU_West_1,West,GU,8,2022,1.42,0.68,1.0,4.4771928986789185,159.10548374287268,67.31232929660914,7167.329169038181,4.430943702536382,72.05408541383335,0.6985,361632,473048.91568087816,348259.92534488946,-0.8660254037844385,-0.5000000000000004
2022-09-01,GU_West_1,West,GU,9,2022,1.42,0.82,1.0,5.873961014745812,147.53059691017037,74.51872224193491,7829.876424260664,3.9524117213523975,65.01473080921033,0.6985,539109,361632.0706254347,471899.032101325,-1.0,-1.8369701987210297e-16
2022-10-01,GU_West_1,West,GU,10,2022,1.42,1.02,1.0,4.809468749456397,167.67983395377533,73.95672491904185,7833.51676300079,5.800143246085795,63.31216145261568,0.6985,609991,539109.0085508979,613630.9888417004,-0.8660254037844386,0.5000000000000001
2022-11-01,GU_West_1,West,GU,11,2022,1.42,1.1,1.0,6.5243193420420775,134.7839591540739,76.16078443134948,8694.207263583263,6.198861115117708,66.82581700332965,0.6985,757057,609991.0106585595,626333.9383529993,-0.5000000000000004,0.8660254037844384
2022-12-01,GU_West_1,West,GU,12,2022,1.42,1.15,1.0,7.3229626453934875,131.78637602389557,72.65532409637913,7658.770030169194,3.985264731328571,67.18141350296717,0.6985,862023,757056.8080012318,755036.5577628756,-2.4492935982947064e-16,1.0
2023-01-01,GU_West_1,West,GU,1,2023,1.48,1.08,1.0,6.899144941737247,77.34960242497299,75.86721963916428,9234.816134869563,4.233729297260319,69.78458777580961,0.694,959590,862022.9566725673,722625.7298956336,0.49999999999999994,0.8660254037844387
2023-02-01,GU_West_1,West,GU,2,2023,1.48,1.12,1.0,6.622084647007912,44.95008090888218,79.43565005971497,9075.162536538613,3.9401069594318656,65.2938268418793,0.694,1050142,959590.2214635414,877414.3735746375,0.8660254037844386,0.5000000000000001
2023-03-01,GU_West_1,West,GU,3,2023,1.48,1.15,1.0,4.483064450107218,32.63860759558791,78.09671137450529,9602.189460103888,3.963808740108018,71.38557949408882,0.694,966525,1050141.8045761853,1023181.8987520573,1.0,6.123233995736766e-17
2023-04-01,GU_West_1,West,GU,4,2023,1.48,1.05,1.0,7.39713229432646,53.948333823830794,82.73469524244618,9400.944662057262,5.24872660434389,69.4613122199996,0.694,971041,966525.2876310997,857359.7571266597,0.8660254037844387,-0.4999999999999998
2023-05-01,GU_West_1,West,GU,5,2023,1.48,0.95,1.0,5.12759443815313,67.6944626095094,78.87612353488548,9187.380002346687,3.2504307637071026,67.03841937313655,0.694,837565,971041.1840576129,791729.9160808326,0.49999999999999994,-0.8660254037844387
2023-06-01,GU_West_1,West,GU,6,2023,1.48,0.72,1.0,5.998389045639897,107.07461161301975,76.46064392927174,8883.220229462884,4.673175752749045,65.55183737832792,0.694,626747,837565.3935582647,528538.2124153802,1.2246467991473532e-16,-1.0
2023-07-01,GU_West_1,West,GU,7,2023,1.48,0.65,1.0,7.651491070862162,136.86189193030745,72.4776868588715,8299.266196628072,4.882590485844692,67.66046006760526,0.694,495237,626746.8676555587,473048.91568087816,-0.4999999999999997,-0.8660254037844388
2023-08-01,GU_West_1,West,GU,8,2023,1.48,0.68,1.0,7.735709797170839,151.1360956963311,74.25724846841764,9244.008868086848,4.186279061118545,65.13239499268973,0.694,531742,495236.6736387208,361632.0706254347,-0.8660254037844385,-0.5000000000000004
2023-09-01,GU_West_1,West,GU,9,2023,1.48,0.82,1.0,5.940190967179859,170.93090867083077,71.69213506591595,9371.540732365958,5.014454261589418,68.63375477953436,0.694,545788,531742.1454909666,539109.0085508979,-1.0,-1.8369701987210297e-16
2023-10-01,GU_West_1,West,GU,10,2023,1.48,1.02,1.0,6.009301358096017,113.54068067444582,75.35481389181741,8424.129897413923,4.41812147242996,68.74175474087964,0.694,816587,545788.312523764,609991.0106585595,-0.8660254037844386,0.5000000000000001
2023-11-01,GU_West_1,West,GU,11,2023,1.48,1.1,1.0,5.6608173520919935,104.42678941467977,78.77820277969853,8577.657949079668,5.27370393692489,69.44682913390537,0.694,823166,816587.1570722436,757056.8080012318,-0.5000000000000004,0.8660254037844384
2023-12-01,GU_West_1,West,GU,12,2023,1.48,1.15,1.0,5.062575505608907,107.34934728754531,75.98898673455845,9246.36881104477,3.0822357560593163,75.46496963868742,0.694,835801,823166.4260038063,862022.9566725673,-2.4492935982947064e-16,1.0
2024-01-01,GU_West_1,West,GU,1,2024,1.54,1.08,1.0,6.798905593254731,83.99563684338035,83.56517580628022,8179.79343576611,3.6209797911945043,68.6702211212017,0.6895,1049474,835801.4496810732,959590.2214635414,0.49999999999999994,0.8660254037844387
2024-02-01,GU_West_1,West,GU,2,2024,1.54,1.12,1.0,5.6249041490821945,45.36205854837223,81.51272120031705,7581.388387431141,3.8425494857191724,73.21839146849793,0.6895,1154256,1049474.203796411,1050141.8045761853,0.8660254037844386,0.5000000000000001
2024-03-01,GU_West_1,West,GU,3,2024,1.54,1.15,1.0,8.38033526958974,30.326118840027068,79.29072313073797,7768.85055586695,1.7622340924229203,70.11834958790281,0.6895,1167235,1154256.4023059797,966525.2876310997,1.0,6.123233995736766e-17
2024-04-01,GU_West_1,West,GU,4,2024,1.54,1.05,1.0,8.034088497974071,33.77999975610213,80.7628754655099,7200.759699615876,3.0312378131371718,68.24702279240618,0.6895,997860,1167235.434965424,971041.1840576129,0.8660254037844387,-0.4999999999999998
2024-05-01,GU_West_1,West,GU,5,2024,1.54,0.95,1.0,8.233295313624437,76.0021780568515,81.91629007316529,8646.948433688523,3.249120596512971,68.72336292019507,0.6895,913245,997859.7354041085,837565.3935582647,0.49999999999999994,-0.8660254037844387
2024-06-01,GU_West_1,West,GU,6,2024,1.54,0.72,1.0,6.415375311089649,93.32191418946896,80.91767019539085,7442.236193656764,4.6585647958586796,68.96469436332781,0.6895,689884,913244.6643671388,626746.8676555587,1.2246467991473532e-16,-1.0
2024-07-01,GU_West_1,West,GU,7,2024,1.54,0.65,1.0,6.126575495561753,149.12200253847223,80.95205268655575,8271.196403034415,3.3345253229483194,70.31907083091286,0.6895,476328,689884.1642728503,495236.6736387208,-0.4999999999999997,-0.8660254037844388
2024-08-01,GU_West_1,West,GU,8,2024,1.54,0.68,1.0,7.6248773009560935,170.29852231128785,78.19284967723988,8011.447363703547,3.245536810155218,65.36271693912413,0.6895,504409,476327.5639587096,531742.1454909666,-0.8660254037844385,-0.5000000000000004
2024-09-01,GU_West_1,West,GU,9,2024,1.54,0.82,1.0,7.637583249720091,182.19666000249458,79.20107120427335,8607.49680580371,4.553988624524953,63.33863846622013,0.6895,643459,504408.8175529161,545788.312523764,-1.0,-1.8369701987210297e-16
2024-10-01,GU_West_1,West,GU,10,2024,1.54,1.02,1.0,7.383936378764287,161.7006528880741,87.27538238846394,7670.665335223927,2.6056714833679564,71.81718957389711,0.6895,894729,643458.8706888765,816587.1570722436,-0.8660254037844386,0.5000000000000001
2024-11-01,GU_West_1,West,GU,11,2024,1.54,1.1,1.0,7.213280248754401,143.8263454533807,84.18539947127063,8054.743396625742,2.243004746045142,72.79249533032504,0.6895,992178,894728.9169783997,823166.4260038063,-0.5000000000000004,0.8660254037844384
2024-12-01,GU_West_1,West,GU,12,2024,1.54,1.15,1.0,9.0,100.17234766077809,76.07847730957086,7262.88756781576,3.6107261599445226,72.18254333121122,0.6895,997523,992177.5393359769,835801.4496810732,-2.4492935982947064e-16,1.0
2025-01-01,GU_West_1,West,GU,1,2025,1.6,1.08,1.0,8.511230014151574,61.519873349444325,77.89909312748091,8127.662923376563,2.341834585537316,70.61988807422588,0.6849999999999999,1089347,997523.3168480205,1049474.203796411,0.49999999999999994,0.8660254037844387
2025-02-01,GU_West_1,West,GU,2,2025,1.6,1.12,1.0,9.0,36.879766478641855,85.22857726434617,9268.350112738915,2.3722565642722806,73.06889850981315,0.6849999999999999,1381929,1089346.9110937456,1154256.4023059797,0.8660254037844386,0.5000000000000001
2025-03-01,GU_West_1,West,GU,3,2025,1.6,1.15,1.0,9.0,21.83645513034801,87.68041868327796,8196.738372418087,3.9587470333503854,72.85371610406857,0.6849999999999999,1331926,1381928.6898275279,1167235.434965424,1.0,6.123233995736766e-17
2025-04-01,GU_West_1,West,GU,4,2025,1.6,1.05,1.0,9.0,41.93912015335719,83.44017448773337,8897.302109503913,4.200779070330063,73.15051743581982,0.6849999999999999,1286252,1331926.2752631789,997859.7354041085,0.8660254037844387,-0.4999999999999998
2025-05-01,GU_West_1,West,GU,5,2025,1.6,0.95,1.0,6.7106446803727975,83.49765746610993,88.06497618459382,9455.082951587267,4.1310913726817,66.56183671463154,0.6849999999999999,904562,1286252.2460025526,913244.6643671388,0.49999999999999994,-0.8660254037844387
2025-06-01,GU_West_1,West,GU,6,2025,1.6,0.72,1.0,8.711805189197635,113.17022541582524,85.17896369502125,9336.008185242059,4.387021328245787,65.61219281138148,0.6849999999999999,752344,904562.2245105578,689884.1642728503,1.2246467991473532e-16,-1.0
2025-07-01,GU_West_1,West,GU,7,2025,1.6,0.65,1.0,7.481881413207953,140.64526601690955,84.51081616081908,8700.936530422585,4.492907456011841,68.44572301299091,0.6849999999999999,582524,752344.1812051701,476327.5639587096,-0.4999999999999997,-0.8660254037844388
2025-08-01,GU_West_1,West,GU,8,2025,1.6,0.68,1.0,6.003935946368561,143.17564793481543,87.26834552852554,8285.173588615775,1.7971278329384552,69.93046356182938,0.6849999999999999,570507,582524.3043286089,504408.8175529161,-0.8660254037844385,-0.5000000000000004
2025-09-01,GU_West_1,West,GU,9,2025,1.6,0.82,1.0,9.0,195.43215025685646,83.40437262129319,9229.27268774444,3.860329567943573,69.03231549147084,0.6849999999999999,681717,570506.5557739724,643458.8706888765,-1.0,-1.8369701987210297e-16
2025-10-01,GU_West_1,West,GU,10,2025,1.6,1.02,1.0,7.647568969153245,158.0103810584751,84.13988103458904,9604.015552286533,3.076313440344353,62.493238674648495,0.6849999999999999,920279,681717.1983576203,894728.9169783997,-0.8660254037844386,0.5000000000000001
2025-11-01,GU_West_1,West,GU,11,2025,1.6,1.1,1.0,6.7338780436799786,168.1286600012968,87.01050178639139,8701.992864599923,2.902060603207651,76.88677044854057,0.6849999999999999,957109,920279.468026211,992177.5393359769,-0.5000000000000004,0.8660254037844384
2025-12-01,GU_West_1,West,GU,12,2025,1.6,1.15,1.0,7.502523364101568,86.98936487159139,84.90581218880193,8638.50921371625,3.9483317057669645,68.90381604445706,0.6849999999999999,1237208,957108.8748904512,997523.3168480205,-2.4492935982947064e-16,1.0
2015-01-01,GU_West_2,West,GU,1,2015,1.0,1.08,1.0,8.222888073121858,70.06650494965595,38.354788956209305,5175.89098900043,7.756369297209266,60.09560612222862,0.73,424913,,,0.49999999999999994,0.8660254037844387
2015-02-01,GU_West_2,West,GU,2,2015,1.0,1.12,1.0,5.08036320161858,29.274283431971526,41.87536136901977,5953.1508480899865,6.641165245180888,64.25083935029025,0.73,393433,424913.1742832726,,0.8660254037844386,0.5000000000000001
2015-03-01,GU_West_2,West,GU,3,2015,1.0,1.15,1.0,4.992477026107586,36.239769164604866,40.009190912322026,6030.035185453061,7.361377081365259,56.83028334959955,0.73,401687,393433.01516112854,,1.0,6.123233995736766e-17
2015-04-01,GU_West_2,West,GU,4,2015,1.0,1.05,1.0,4.93424747165499,47.274162347802786,36.86950151471573,5972.79454021191,7.493599961378975,60.34559714269893,0.73,330683,401686.6689319518,,0.8660254037844387,-0.4999999999999998
2015-05-01,GU_West_2,West,GU,5,2015,1.0,0.95,1.0,5.420964684742377,49.659600728582625,43.44461435396947,6424.568543244353,7.477612805863364,63.506867391477435,0.73,376982,330683.0892272449,,0.49999999999999994,-0.8660254037844387
2015-06-01,GU_West_2,West,GU,6,2015,1.0,0.72,1.0,7.825057424983694,87.01853932495273,45.05314998454462,6077.241300772133,7.570802779054305,64.76504996403521,0.73,305611,376982.44679996726,,1.2246467991473532e-16,-1.0
2015-07-01,GU_West_2,West,GU,7,2015,1.0,0.65,1.0,7.172434340800082,137.62549198884642,39.32020250795621,5149.233214293099,6.832388115542287,58.98707009334152,0.73,211784,305611.45498693164,,-0.4999999999999997,-0.8660254037844388
2015-08-01,GU_West_2,West,GU,8,2015,1.0,0.68,1.0,5.845966912493082,157.4273065862839,40.328010710792036,5570.916834633676,6.918405605905266,60.236833215952345,0.73,195443,211783.59103628554,,-0.8660254037844385,-0.5000000000000004
2015-09-01,GU_West_2,West,GU,9,2015,1.0,0.82,1.0,6.486676891252599,183.25075544084908,35.473453949111516,5345.090618154412,6.902306991173904,67.84222654233419,0.73,214850,195442.83906728262,,-1.0,-1.8369701987210297e-16
2015-10-01,GU_West_2,West,GU,10,2015,1.0,1.02,1.0,8.185166606199125,157.4836077451473,38.75683985167289,6420.270113949713,6.203924528643954,66.64763447851217,0.73,308239,214849.54435856084,,-0.8660254037844386,0.5000000000000001
2015-11-01,GU_West_2,West,GU,11,2015,1.0,1.1,1.0,8.789613021174944,161.8012983462093,41.53131993400298,6004.371156587053,7.773464257476885,62.833828868209466,0.73,349507,308238.600069153,,-0.5000000000000004,0.8660254037844384
2015-12-01,GU_West_2,West,GU,12,2015,1.0,1.15,1.0,6.811261200131362,97.08610819463168,41.064569620773334,5422.183615451579,8.215725961353604,53.05341938711714,0.73,403791,349507.2298052155,,-2.4492935982947064e-16,1.0
2016-01-01,GU_West_2,West,GU,1,2016,1.06,1.08,1.0,4.369522750922943,57.973063535458515,42.97699645237088,6875.059408988901,7.737048066282829,72.84453019076003,0.7255,414935,403791.06710078794,424913.1742832726,0.49999999999999994,0.8660254037844387
2016-02-01,GU_West_2,West,GU,2,2016,1.06,1.12,1.0,7.917404685491789,36.23348223948556,43.67726947457066,5925.510690159153,6.890002511631396,62.72027375337102,0.7255,518821,414934.61732738884,393433.01516112854,0.8660254037844386,0.5000000000000001
2016-03-01,GU_West_2,West,GU,3,2016,1.06,1.15,1.0,8.682357927229438,37.750889397336614,43.15836779036634,6592.617781940513,6.451195808428889,61.54973176791469,0.7255,520244,518820.54286624875,401686.6689319518,1.0,6.123233995736766e-17
2016-04-01,GU_West_2,West,GU,4,2016,1.06,1.05,1.0,7.830218950807111,43.301818868076296,43.664605858844844,6057.934878328662,7.695451713890151,60.71056029658354,0.7255,466717,520244.3972328749,330683.0892272449,0.8660254037844387,-0.4999999999999998
2016-05-01,GU_West_2,West,GU,5,2016,1.06,0.95,1.0,8.432478074261562,74.463902187397,45.76970440755438,5720.133509717717,7.611138417899641,64.30546814879644,0.7255,421212,466716.694125001,376982.44679996726,0.49999999999999994,-0.8660254037844387
2016-06-01,GU_West_2,West,GU,6,2016,1.06,0.72,1.0,7.989138621132282,111.38077423820651,38.59738874389263,6833.041306888475,7.273936513949036,64.34633035668372,0.7255,237304,421211.7955659892,305611.45498693164,1.2246467991473532e-16,-1.0
2016-07-01,GU_West_2,West,GU,7,2016,1.06,0.65,1.0,6.079085670801582,94.79506300361766,44.27695145557623,6888.865992834448,8.495449001938617,66.60251149250605,0.7255,248889,237303.78893667588,211783.59103628554,-0.4999999999999997,-0.8660254037844388
2016-08-01,GU_West_2,West,GU,8,2016,1.06,0.68,1.0,6.497174051743666,133.37559061371394,45.549926606877065,6685.745686295444,7.078859582906349,59.09575134260395,0.7255,242485,248889.05980340147,195442.83906728262,-0.8660254037844385,-0.5000000000000004
2016-09-01,GU_West_2,West,GU,9,2016,1.06,0.82,1.0,7.175277547223633,143.97406146715258,42.78854594307677,6397.6648317451245,6.894488012860089,61.55002048743495,0.7255,268929,242484.72853069057,214849.54435856084,-1.0,-1.8369701987210297e-16
2016-10-01,GU_West_2,West,GU,10,2016,1.06,1.02,1.0,8.839157905665843,141.19527572622138,43.06200086810536,5910.138605319165,6.78014613514032,70.92218289289681,0.7255,396362,268928.72414713976,308238.600069153,-0.8660254037844386,0.5000000000000001
2016-11-01,GU_West_2,West,GU,11,2016,1.06,1.1,1.0,6.641599289795076,127.42475133783887,43.148816677553654,5957.393908177289,5.8512978348153535,63.698362532999965,0.7255,385794,396362.14184066874,349507.2298052155,-0.5000000000000004,0.8660254037844384
2016-12-01,GU_West_2,West,GU,12,2016,1.06,1.15,1.0,8.107743331580997,117.28698879764296,43.06285007938852,6043.824009117591,7.6290719713138335,62.10990250669301,0.7255,451092,385794.2550048988,403791.06710078794,-2.4492935982947064e-16,1.0
2017-01-01,GU_West_2,West,GU,1,2017,1.12,1.08,1.0,8.364431112705436,80.22451999431578,49.01765133355112,7347.667341751465,6.6156117062737785,59.83352893766519,0.721,540795,451091.8781567718,414934.61732738884,0.49999999999999994,0.8660254037844387
2017-02-01,GU_West_2,West,GU,2,2017,1.12,1.12,1.0,9.0,41.216282015363674,49.38700827404135,7937.100753149893,7.107944993085436,65.623737223283,0.721,554451,540795.0463537717,518820.54286624875,0.8660254037844386,0.5000000000000001
2017-03-01,GU_West_2,West,GU,3,2017,1.12,1.15,1.0,7.9499842662447024,32.7184676072438,42.698457051298604,7930.0022180130745,8.173502401672993,67.72407286816977,0.721,529220,554451.3823033158,520244.3972328749,1.0,6.123233995736766e-17
2017-04-01,GU_West_2,West,GU,4,2017,1.12,1.05,1.0,5.8942898980684895,38.548556526924386,50.958641114416864,6710.964903201886,6.387398584076307,67.09835058323924,0.721,466403,529220.3172291768,466716.694125001,0.8660254037844387,-0.4999999999999998
2017-05-01,GU_West_2,West,GU,5,2017,1.12,0.95,1.0,8.776244557876133,68.90971451183314,48.13000334695912,7140.865321505054,4.829593026566759,62.564796545564334,0.721,504083,466402.90053643397,421211.7955659892,0.49999999999999994,-0.8660254037844387
2017-06-01,GU_West_2,West,GU,6,2017,1.12,0.72,1.0,9.0,105.09856950582923,54.7988895264056,7128.747864220353,7.084856295608618,65.04500913345414,0.721,341107,504083.42750666634,237303.78893667588,1.2246467991473532e-16,-1.0
2017-07-01,GU_West_2,West,GU,7,2017,1.12,0.65,1.0,8.854860013839748,152.4521013220462,45.42505438330387,6313.607915202119,6.83348751191414,70.28663774659445,0.721,258058,341107.0307596478,248889.05980340147,-0.4999999999999997,-0.8660254037844388
2017-08-01,GU_West_2,West,GU,8,2017,1.12,0.68,1.0,7.054806089827512,180.15881580954985,46.39805647373701,7707.574749155139,6.114036899222945,67.88352916868588,0.721,266034,258058.43456222498,242484.72853069057,-0.8660254037844385,-0.5000000000000004
2017-09-01,GU_West_2,West,GU,9,2017,1.12,0.82,1.0,6.701664944985242,111.29598969773919,48.391273064250214,7342.048402084346,7.017813068497198,60.46334903122672,0.721,342735,266033.833248614,268928.72414713976,-1.0,-1.8369701987210297e-16
2017-10-01,GU_West_2,West,GU,10,2017,1.12,1.02,1.0,6.856437399791114,157.2082901997923,50.23967634905811,7401.906181543741,7.328877056083501,53.41597974151412,0.721,384287,342735.35868878925,396362.14184066874,-0.8660254037844386,0.5000000000000001
2017-11-01,GU_West_2,West,GU,11,2017,1.12,1.1,1.0,9.0,164.23564063015812,43.147698017885496,8058.462299296718,5.942712071830762,64.78709002833695,0.721,430107,384287.3646541052,385794.2550048988,-0.5000000000000004,0.8660254037844384
2017-12-01,GU_West_2,West,GU,12,2017,1.12,1.15,1.0,7.607207071374277,95.29684161223479,46.51269984365168,7492.559379005641,6.458934510877294,66.79427250699374,0.721,519063,430107.49537111656,451091.8781567718,-2.4492935982947064e-16,1.0
2018-01-01,GU_West_2,West,GU,1,2018,1.18,1.08,1.0,6.765488099186188,79.62026654730555,55.27396048172153,6153.3509677376605,7.481402983879143,60.04310203250696,0.7165,558298,519062.5083262204,540795.0463537717,0.49999999999999994,0.8660254037844387
2018-02-01,GU_West_2,West,GU,2,2018,1.18,1.12,1.0,7.370536198827141,41.12858944970759,50.65562816070237,6604.614606424593,5.722702247016508,64.36484191150889,0.7165,590537,558298.4799466463,554451.3823033158,0.8660254037844386,0.5000000000000001
2018-03-01,GU_West_2,West,GU,3,2018,1.18,1.15,1.0,7.1803717134529785,34.89210968395402,57.610079129128685,6823.672007931372,6.353335804331028,63.34520373650769,0.7165,676649,590537.4477805668,529220.3172291768,1.0,6.123233995736766e-17
2018-04-01,GU_West_2,West,GU,4,2018,1.18,1.05,1.0,9.0,35.75852240257738,52.13834920345278,6480.59008169452,4.200471067164893,64.8171452889288,0.7165,615624,676649.1143899029,466402.90053643397,0.8660254037844387,-0.4999999999999998
2018-05-01,GU_West_2,West,GU,5,2018,1.18,0.95,1.0,6.343287182560258,56.78766471282155,50.80188039597431,6657.314996386535,5.114523599134964,62.221214851521154,0.7165,434223,615624.161750822,504083.42750666634,0.49999999999999994,-0.8660254037844387
2018-06-01,GU_West_2,West,GU,6,2018,1.18,0.72,1.0,8.977432049772357,113.10002105562413,55.33073277336856,6281.674234588071,6.42601399786624,69.56204399051198,0.7165,386605,434223.0095886902,341107.0307596478,1.2246467991473532e-16,-1.0
2018-07-01,GU_West_2,West,GU,7,2018,1.18,0.65,1.0,7.707170687521122,153.98909291609357,58.32285216047334,6310.343691110521,7.282390247668481,64.99187552253106,0.7165,359819,386605.05507540365,258058.43456222498,-0.4999999999999997,-0.8660254037844388
2018-08-01,GU_West_2,West,GU,8,2018,1.18,0.68,1.0,9.0,161.52754838468076,54.74918877623169,6398.0389966068415,5.210376254399199,60.883932455341004,0.7165,318319,359819.28104198194,266033.833248614,-0.8660254037844385,-0.5000000000000004
2018-09-01,GU_West_2,West,GU,9,2018,1.18,0.82,1.0,9.0,138.69813181272102,57.281288197669774,6008.275249277671,6.3596512496483975,68.06984861437489,0.7165,424791,318319.0920655464,342735.35868878925,-1.0,-1.8369701987210297e-16
2018-10-01,GU_West_2,West,GU,10,2018,1.18,1.02,1.0,7.662417332475535,161.94688293343052,58.52990602191089,6091.551950506048,5.9994256727570265,59.343249616033184,0.7165,476084,424790.9505622416,384287.3646541052,-0.8660254037844386,0.5000000000000001
2018-11-01,GU_West_2,West,GU,11,2018,1.18,1.1,1.0,7.182583840260822,161.64759319775527,50.73442396021726,6967.225515790682,7.062470443993995,69.53797751014054,0.7165,491700,476083.8452325355,430107.49537111656,-0.5000000000000004,0.8660254037844384
2018-12-01,GU_West_2,West,GU,12,2018,1.18,1.15,1.0,7.640074770017945,128.66585699179194,56.31517400217876,7250.759920110413,5.325757355741931,68.36423769689026,0.7165,618568,491699.72075481835,519062.5083262204,-2.4492935982947064e-16,1.0
2019-01-01,GU_West_2,West,GU,1,2019,1.24,1.08,1.0,6.386275193593842,64.76957909027567,53.42958847208936,8036.489061317032,6.244062118693988,70.75910118128314,0.712,620574,618567.9275590513,558298.4799466463,0.49999999999999994,0.8660254037844387
2019-02-01,GU_West_2,West,GU,2,2019,1.24,1.12,1.0,4.5116402531135265,32.37666923124675,59.27470759535915,6724.534189454004,5.377047450402995,64.56701451023353,0.712,618310,620574.2353203861,590537.4477805668,0.8660254037844386,0.5000000000000001
2019-03-01,GU_West_2,West,GU,3,2019,1.24,1.15,1.0,8.362976448542087,38.28585435772937,57.78604632845554,6681.064109436613,6.0784304198611805,63.21554408086649,0.712,777629,618309.516204613,676649.1143899029,1.0,6.123233995736766e-17
2019-04-01,GU_West_2,West,GU,4,2019,1.24,1.05,1.0,6.7949420208574285,41.32574589767454,61.728850609126184,6784.1807556245285,5.955144841846779,65.53608704373238,0.712,741075,777628.7631505326,615624.161750822,0.8660254037844387,-0.4999999999999998
2019-05-01,GU_West_2,West,GU,5,2019,1.24,0.95,1.0,5.1042809779387355,77.6190145439226,61.51675453895452,7380.474348845617,5.6985767406859065,64.86225285457787,0.712,556825,741075.0412282784,434223.0095886902,0.49999999999999994,-0.8660254037844387
2019-06-01,GU_West_2,West,GU,6,2019,1.24,0.72,1.0,4.01897201576191,106.30040504276957,59.70935005160321,6056.073933438902,6.282249477015508,62.58905485774595,0.712,382383,556824.9740936885,386605.05507540365,1.2246467991473532e-16,-1.0
2019-07-01,GU_West_2,West,GU,7,2019,1.24,0.65,1.0,3.7068809204835813,117.97774024245827,58.89528369844845,7055.039295021075,5.934922187442369,62.98550674349743,0.712,308792,382383.0554370365,359819.28104198194,-0.4999999999999997,-0.8660254037844388
2019-08-01,GU_West_2,West,GU,8,2019,1.24,0.68,1.0,7.424576524025004,162.29536535420405,59.52510603016585,7953.194680122352,5.793754958338645,63.73450861093415,0.712,352867,308792.1104788781,318319.0920655464,-0.8660254037844385,-0.5000000000000004
2019-09-01,GU_West_2,West,GU,9,2019,1.24,0.82,1.0,5.757226917911486,203.36262835988535,58.185312614129636,7762.097473827859,5.614866772781806,60.51998525424055,0.712,387341,352867.48205781606,424790.9505622416,-1.0,-1.8369701987210297e-16
2019-10-01,GU_West_2,West,GU,10,2019,1.24,1.02,1.0,5.95411919827384,157.29012576222456,57.81641277667629,7090.9074072417725,5.96207871179627,67.91185315839734,0.712,505050,387340.8121941711,476083.8452325355,-0.8660254037844386,0.5000000000000001
2019-11-01,GU_West_2,West,GU,11,2019,1.24,1.1,1.0,7.085785117446588,114.8899746657143,62.32773451675733,7124.990051473063,6.077634838516858,64.99081144971598,0.712,594676,505049.7545013062,491699.72075481835,-0.5000000000000004,0.8660254037844384
2019-12-01,GU_West_2,West,GU,12,2019,1.24,1.15,1.0,5.880742212677866,77.69374422047117,62.68866945903453,7575.258768062958,5.108686335935504,63.966486123065415,0.712,665722,594676.0587646234,618567.9275590513,-2.4492935982947064e-16,1.0
2020-01-01,GU_West_2,West,GU,1,2020,1.3,1.08,1.0,6.095169127484395,60.12392019398055,62.07502240689338,8713.691262887669,5.220423009666098,61.55858335623329,0.7075,726921,665722.4061436012,620574.2353203861,0.49999999999999994,0.8660254037844387
2020-02-01,GU_West_2,West,GU,2,2020,1.3,1.12,1.0,5.553656705472237,40.45810963897206,63.21290920903223,8052.908552544887,4.655851244295062,61.358508089330144,0.7075,749670,726921.0006532114,618309.516204613,0.8660254037844386,0.5000000000000001
2020-03-01,GU_West_2,West,GU,3,2020,1.3,1.15,1.0,5.338384328441095,38.181995593178016,62.74496567431832,8187.3556132540325,5.468123661775372,73.74365620288965,0.7075,752176,749670.1941587141,777628.7631505326,1.0,6.123233995736766e-17
2020-04-01,GU_West_2,West,GU,4,2020,1.3,1.05,0.68,3.552039341390392,35.862254930468495,57.66490467418841,8038.115945193769,5.026134236116778,63.49097014855372,0.7075,394977,752176.2363090765,741075.0412282784,0.8660254037844387,-0.4999999999999998
2020-05-01,GU_West_2,West,GU,5,2020,1.3,0.95,0.68,4.455662200493547,83.84826923444228,61.490693267163984,7693.713074408934,6.116626518385004,68.4421135768373,0.7075,395062,394977.1484783118,556824.9740936885,0.49999999999999994,-0.8660254037844387
2020-06-01,GU_West_2,West,GU,6,2020,1.3,0.72,0.68,6.162382266924418,81.54157117412976,67.29911260314431,8193.935636417964,6.038181582205352,66.6505378796007,0.7075,350589,395061.65025345556,382383.0554370365,1.2246467991473532e-16,-1.0
2020-07-01,GU_West_2,West,GU,7,2020,1.3,0.65,1.0,4.620913650383318,183.56231628815948,60.25067237490457,8159.652929933836,4.761801149148504,54.89924615556759,0.7075,327651,350589.2415802478,308792.1104788781,-0.4999999999999997,-0.8660254037844388
2020-08-01,GU_West_2,West,GU,8,2020,1.3,0.68,1.0,6.885783295161568,202.53245900516373,68.84363038690391,7725.530470832884,5.49815412368122,73.16980329255436,0.7075,407742,327650.6044716402,352867.48205781606,-0.8660254037844385,-0.5000000000000004
2020-09-01,GU_West_2,West,GU,9,2020,1.3,0.82,1.0,8.255021417012257,173.5997393593938,66.01637892876815,8583.556744964757,6.010813263398691,68.73633591510446,0.7075,469502,407742.0142696674,387340.8121941711,-1.0,-1.8369701987210297e-16
2020-10-01,GU_West_2,West,GU,10,2020,1.3,1.02,1.0,6.227002189229766,121.12518289599626,63.704494451638624,8510.31462840943,5.3597533438687766,62.92931938278076,0.7075,577530,469502.3688742206,505049.7545013062,-0.8660254037844386,0.5000000000000001
2020-11-01,GU_West_2,West,GU,11,2020,1.3,1.1,1.0,7.230738097858368,134.8693491355586,64.18252985792927,8605.894188408063,4.917425980155564,65.88653398228162,0.7075,644421,577530.2093862863,594676.0587646234,-0.5000000000000004,0.8660254037844384
2020-12-01,GU_West_2,West,GU,12,2020,1.3,1.15,1.0,6.304212514175461,96.08133334280647,59.74837991099492,7947.188663068814,4.626077177564163,61.40326653038534,0.7075,673487,644421.4798389835,665722.4061436012,-2.4492935982947064e-16,1.0
2021-01-01,GU_West_2,West,GU,1,2021,1.3599999999999999,1.08,1.0,4.358885572793374,55.00227032488057,66.2043137433259,6294.570621820878,5.7834140492626895,74.10488191384454,0.703,797090,673487.1908417369,726921.0006532114,0.49999999999999994,0.8660254037844387
2021-02-01,GU_West_2,West,GU,2,2021,1.3599999999999999,1.12,1.0,5.24018199776891,44.99209819413436,71.32419733096528,7397.478685313011,5.822170518627976,63.16936916703414,0.703,898151,797089.7221265234,749670.1941587141,0.8660254037844386,0.5000000000000001
2021-03-01,GU_West_2,West,GU,3,2021,1.3599999999999999,1.15,1.0,7.41598513531693,29.799420037736216,65.1564119824794,6888.328955389097,4.933641920900761,64.70766401322136,0.703,925052,898150.7501558384,752176.2363090765,1.0,6.123233995736766e-17
2021-04-01,GU_West_2,West,GU,4,2021,1.3599999999999999,1.05,1.0,4.371735508847059,38.487304656361076,70.1833952708464,6786.379017011904,5.712910067621341,63.88175568740963,0.703,711030,925051.8544432546,394977.1484783118,0.8660254037844387,-0.4999999999999998
2021-05-01,GU_West_2,West,GU,5,2021,1.3599999999999999,0.95,1.0,3.7528072413463116,65.92247792736198,62.868879431688825,6621.505793382919,2.727831576091727,67.12151760083668,0.703,538577,711029.7357223502,395061.65025345556,0.49999999999999994,-0.8660254037844387
2021-06-01,GU_West_2,West,GU,6,2021,1.3599999999999999,0.72,1.0,3.638966692261677,93.20389492080274,63.40552476257497,7063.28453933325,6.162043720567389,72.28126600055725,0.703,432311,538576.5459222031,350589.2415802478,1.2246467991473532e-16,-1.0
2021-07-01,GU_West_2,West,GU,7,2021,1.3599999999999999,0.65,1.0,4.738964739399741,178.3943949890446,72.70415399675895,7896.976960645182,4.974444155778257,73.95749779638062,0.703,399923,432310.5893812438,327650.6044716402,-0.4999999999999997,-0.8660254037844388
2021-08-01,GU_West_2,West,GU,8,2021,1.3599999999999999,0.68,1.0,3.795833493628326,147.9610802626107,66.96448856127903,6959.727392362487,5.213421248639591,65.2040154231108,0.703,383323,399922.9375660913,407742.0142696674,-0.8660254037844385,-0.5000000000000004
2021-09-01,GU_West_2,West,GU,9,2021,1.3599999999999999,0.82,1.0,7.008823312924685,181.24246579055912,65.38450033901698,6696.768307097349,4.843585821067224,68.31303592927169,0.703,534785,383322.5786824793,469502.3688742206,-1.0,-1.8369701987210297e-16
2021-10-01,GU_West_2,West,GU,10,2021,1.3599999999999999,1.02,1.0,5.259627841509545,164.4016885739376,71.08822248099689,7480.549707435982,6.216565985494004,67.12762165041629,0.703,581146,534784.9714306026,577530.2093862863,-0.8660254037844386,0.5000000000000001
2021-11-01,GU_West_2,West,GU,11,2021,1.3599999999999999,1.1,1.0,6.166071571712603,143.19610459528099,70.73746466489051,7264.945202869547,4.251414700835572,62.873562942223764,0.703,667155,581146.3503436611,644421.4798389835,-0.5000000000000004,0.8660254037844384
2021-12-01,GU_West_2,West,GU,12,2021,1.3599999999999999,1.15,1.0,4.641601531304362,108.56505257524726,69.76226369577172,6233.494061512775,6.279568261285468,76.49022229838377,0.703,727552,667154.6849138142,673487.1908417369,-2.4492935982947064e-16,1.0
2022-01-01,GU_West_2,West,GU,1,2022,1.42,1.08,1.0,4.0711031909128375,76.98988716338245,69.79030624176369,8458.055843888631,5.017016736756088,73.05103824918501,0.6985,713194,727551.6942713482,797089.7221265234,0.49999999999999994,0.8660254037844387
2022-02-01,GU_West_2,West,GU,2,2022,1.42,1.12,1.0,3.8680670937002466,44.83325698333437,70.63924727218698,9117.810495825372,5.198131372734526,68.35646339884413,0.6985,832200,713194.0627420128,898150.7501558384,0.8660254037844386,0.5000000000000001
2022-03-01,GU_West_2,West,GU,3,2022,1.42,1.15,1.0,4.349749737606434,35.14696855392023,72.4348864711742,6989.758832656591,4.436636349336866,73.92750437399594,0.6985,887225,832199.9177197735,925051.8544432546,1.0,6.123233995736766e-17
2022-04-01,GU_West_2,West,GU,4,2022,1.42,1.05,1.0,5.856370421052232,43.48841689653176,73.5831980264417,7603.932289189695,3.6534246416829026,72.44842685087121,0.6985,793188,887224.9131227313,711029.7357223502,0.8660254037844387,-0.4999999999999998
2022-05-01,GU_West_2,West,GU,5,2022,1.42,0.95,1.0,6.063199346341716,66.58813790613226,69.97454927794439,6878.162810106429,5.44440861242888,67.92744536432701,0.6985,770623,793188.3118527576,538576.5459222031,0.49999999999999994,-0.8660254037844387
2022-06-01,GU_West_2,West,GU,6,2022,1.42,0.72,1.0,6.163175115890601,88.04949241059164,72.01221133186209,8126.113010666276,4.949126680951464,68.90385442131196,0.6985,488057,770623.1802775438,432310.5893812438,1.2246467991473532e-16,-1.0
2022-07-01,GU_West_2,West,GU,7,2022,1.42,0.65,1.0,3.652932607681951,134.7582851006279,72.30217390239221,8605.67380647476,5.789298766647054,73.64850456950661,0.6985,383011,488057.09752263315,399922.9375660913,-0.4999999999999997,-0.8660254037844388
2022-08-01,GU_West_2,West,GU,8,2022,1.42,0.68,1.0,5.438848805142255,166.7123437949648,75.36030926912576,8207.475337407977,4.544978943827441,63.815385675481274,0.6985,407992,383010.50990153354,383322.5786824793,-0.8660254037844385,-0.5000000000000004
2022-09-01,GU_West_2,West,GU,9,2022,1.42,0.82,1.0,4.208065631149308,180.25519619260626,73.76339748680536,8786.398064150353,4.364614896880868,74.29476278928536,0.6985,495727,407991.5199191777,534784.9714306026,-1.0,-1.8369701987210297e-16
2022-10-01,GU_West_2,West,GU,10,2022,1.42,1.02,1.0,5.921098989321613,165.24062265600801,66.97959506549412,8533.747630648211,5.810470589312241,66.69954975725953,0.6985,623984,495726.84157909587,581146.3503436611,-0.8660254037844386,0.5000000000000001
2022-11-01,GU_West_2,West,GU,11,2022,1.42,1.1,1.0,6.014232294817122,131.24771772564992,70.85910907454384,8925.966295575632,6.229515331597955,73.69870697139027,0.6985,818338,623983.9762154183,667154.6849138142,-0.5000000000000004,0.8660254037844384
2022-12-01,GU_West_2,West,GU,12,2022,1.42,1.15,1.0,4.032732171788453,101.12667748110277,68.71364989004975,8682.094845647844,4.707477741092584,67.57909361014872,0.6985,780218,818338.0656887017,727551.6942713482,-2.4492935982947064e-16,1.0
2023-01-01,GU_West_2,West,GU,1,2023,1.48,1.08,1.0,7.6616355286356175,62.35280585758192,77.70426226183503,8951.495942153239,3.697794002514315,69.75042488989189,0.694,1059112,780217.9344279207,713194.0627420128,0.49999999999999994,0.8660254037844387
2023-02-01,GU_West_2,West,GU,2,2023,1.48,1.12,1.0,9.0,45.13574828553698,78.76946005151514,9162.847228333194,4.948424610231639,68.26276657371017,0.694,1123678,1059111.9805332622,832199.9177197735,0.8660254037844386,0.5000000000000001
2023-03-01,GU_West_2,West,GU,3,2023,1.48,1.15,1.0,7.501802885101595,32.87224603763798,76.30466795683073,8741.915711061078,4.096783547063461,66.2726255087551,0.694,1024424,1123678.453235088,887224.9131227313,1.0,6.123233995736766e-17
2023-04-01,GU_West_2,West,GU,4,2023,1.48,1.05,1.0,6.304599152538675,44.27787723109583,75.19561890811644,9029.025047036894,4.779410260320638,67.31978040742275,0.694,920028,1024424.3267091725,793188.3118527576,0.8660254037844387,-0.4999999999999998
2023-05-01,GU_West_2,West,GU,5,2023,1.48,0.95,1.0,6.120145156148309,78.20819104250204,76.20750937910795,9160.64457543567,4.092579220496997,73.91644561267427,0.694,805194,920028.3806333563,770623.1802775438,0.49999999999999994,-0.8660254037844387
2023-06-01,GU_West_2,West,GU,6,2023,1.48,0.72,1.0,6.24912322199299,91.14680868247098,76.62675782043327,9094.612027436606,5.5512112145694505,59.14334406931013,0.694,605929,805194.2879501882,488057.09752263315,1.2246467991473532e-16,-1.0
2023-07-01,GU_West_2,West,GU,7,2023,1.48,0.65,1.0,5.587119383867587,148.17258577057387,74.07970104484927,9736.834409864141,3.74040839595944,63.444136220780656,0.694,434897,605929.1556330859,383010.50990153354,-0.4999999999999997,-0.8660254037844388
2023-08-01,GU_West_2,West,GU,8,2023,1.48,0.68,1.0,6.802877847982459,161.69120397592687,72.34386669769191,8984.244694899442,4.684423730017568,65.49811316256759,0.694,484674,434897.45019901055,407991.5199191777,-0.8660254037844385,-0.5000000000000004
2023-09-01,GU_West_2,West,GU,9,2023,1.48,0.82,1.0,5.133844890614835,221.54043678930924,69.84958287233394,8713.381436926706,3.9090384238143008,64.08662083025592,0.694,445352,484673.57362851425,495726.84157909587,-1.0,-1.8369701987210297e-16
2023-10-01,GU_West_2,West,GU,10,2023,1.48,1.02,1.0,4.23236265608252,155.66965232302772,79.80154639521665,8741.495357321082,4.074794750863385,74.43991844166196,0.694,670583,445351.82266360975,623983.9762154183,-0.8660254037844386,0.5000000000000001
2023-11-01,GU_West_2,West,GU,11,2023,1.48,1.1,1.0,6.763522018176259,150.18135749628175,77.4890987309049,9427.615445257654,3.9703554761915383,73.43070791141282,0.694,769197,670582.792945105,818338.0656887017,-0.5000000000000004,0.8660254037844384
2023-12-01,GU_West_2,West,GU,12,2023,1.48,1.15,1.0,6.525479678930985,102.23490781186645,77.08753303403252,8501.408039387466,4.8908864528747324,70.76812723757847,0.694,936788,769197.2921145807,780217.9344279207,-2.4492935982947064e-16,1.0
2024-01-01,GU_West_2,West,GU,1,2024,1.54,1.08,1.0,6.875256152055188,53.83929401520236,84.29559666385884,7936.645900404656,4.634690491947096,66.64878373008986,0.6895,1028349,936787.8123216408,1059111.9805332622,0.49999999999999994,0.8660254037844387
2024-02-01,GU_West_2,West,GU,2,2024,1.54,1.12,1.0,6.021424224647381,39.74321521998509,76.73359597092275,8624.554787427507,4.346191063145897,74.54020746717654,0.6895,1011966,1028348.6999958116,1123678.453235088,0.8660254037844386,0.5000000000000001
2024-03-01,GU_West_2,West,GU,3,2024,1.54,1.15,1.0,7.9083530040766625,38.4904026376848,75.29310737243495,8158.848977555942,3.8136132266037834,62.84748029601783,0.6895,1183818,1011966.31764113,1024424.3267091725,1.0,6.123233995736766e-17
2024-04-01,GU_West_2,West,GU,4,2024,1.54,1.05,1.0,6.372450125495281,40.31223612398001,81.65269574955727,7993.607251869128,4.012144024801274,77.76793056059175,0.6895,987085,1183818.00050161,920028.3806333563,0.8660254037844387,-0.4999999999999998
2024-05-01,GU_West_2,West,GU,5,2024,1.54,0.95,1.0,7.393926950741419,45.353385588635945,81.37981412633029,8011.019995335275,4.61817725476754,66.4614808112898,0.6895,941878,987085.4999044396,805194.2879501882,0.49999999999999994,-0.8660254037844387
2024-06-01,GU_West_2,West,GU,6,2024,1.54,0.72,1.0,9.0,101.5195338410551,75.30607957098174,7563.87561047034,4.6434492697660845,68.15185911263426,0.6895,661987,941878.1196544368,605929.1556330859,1.2246467991473532e-16,-1.0
2024-07-01,GU_West_2,West,GU,7,2024,1.54,0.65,1.0,8.342087895270282,113.7163395217994,81.57856318642142,7641.469057277024,1.7477794949171717,67.48262459802115,0.6895,617920,661987.2502808039,434897.45019901055,-0.4999999999999997,-0.8660254037844388
2024-08-01,GU_West_2,West,GU,8,2024,1.54,0.68,1.0,5.917700976921785,164.07094531807144,79.2993311428013,7939.347924161008,3.6822222625818433,64.9075703436053,0.6895,506531,617920.025701438,484673.57362851425,-0.8660254037844385,-0.5000000000000004
2024-09-01,GU_West_2,West,GU,9,2024,1.54,0.82,1.0,6.030838286565058,209.55425057564946,78.07873582078726,8149.25254052175,3.7205929668484115,76.90045249574769,0.6895,596270,506531.10588790843,445351.82266360975,-1.0,-1.8369701987210297e-16
2024-10-01,GU_West_2,West,GU,10,2024,1.54,1.02,1.0,7.742843083072332,179.4593940111126,79.49972887515275,8453.847182283518,4.43540205130093,72.35557852313795,0.6895,830966,596270.3337794609,670582.792945105,-0.8660254037844386,0.5000000000000001
2024-11-01,GU_West_2,West,GU,11,2024,1.54,1.1,1.0,5.910275353308996,167.34777890629556,73.17541428724459,8068.831954699714,3.8465833458314034,74.06188216831916,0.6895,829370,830965.8055492735,769197.2921145807,-0.5000000000000004,0.8660254037844384
2024-12-01,GU_West_2,West,GU,12,2024,1.54,1.15,1.0,5.158589594298677,93.4088660718993,78.72587732982419,8635.928056061979,4.4753467047594295,64.30532291175692,0.6895,952541,829370.4710387108,936787.8123216408,-2.4492935982947064e-16,1.0
2025-01-01,GU_West_2,West,GU,1,2025,1.6,1.08,1.0,8.638846413556069,66.53970339691757,82.88711629154739,9722.33910684374,2.637071383175558,70.72375130801599,0.6849999999999999,1103628,952541.3248343444,1028348.6999958116,0.49999999999999994,0.8660254037844387
2025-02-01,GU_West_2,West,GU,2,2025,1.6,1.12,1.0,8.38512290518504,36.35638317798806,86.67130734080843,9357.870245616445,3.7080436123686242,72.08411475732561,0.6849999999999999,1240650,1103628.3710073973,1011966.31764113,0.8660254037844386,0.5000000000000001
2025-03-01,GU_West_2,West,GU,3,2025,1.6,1.15,1.0,8.540717997534959,30.511378430295515,84.52530959046734,9551.2416336246,4.220164522760395,71.08302609419937,0.6849999999999999,1333729,1240649.9927042432,1183818.00050161,1.0,6.123233995736766e-17
2025-04-01,GU_West_2,West,GU,4,2025,1.6,1.05,1.0,8.315642218181484,37.11653388233119,86.91660662103665,8554.17891537481,2.3204937045454814,65.358506195728,0.6849999999999999,1196840,1333729.2277531698,987085.4999044396,0.8660254037844387,-0.4999999999999998
2025-05-01,GU_West_2,West,GU,5,2025,1.6,0.95,1.0,7.921627145993126,54.67142571403804,77.35138196578995,8482.860479389825,5.510914774567123,74.30200008452255,0.6849999999999999,927679,1196840.0867365997,941878.1196544368,0.49999999999999994,-0.8660254037844387
2025-06-01,GU_West_2,West,GU,6,2025,1.6,0.72,1.0,7.205373742788007,122.89760636756951,82.48270533228686,9233.088019330027,4.452708746293215,70.48620033114062,0.6849999999999999,638258,927679.352153452,661987.2502808039,1.2246467991473532e-16,-1.0
2025-07-01,GU_West_2,West,GU,7,2025,1.6,0.65,1.0,8.619361959305532,93.32400998146099,86.66799115471433,8396.455584659281,3.5010826419725136,66.18014385742799,0.6849999999999999,664624,638258.2895787066,617920.025701438,-0.4999999999999997,-0.8660254037844388
2025-08-01,GU_West_2,West,GU,8,2025,1.6,0.68,1.0,9.0,193.9559187032477,84.07340610828054,8869.332670192283,2.8372735142089853,62.578997841789345,0.6849999999999999,596541,664623.8866760397,506531.10588790843,-0.8660254037844385,-0.5000000000000004
2025-09-01,GU_West_2,West,GU,9,2025,1.6,0.82,1.0,7.398525191067855,201.77450258546588,87.5363815989231,9347.036357397836,3.359931879781035,72.42666605395952,0.6849999999999999,630872,596541.306316935,596270.3337794609,-1.0,-1.8369701987210297e-16
2025-10-01,GU_West_2,West,GU,10,2025,1.6,1.02,1.0,6.775111747750042,172.9514535587906,79.58619127183233,9636.017816107797,3.5670418876890726,79.80182293652601,0.6849999999999999,817817,630871.7706450036,830965.8055492735,-0.8660254037844386,0.5000000000000001
2025-11-01,GU_West_2,West,GU,11,2025,1.6,1.1,1.0,6.637856696706513,113.264051730881,87.19333251906842,8885.602957369823,3.852530045449638,65.93898290661487,0.6849999999999999,1091405,817817.1067904569,829370.4710387108,-0.5000000000000004,0.8660254037844384
2025-12-01,GU_West_2,West,GU,12,2025,1.6,1.15,1.0,6.959923719999539,77.79272079491895,83.08258234664488,8707.525067110992,4.700528679568025,70.68178820165187,0.6849999999999999,1103984,1091405.406523382,952541.3248343444,-2.4492935982947064e-16,1.0
2015-01-01,GU_West_3,West,GU,1,2015,1.0,1.08,1.0,8.806444327527856,69.91861557475802,44.0608363286403,5976.415661751238,8.305506862945796,66.71489634634248,0.73,413513,,,0.49999999999999994,0.8660254037844387
2015-02-01,GU_West_3,West,GU,2,2015,1.0,1.12,1.0,6.521145573172224,46.392125277814614,40.00091489278687,5527.181240421612,6.663426180830137,63.95047070093519,0.73,454467,413512.9361825493,,0.8660254037844386,0.5000000000000001
2015-03-01,GU_West_3,West,GU,3,2015,1.0,1.15,1.0,4.626388420280134,36.01908034541118,40.182208376743915,5155.740795192704,6.739323732432744,59.05787733636967,0.73,398732,454467.26546449104,,1.0,6.123233995736766e-17
2015-04-01,GU_West_3,West,GU,4,2015,1.0,1.05,1.0,6.162508512395996,52.0619810862325,37.69736049630954,5113.335536622198,7.241390192490008,65.9896837524974,0.73,390487,398731.99618428585,,0.8660254037844387,-0.4999999999999998
2015-05-01,GU_West_3,West,GU,5,2015,1.0,0.95,1.0,6.575187373922956,62.708239567812,38.3720173030778,5588.906523630122,8.047594419757516,61.16602947591888,0.73,338844,390486.6510238645,,0.49999999999999994,-0.8660254037844387
2015-06-01,GU_West_3,West,GU,6,2015,1.0,0.72,1.0,7.038761066684256,113.20369458490195,38.774989958062946,5412.00377389004,6.491993681878196,60.676705909103184,0.73,221505,338844.3824368249,,1.2246467991473532e-16,-1.0
2015-07-01,GU_West_3,West,GU,7,2015,1.0,0.65,1.0,6.191083371066984,157.97929657658435,44.32882020351379,4711.3161255115665,7.014138471665842,65.57201747279885,0.73,230433,221505.10042348976,,-0.4999999999999997,-0.8660254037844388
2015-08-01,GU_West_3,West,GU,8,2015,1.0,0.68,1.0,5.286115669154731,190.21974708160982,39.78438764256768,5045.57256375605,7.025805016470442,61.64467143662035,0.73,191489,230433.4692457314,,-0.8660254037844385,-0.5000000000000004
2015-09-01,GU_West_3,West,GU,9,2015,1.0,0.82,1.0,5.18602325826526,112.38604246229173,36.03348113007998,5363.898068648292,8.253399084291496,63.55583414416116,0.73,259184,191488.6175098956,,-1.0,-1.8369701987210297e-16
2015-10-01,GU_West_3,West,GU,10,2015,1.0,1.02,1.0,5.715680857781995,146.42716133530888,40.76606302633601,5834.455396144355,7.92260860853155,64.6477583362832,0.73,310259,259184.4862383609,,-0.8660254037844386,0.5000000000000001
2015-11-01,GU_West_3,West,GU,11,2015,1.0,1.1,1.0,5.830669564977485,115.20891932544114,42.478870373866826,5499.9464281997,8.222974688839937,58.868227682910465,0.73,386613,310258.89206381614,,-0.5000000000000004,0.8660254037844384
2015-12-01,GU_West_3,West,GU,12,2015,1.0,1.15,1.0,5.138031002120892,104.28870076923151,39.92376589203521,5474.750782247402,8.570942379386443,63.539402258728806,0.73,333602,386613.4018456714,,-2.4492935982947064e-16,1.0
2016-01-01,GU_West_3,West,GU,1,2016,1.06,1.08,1.0,6.681284378455382,47.436491760954425,48.90764031918097,6035.889317848558,6.855479923928735,68.19789242104649,0.7255,485202,333602.13065041625,413512.9361825493,0.49999999999999994,0.8660254037844387
2016-02-01,GU_West_3,West,GU,2,2016,1.06,1.12,1.0,8.352010401107046,29.88216849043338,46.832526001797696,6490.424736027994,6.150075076117054,58.974131425041556,0.7255,504535,485201.8662717905,454467.26546449104,0.8660254037844386,0.5000000000000001
2016-03-01,GU_West_3,West,GU,3,2016,1.06,1.15,1.0,9.0,45.06748445856893,41.352613810336436,7073.595462350744,6.155229105722384,64.59963555532491,0.7255,488485,504534.9665339788,398731.99618428585,1.0,6.123233995736766e-17
2016-04-01,GU_West_3,West,GU,4,2016,1.06,1.05,1.0,8.467214228424977,47.10458622386924,42.845701562810795,6550.008800741401,5.629513947952928,59.48212906167885,0.7255,473726,488485.1279483776,390486.6510238645,0.8660254037844387,-0.4999999999999998
2016-05-01,GU_West_3,West,GU,5,2016,1.06,0.95,1.0,9.0,69.23429428062788,45.178678844273826,5801.708888333213,6.732986536267045,66.88559073536159,0.7255,415883,473726.2707943445,338844.3824368249,0.49999999999999994,-0.8660254037844387
2016-06-01,GU_West_3,West,GU,6,2016,1.06,0.72,1.0,8.729602333660258,107.56419151193643,39.50143228592018,5916.814742563011,6.792621908134609,66.84762233499909,0.7255,284839,415882.84554995433,221505.10042348976,1.2246467991473532e-16,-1.0
2016-07-01,GU_West_3,West,GU,7,2016,1.06,0.65,1.0,8.560416565857834,138.98535484448325,45.50907021241184,6744.954994750469,7.730042725444038,61.382710639003605,0.7255,241830,284839.077628912,230433.4692457314,-0.4999999999999997,-0.8660254037844388
2016-08-01,GU_West_3,West,GU,8,2016,1.06,0.68,1.0,7.155304656111027,184.95924875413823,39.21525271823606,6379.058036149871,7.113531373741282,71.63851460876344,0.7255,219599,241830.2172027818,191488.6175098956,-0.8660254037844385,-0.5000000000000004
2016-09-01,GU_West_3,West,GU,9,2016,1.06,0.82,1.0,7.729753225844157,153.87267310236854,47.57030036669353,6446.438896453468,6.707737244525915,67.22650123654914,0.7255,337985,219598.71250561345,259184.4862383609,-1.0,-1.8369701987210297e-16
2016-10-01,GU_West_3,West,GU,10,2016,1.06,1.02,1.0,7.055916960832595,165.3933887333132,47.22182105437513,6204.269621243409,7.007201019071531,65.62771594054468,0.7255,395523,337985.0310232993,310258.89206381614,-0.8660254037844386,0.5000000000000001
2016-11-01,GU_West_3,West,GU,11,2016,1.06,1.1,1.0,7.297731576979468,140.63939386592938,46.01434408274521,6706.53549549001,6.268821213028188,65.40244358442455,0.7255,406479,395522.8251480956,386613.4018456714,-0.5000000000000004,0.8660254037844384
2016-12-01,GU_West_3,West,GU,12,2016,1.06,1.15,1.0,7.642460692243724,85.98307323558745,42.47236490694306,6344.587029039643,7.920325256601029,66.7357076368249,0.7255,403715,406478.71838053054,333602.13065041625,-2.4492935982947064e-16,1.0
2017-01-01,GU_West_3,West,GU,1,2017,1.12,1.08,1.0,8.856279381894833,81.02522720244313,49.51060847384062,7368.844373249808,6.071267549752394,59.61743037102336,0.721,545191,403715.33738081896,485201.8662717905,0.49999999999999994,0.8660254037844387
2017-02-01,GU_West_3,West,GU,2,2017,1.12,1.12,1.0,8.507988057818148,40.228285684197196,47.459867537456056,7069.769796779274,5.788054982451284,64.3784303938441,0.721,562578,545190.5730520538,504534.9665339788,0.8660254037844386,0.5000000000000001
2017-03-01,GU_West_3,West,GU,3,2017,1.12,1.15,1.0,7.8058048843827725,39.1888505160254,45.9075541676498,7867.581407191927,7.354305573365976,65.13276154150931,0.721,518647,562578.2500014184,488485.1279483776,1.0,6.123233995736766e-17
2017-04-01,GU_West_3,West,GU,4,2017,1.12,1.05,1.0,8.06664648907,43.85336038553234,47.98377096468577,7353.310566800291,7.159331366691081,61.999455746789764,0.721,506265,518646.8696982766,473726.2707943445,0.8660254037844387,-0.4999999999999998
2017-05-01,GU_West_3,West,GU,5,2017,1.12,0.95,1.0,8.520156409032232,84.66256529057239,51.09479660947629,7726.366472931572,5.321051697152791,65.45918107777587,0.721,502344,506264.91191374895,415882.84554995433,0.49999999999999994,-0.8660254037844387
2017-06-01,GU_West_3,West,GU,6,2017,1.12,0.72,1.0,8.800873325669402,86.06689994562068,49.13144257849528,6915.7041192123725,7.3840013077681785,68.52677720173602,0.721,326844,502344.4894383282,284839.077628912,1.2246467991473532e-16,-1.0
2017-07-01,GU_West_3,West,GU,7,2017,1.12,0.65,1.0,6.177205804091357,113.87092044918683,53.35212977240327,8233.067735298055,6.106725888724755,61.91292364893638,0.721,294041,326844.1283838959,241830.2172027818,-0.4999999999999997,-0.8660254037844388
2017-08-01,GU_West_3,West,GU,8,2017,1.12,0.68,1.0,6.707133243321276,139.0321599379419,51.297341618440825,8027.63864035863,6.400716377948864,63.38230279851478,0.721,287285,294041.22768204316,219598.71250561345,-0.8660254037844385,-0.5000000000000004
2017-09-01,GU_West_3,West,GU,9,2017,1.12,0.82,1.0,9.0,173.39903653811655,50.97607244171686,6593.4113716811635,6.84961608615515,60.31765881658422,0.721,346352,287284.8146695491,337985.0310232993,-1.0,-1.8369701987210297e-16
2017-10-01,GU_West_3,West,GU,10,2017,1.12,1.02,1.0,7.92695651608273,198.09069196947104,44.17322035166319,7091.948459249009,7.169299906093458,56.45204396075683,0.721,372971,346351.9915550704,395522.8251480956,-0.8660254037844386,0.5000000000000001
2017-11-01,GU_West_3,West,GU,11,2017,1.12,1.1,1.0,7.491108087959625,168.4991098105711,48.144524409534164,7667.755798982129,7.056383339750021,66.71572872208205,0.721,466296,372971.36729391856,406478.71838053054,-0.5000000000000004,0.8660254037844384
2017-12-01,GU_West_3,West,GU,12,2017,1.12,1.15,1.0,7.683800632488754,66.65748041329188,45.8068827686974,6858.942427760629,6.660145335275198,63.49706482064301,0.721,518105,466295.909946637,403715.33738081896,-2.4492935982947064e-16,1.0
2018-01-01,GU_West_3,West,GU,1,2018,1.18,1.08,1.0,7.2442138050879565,70.5470130444699,52.95099136112829,6287.962339998872,5.960285336867271,64.59031766861116,0.7165,568624,518104.9751636482,545190.5730520538,0.49999999999999994,0.8660254037844387
2018-02-01,GU_West_3,West,GU,2,2018,1.18,1.12,1.0,8.23018550960907,22.333576670225135,51.42017162823053,6539.163980661928,6.6297765548523575,60.4529055273059,0.7165,678198,568624.433668885,562578.2500014184,0.8660254037844386,0.5000000000000001
2018-03-01,GU_West_3,West,GU,3,2018,1.18,1.15,1.0,6.2310404990029005,38.05466214830368,52.36718514082619,6264.053016581601,6.205289730124617,63.65798588385524,0.7165,654309,678197.7111915936,518646.8696982766,1.0,6.123233995736766e-17
2018-04-01,GU_West_3,West,GU,4,2018,1.18,1.05,1.0,7.590393467575934,50.340960776407734,56.68348819712155,6589.657093564062,7.744283567300739,68.7863751567285,0.7165,613910,654308.9710584027,506264.91191374895,0.8660254037844387,-0.4999999999999998
2018-05-01,GU_West_3,West,GU,5,2018,1.18,0.95,1.0,7.856001447120306,67.5895083981397,54.9257497870175,6035.181219901522,6.769127207975921,64.40328534711784,0.7165,528790,613909.976354461,502344.4894383282,0.49999999999999994,-0.8660254037844387
2018-06-01,GU_West_3,West,GU,6,2018,1.18,0.72,1.0,8.036181671658424,103.28491813566973,56.521343286944905,5337.2979829967135,5.561267500007716,64.51673503222166,0.7165,349120,528789.7131612656,326844.1283838959,1.2246467991473532e-16,-1.0
2018-07-01,GU_West_3,West,GU,7,2018,1.18,0.65,1.0,7.828096967232173,137.5022334159809,48.69795067295205,6789.131567446646,5.917920038901078,65.23011311145369,0.7165,278827,349120.46595833,294041.22768204316,-0.4999999999999997,-0.8660254037844388
2018-08-01,GU_West_3,West,GU,8,2018,1.18,0.68,1.0,8.179747648156654,141.9584304804828,53.67392408984699,6786.296271093507,6.338553741807863,59.45447148637418,0.7165,309702,278827.31416165736,287284.8146695491,-0.8660254037844385,-0.5000000000000004
2018-09-01,GU_West_3,West,GU,9,2018,1.18,0.82,1.0,6.873424790509846,181.00849752569775,56.4001149441898,7473.816166002118,7.3395449720563635,66.89968185640943,0.7165,379767,309702.01154500915,346351.9915550704,-1.0,-1.8369701987210297e-16
2018-10-01,GU_West_3,West,GU,10,2018,1.18,1.02,1.0,6.430496892989875,155.30505190972576,58.01888774466147,5353.945743901927,7.428884007289708,59.37920754033668,0.7165,489223,379766.9119521088,372971.36729391856,-0.8660254037844386,0.5000000000000001
2018-11-01,GU_West_3,West,GU,11,2018,1.18,1.1,1.0,9.0,154.97795086950822,48.85573483092252,6685.054126178436,5.983092223707549,60.6415376748839,0.7165,490695,489222.5208599587,466295.909946637,-0.5000000000000004,0.8660254037844384
2018-12-01,GU_West_3,West,GU,12,2018,1.18,1.15,1.0,7.199142550290738,100.26150790185581,52.44554909151649,5461.272714834845,5.5530926267284455,60.20314092397135,0.7165,583220,490695.1791301802,518104.9751636482,-2.4492935982947064e-16,1.0
2019-01-01,GU_West_3,West,GU,1,2019,1.24,1.08,1.0,6.278654635214519,59.21756431381976,61.10268002201429,8110.421976753744,5.050801887035051,64.49910013347782,0.712,621769,583219.5184266503,568624.433668885,0.49999999999999994,0.8660254037844387
2019-02-01,GU_West_3,West,GU,2,2019,1.24,1.12,1.0,7.313408117261462,33.17854086021035,57.42316506156566,7539.540075163055,6.1019430057726245,63.790189185848575,0.712,765625,621769.1181401013,678197.7111915936,0.8660254037844386,0.5000000000000001
2019-03-01,GU_West_3,West,GU,3,2019,1.24,1.15,1.0,8.415307150633089,24.49326939221587,55.26874697749083,6891.632018545537,7.743027447373995,65.19509984676698,0.712,800664,765625.0469296183,654308.9710584027,1.0,6.123233995736766e-17
2019-04-01,GU_West_3,West,GU,4,2019,1.24,1.05,1.0,5.846566259678365,51.59766787255735,53.350002464511974,7671.100113570497,6.331275283404082,61.57897536089423,0.712,622524,800664.4715825348,613909.976354461,0.8660254037844387,-0.4999999999999998
2019-05-01,GU_West_3,West,GU,5,2019,1.24,0.95,1.0,5.301421678172569,63.330548600838,55.1538953960105,7071.12974652723,4.624869978652795,69.22198128122551,0.712,533944,622524.2133186962,528789.7131612656,0.49999999999999994,-0.8660254037844387
2019-06-01,GU_West_3,West,GU,6,2019,1.24,0.72,1.0,5.009415979050067,107.18018510824922,52.93329499430881,7455.187244797922,5.3191967174032,68.53611027490533,0.712,342452,533943.8561570842,349120.46595833,1.2246467991473532e-16,-1.0
2019-07-01,GU_West_3,West,GU,7,2019,1.24,0.65,1.0,8.41172746580351,172.3778897915882,58.17538137050208,7412.682322293938,5.40086863852407,64.50474594843313,0.712,364428,342451.6425303973,278827.31416165736,-0.4999999999999997,-0.8660254037844388
2019-08-01,GU_West_3,West,GU,8,2019,1.24,0.68,1.0,5.2542716162467595,147.30731213619245,60.68893055733598,8104.875661266134,5.242397983908074,63.28653313364825,0.712,323747,364428.1247584823,309702.01154500915,-0.8660254037844385,-0.5000000000000004
2019-09-01,GU_West_3,West,GU,9,2019,1.24,0.82,1.0,6.46693287618132,153.99932414828058,54.217075723274185,8136.716659538782,5.589684940052624,62.882570026619206,0.712,363449,323747.1618664627,379766.9119521088,-1.0,-1.8369701987210297e-16
2019-10-01,GU_West_3,West,GU,10,2019,1.24,1.02,1.0,5.327258201548437,157.70020720983192,58.77318922363316,7051.230582026773,6.195515888815954,63.959420019957285,0.712,475193,363449.47251192573,489222.5208599587,-0.8660254037844386,0.5000000000000001
2019-11-01,GU_West_3,West,GU,11,2019,1.24,1.1,1.0,4.761972898450035,136.60042708856784,60.5358130883376,7796.147528098067,6.445584935458117,59.5990190849953,0.712,561832,475192.81512459746,490695.1791301802,-0.5000000000000004,0.8660254037844384
2019-12-01,GU_West_3,West,GU,12,2019,1.24,1.15,1.0,6.149149576287577,130.87953565891448,57.99187501945495,7479.678070006485,6.773410792733316,61.36157075115264,0.712,563945,561832.409541269,583219.5184266503,-2.4492935982947064e-16,1.0
2020-01-01,GU_West_3,West,GU,1,2020,1.3,1.08,1.0,4.3139958286107865,83.97137005975995,57.667917115248265,7657.113392874669,5.919362058437742,69.44048156793987,0.7075,580327,563945.1591718824,621769.1181401013,0.49999999999999994,0.8660254037844387
2020-02-01,GU_West_3,West,GU,2,2020,1.3,1.12,1.0,4.609385717712204,47.12518880187458,63.658634663987506,7979.517551860298,3.936679807736927,67.20724994430347,0.7075,645388,580326.5827748651,765625.0469296183,0.8660254037844386,0.5000000000000001
2020-03-01,GU_West_3,West,GU,3,2020,1.3,1.15,1.0,7.846665945121064,41.39201022188403,62.33605916570659,9344.086067847611,4.654156329974949,72.53709794390612,0.7075,813251,645388.4388672456,800664.4715825348,1.0,6.123233995736766e-17
2020-04-01,GU_West_3,West,GU,4,2020,1.3,1.05,0.68,5.949215153227063,41.95781201204563,62.03048605419743,8453.854803524875,5.373524770512647,64.80321939932271,0.7075,425979,813250.743643117,622524.2133186962,0.8660254037844387,-0.4999999999999998
2020-05-01,GU_West_3,West,GU,5,2020,1.3,0.95,0.68,6.557103251684966,71.05147858532249,60.85948826271861,8742.721133810664,5.617823884613983,64.55394709157252,0.7075,379091,425978.91660001845,533943.8561570842,0.49999999999999994,-0.8660254037844387
2020-06-01,GU_West_3,West,GU,6,2020,1.3,0.72,0.68,6.428931303639282,97.38684123855796,62.76036227882212,8197.400382462634,6.189134687901006,64.36840430182541,0.7075,317288,379091.113720651,342451.6425303973,1.2246467991473532e-16,-1.0
2020-07-01,GU_West_3,West,GU,7,2020,1.3,0.65,1.0,5.318306720525349,109.67648499537536,64.02945372534089,8049.846461404076,5.534547340973418,64.72334206712732,0.7075,402713,317287.6670954351,364428.1247584823,-0.4999999999999997,-0.8660254037844388
2020-08-01,GU_West_3,West,GU,8,2020,1.3,0.68,1.0,4.91167779696703,189.9433893223342,69.67194440300754,8305.089351463293,5.5405658030909395,63.36018394741361,0.7075,367921,402713.18071279954,323747.1618664627,-0.8660254037844385,-0.5000000000000004
2020-09-01,GU_West_3,West,GU,9,2020,1.3,0.82,1.0,5.738061362453519,183.55831771674144,62.83699620516161,8173.073498166982,5.690237890511248,67.0839528587488,0.7075,423056,367921.27416545217,363449.47251192573,-1.0,-1.8369701987210297e-16
2020-10-01,GU_West_3,West,GU,10,2020,1.3,1.02,1.0,5.641480752139172,161.32590288934296,67.03342348003802,7620.85650406356,5.295982608975039,66.11641626859364,0.7075,555396,423056.3721975124,475192.81512459746,-0.8660254037844386,0.5000000000000001
2020-11-01,GU_West_3,West,GU,11,2020,1.3,1.1,1.0,4.75677332762181,135.94965587403163,63.57326525028063,7841.323867173465,5.569508111902249,63.96034199264691,0.7075,570920,555395.5923257637,561832.409541269,-0.5000000000000004,0.8660254037844384
2020-12-01,GU_West_3,West,GU,12,2020,1.3,1.15,1.0,5.5951572247804116,78.95491247513044,62.20141501705674,8611.368354513283,6.400665743209401,71.00459565207561,0.7075,677597,570920.0056354402,563945.1591718824,-2.4492935982947064e-16,1.0
2021-01-01,GU_West_3,West,GU,1,2021,1.3599999999999999,1.08,1.0,4.152404351964449,58.02975160184231,67.44564258313387,7015.868866876383,5.032871280972797,74.38633168994522,0.703,671598,677596.5242192287,580326.5827748651,0.49999999999999994,0.8660254037844387
2021-02-01,GU_West_3,West,GU,2,2021,1.3599999999999999,1.12,1.0,4.794250483230992,45.28402075961229,63.33479089092247,7198.746873885027,5.075829818572573,71.4663088222936,0.703,764230,671597.7492230253,645388.4388672456,0.8660254037844386,0.5000000000000001
2021-03-01,GU_West_3,West,GU,3,2021,1.3599999999999999,1.15,1.0,4.597659830579196,31.301525396900022,67.91758081225612,7292.895049696213,5.073131676186248,69.03249605233357,0.703,836019,764230.2059662817,813250.743643117,1.0,6.123233995736766e-17
2021-04-01,GU_West_3,West,GU,4,2021,1.3599999999999999,1.05,1.0,3.477352888873065,41.70242226121163,61.02380480553588,7328.052198940893,6.138219051032935,69.8470789050551,0.703,621081,836018.5130644655,425978.91660001845,0.8660254037844387,-0.4999999999999998
2021-05-01,GU_West_3,West,GU,5,2021,1.3599999999999999,0.95,1.0,2.178610144265396,66.93250813925317,64.4120009263344,7703.140254564385,4.213557338536446,74.22566207130534,0.703,606747,621081.2658027253,379091.113720651,0.49999999999999994,-0.8660254037844387
2021-06-01,GU_West_3,West,GU,6,2021,1.3599999999999999,0.72,1.0,3.873124100072361,91.5582278340382,67.32952927940143,6692.76656019163,6.520677515832956,69.8412772630377,0.703,471687,606747.3507222342,317287.6670954351,1.2246467991473532e-16,-1.0
2021-07-01,GU_West_3,West,GU,7,2021,1.3599999999999999,0.65,1.0,7.1649255975035615,116.25446627150937,70.58194681953654,7443.7934025671,4.158894516387589,64.45925658960286,0.703,474252,471686.5938928643,402713.18071279954,-0.4999999999999997,-0.8660254037844388
2021-08-01,GU_West_3,West,GU,8,2021,1.3599999999999999,0.68,1.0,4.628381861555926,121.97796048683952,71.29187319099518,7526.94218405631,4.576623790937792,68.36909010660219,0.703,423455,474252.3562882953,367921.27416545217,-0.8660254037844385,-0.5000000000000004
2021-09-01,GU_West_3,West,GU,9,2021,1.3599999999999999,0.82,1.0,5.9311617930756855,166.26378388520573,66.2903602610772,7630.812977523146,5.695790615772255,69.30497706425326,0.703,477318,423455.43979866523,423056.3721975124,-1.0,-1.8369701987210297e-16
2021-10-01,GU_West_3,West,GU,10,2021,1.3599999999999999,1.02,1.0,2.45066582828797,175.81889155151197,67.46715195859132,6551.366757235776,5.924253356378937,62.821130903856314,0.703,545377,477317.5867980893,555395.5923257637,-0.8660254037844386,0.5000000000000001
2021-11-01,GU_West_3,West,GU,11,2021,1.3599999999999999,1.1,1.0,3.7900567184428064,102.46986349871301,69.95308740874609,7301.848325228618,3.977200786401209,65.66027672542728,0.703,703199,545377.2168764456,570920.0056354402,-0.5000000000000004,0.8660254037844384
2021-12-01,GU_West_3,West,GU,12,2021,1.3599999999999999,1.15,1.0,3.3746124591651796,101.63206827597267,63.011519283421244,7959.4138528518015,4.2258385094023305,71.20156729622187,0.703,709415,703198.5695224085,677596.5242192287,-2.4492935982947064e-16,1.0
2022-01-01,GU_West_3,West,GU,1,2022,1.42,1.08,1.0,5.196579816115642,70.86766117745391,72.71424251594651,8115.395766379172,4.9222742475774774,60.30602905980165,0.6985,805033,709414.9332967283,671597.7492230253,0.49999999999999994,0.8660254037844387
2022-02-01,GU_West_3,West,GU,2,2022,1.42,1.12,1.0,8.345686404862471,36.711110406512596,69.01632139790257,8377.572615883582,6.575535510211036,62.59828581983762,0.6985,928155,805033.4614349403,764230.2059662817,0.8660254037844386,0.5000000000000001
2022-03-01,GU_West_3,West,GU,3,2022,1.42,1.15,1.0,5.991626560093681,41.25292323889525,70.98452486596985,8511.178017562985,5.697010224798944,66.89437178548668,0.6985,948516,928155.0553585867,836018.5130644655,1.0,6.123233995736766e-17
2022-04-01,GU_West_3,West,GU,4,2022,1.42,1.05,1.0,7.474074868153883,40.61602834018752,70.12293024851705,7698.538570020434,4.501522360294551,69.0147183820228,0.6985,822506,948515.5182677618,621081.2658027253,0.8660254037844387,-0.4999999999999998
2022-05-01,GU_West_3,West,GU,5,2022,1.42,0.95,1.0,5.134015754997383,66.96715117774359,72.80607438114444,8985.22112804964,2.7646966895393943,62.16947022020437,0.6985,746840,822505.9567526022,606747.3507222342,0.49999999999999994,-0.8660254037844387
2022-06-01,GU_West_3,West,GU,6,2022,1.42,0.72,1.0,7.077183076846265,99.53257664085092,73.15091102202727,8384.775358635658,4.7653141875369265,67.09284299333623,0.6985,512081,746840.0478855636,471686.5938928643,1.2246467991473532e-16,-1.0
2022-07-01,GU_West_3,West,GU,7,2022,1.42,0.65,1.0,7.927247876239647,99.87620177914245,74.1732360321922,8393.776266386694,4.989837442917242,72.21507415635426,0.6985,536298,512080.8098393076,474252.3562882953,-0.4999999999999997,-0.8660254037844388
2022-08-01,GU_West_3,West,GU,8,2022,1.42,0.68,1.0,5.308096948527629,185.234404340133,72.54459648539334,7412.087679894911,4.393843887133756,67.87460582829713,0.6985,407565,536298.3234034472,423455.43979866523,-0.8660254037844385,-0.5000000000000004
2022-09-01,GU_West_3,West,GU,9,2022,1.42,0.82,1.0,4.792222174747341,145.63427140530945,72.0149613099067,8517.545159195643,4.019420807562723,71.35635577452452,0.6985,538481,407564.684583277,477317.5867980893,-1.0,-1.8369701987210297e-16
2022-10-01,GU_West_3,West,GU,10,2022,1.42,1.02,1.0,3.8579667038319956,155.181669268087,77.0620714013158,8387.884653620264,4.8273322082571095,65.23154351465998,0.6985,690006,538481.301666496,545377.2168764456,-0.8660254037844386,0.5000000000000001
2022-11-01,GU_West_3,West,GU,11,2022,1.42,1.1,1.0,5.068467517927815,148.19228442607113,66.92692278940847,8890.88609747458,3.9461910448848307,64.36033257284326,0.6985,667424,690005.6160199349,703198.5695224085,-0.5000000000000004,0.8660254037844384
2022-12-01,GU_West_3,West,GU,12,2022,1.42,1.15,1.0,5.537615838461129,124.3518224200114,76.58682958038771,8019.930653562693,6.197958928646979,70.99549532114018,0.6985,779258,667424.2387439376,709414.9332967283,-2.4492935982947064e-16,1.0
2023-01-01,GU_West_3,West,GU,1,2023,1.48,1.08,1.0,8.937144340818978,56.98469072465224,75.13053427339482,8688.374074708217,5.513395838027053,69.87706213862477,0.694,958499,779257.9760068072,805033.4614349403,0.49999999999999994,0.8660254037844387
2023-02-01,GU_West_3,West,GU,2,2023,1.48,1.12,1.0,4.946031231084696,40.22306818353832,77.71267475910491,8825.812775379065,4.8263301052742085,63.65761596890217,0.694,925606,958498.934902736,928155.0553585867,0.8660254037844386,0.5000000000000001
2023-03-01,GU_West_3,West,GU,3,2023,1.48,1.15,1.0,6.571594272436374,41.05033501303648,75.02302095821919,8905.580117274232,4.371768455295453,65.19663633534886,0.694,909986,925605.5581137511,948515.5182677618,1.0,6.123233995736766e-17
2023-04-01,GU_West_3,West,GU,4,2023,1.48,1.05,1.0,4.32283025433246,46.10889730026485,73.89237511134512,8629.339389868397,3.771868730709152,74.65832496422966,0.694,891780,909986.4838479352,822505.9567526022,0.8660254037844387,-0.4999999999999998
2023-05-01,GU_West_3,West,GU,5,2023,1.48,0.95,1.0,5.9878846053937185,74.84594786232641,77.45373157838269,9713.392333722213,4.283370252887279,64.70177912212274,0.694,789641,891780.1240155968,746840.0478855636,0.49999999999999994,-0.8660254037844387
2023-06-01,GU_West_3,West,GU,6,2023,1.48,0.72,1.0,6.8736744288944225,85.91768444262463,79.12638492584333,9730.284361346767,5.611437708165821,72.137314986904,0.694,574203,789640.9754029571,512080.8098393076,1.2246467991473532e-16,-1.0
2023-07-01,GU_West_3,West,GU,7,2023,1.48,0.65,1.0,7.1150997832262695,128.26412558949824,77.41902386490221,9044.714057514491,4.994923246749303,66.48725321106521,0.694,553564,574203.036285791,536298.3234034472,-0.4999999999999997,-0.8660254037844388
2023-08-01,GU_West_3,West,GU,8,2023,1.48,0.68,1.0,7.206827695570306,156.83927791133593,74.37365263995136,8956.078358089628,4.462953822781167,68.38729657293148,0.694,475368,553563.7267256421,407564.684583277,-0.8660254037844385,-0.5000000000000004
2023-09-01,GU_West_3,West,GU,9,2023,1.48,0.82,1.0,6.976884839464215,148.12368368775415,86.83405018844701,8315.853462033825,5.039179467334076,69.5783704837735,0.694,702655,475368.1510690177,538481.301666496,-1.0,-1.8369701987210297e-16
2023-10-01,GU_West_3,West,GU,10,2023,1.48,1.02,1.0,7.196506328115489,120.47656985488916,79.59572101259876,9446.002887914137,4.736488530704662,59.99607515800161,0.694,794517,702654.5444287367,690005.6160199349,-0.8660254037844386,0.5000000000000001
2023-11-01,GU_West_3,West,GU,11,2023,1.48,1.1,1.0,6.554886954803196,125.58582940122264,78.80002691262176,9876.868371999146,4.617022031909498,62.54913065829081,0.694,761510,794517.3642017432,667424.2387439376,-0.5000000000000004,0.8660254037844384
2023-12-01,GU_West_3,West,GU,12,2023,1.48,1.15,1.0,5.242560432813234,122.7206094536418,74.9411073077734,8846.082700260715,5.0844506071932285,68.74533207514865,0.694,773530,761509.5722190974,779257.9760068072,-2.4492935982947064e-16,1.0
2024-01-01,GU_West_3,West,GU,1,2024,1.54,1.08,1.0,5.338671815363753,68.60356934871706,78.62450263513288,7974.626640373189,4.313622115859806,66.30276974486448,0.6895,930911,773530.400503062,958498.934902736,0.49999999999999994,0.8660254037844387
2024-02-01,GU_West_3,West,GU,2,2024,1.54,1.12,1.0,6.904634785695161,51.9971809182152,79.66048277247118,8222.610834564646,4.586841176082703,73.1863251810985,0.6895,1139772,930910.7420465001,925605.5581137511,0.8660254037844386,0.5000000000000001
2024-03-01,GU_West_3,West,GU,3,2024,1.54,1.15,1.0,7.399121652103945,34.913006662570545,83.74421963317745,8803.167939247025,4.029109639707607,62.77551647652751,0.6895,1233197,1139771.8296614913,909986.4838479352,1.0,6.123233995736766e-17
2024-04-01,GU_West_3,West,GU,4,2024,1.54,1.05,1.0,9.0,38.16525874695601,77.52818698877252,8117.078976798361,3.6966993414479172,71.46102022503194,0.6895,1103940,1233197.436609989,891780.1240155968,0.8660254037844387,-0.4999999999999998
2024-05-01,GU_West_3,West,GU,5,2024,1.54,0.95,1.0,7.439938161592397,81.03171393496356,77.29538850563705,8115.123139184501,3.461469696847881,63.695115118382695,0.6895,773182,1103940.2605380183,789640.9754029571,0.49999999999999994,-0.8660254037844387
2024-06-01,GU_West_3,West,GU,6,2024,1.54,0.72,1.0,7.32477733071979,105.24858995221886,82.11864260008305,8107.873002494479,3.366152315623233,67.79158002342228,0.6895,707999,773181.6535745165,574203.036285791,1.2246467991473532e-16,-1.0
2024-07-01,GU_West_3,West,GU,7,2024,1.54,0.65,1.0,8.023292723989957,155.6215121815189,81.45758933392636,7385.915048865915,2.615863646046774,64.94248894304815,0.6895,567783,707999.0752478662,553563.7267256421,-0.4999999999999997,-0.8660254037844388
2024-08-01,GU_West_3,West,GU,8,2024,1.54,0.68,1.0,7.236645786838379,135.10727321435343,78.18905938632732,7376.123882749129,3.1704480425506683,76.8097195218848,0.6895,568807,567783.1315884688,475368.1510690177,-0.8660254037844385,-0.5000000000000004
2024-09-01,GU_West_3,West,GU,9,2024,1.54,0.82,1.0,8.533310570516146,196.48828538516983,77.22638926475433,7663.581850870875,3.147317176334255,63.84203134811986,0.6895,675617,568806.5464525464,702654.5444287367,-1.0,-1.8369701987210297e-16
2024-10-01,GU_West_3,West,GU,10,2024,1.54,1.02,1.0,9.0,186.68572309099912,84.81369098010529,8482.980435289386,3.494123843212771,68.7117612185239,0.6895,934956,675616.9595088708,794517.3642017432,-0.8660254037844386,0.5000000000000001
2024-11-01,GU_West_3,West,GU,11,2024,1.54,1.1,1.0,9.0,141.91124974487332,81.57101327589868,7876.268995226871,5.149795368510633,62.2926554079194,0.6895,1061590,934956.0966285892,761509.5722190974,-0.5000000000000004,0.8660254037844384
2024-12-01,GU_West_3,West,GU,12,2024,1.54,1.15,1.0,7.677108924473208,89.65409208711034,76.4093924088159,7788.857855011536,3.773950435556978,75.59828048828236,0.6895,1025248,1061589.8404935258,773530.400503062,-2.4492935982947064e-16,1.0
2025-01-01,GU_West_3,West,GU,1,2025,1.6,1.08,1.0,8.404270837634538,67.53070994713136,81.11912339175312,8753.771428134756,3.693413511907448,71.60512966470883,0.6849999999999999,1059244,1025248.3823024901,930910.7420465001,0.49999999999999994,0.8660254037844387
2025-02-01,GU_West_3,West,GU,2,2025,1.6,1.12,1.0,9.0,47.0632117367114,83.9154640826486,8938.054404686747,3.7186557156095414,70.54789235839468,0.6849999999999999,1331330,1059244.4575235872,1139771.8296614913,0.8660254037844386,0.5000000000000001
2025-03-01,GU_West_3,West,GU,3,2025,1.6,1.15,1.0,7.820045572524474,35.19630710167632,87.1985254209929,9765.94857034519,4.770064730273893,75.8972517571669,0.6849999999999999,1202629,1331329.7846797754,1233197.436609989,1.0,6.123233995736766e-17
2025-04-01,GU_West_3,West,GU,4,2025,1.6,1.05,1.0,8.815030570309014,46.997198641735125,86.78502640632485,8931.961176435747,3.039531636923767,70.58968976569045,0.6849999999999999,1341439,1202628.8099461335,1103940.2605380183,0.8660254037844387,-0.4999999999999998
2025-05-01,GU_West_3,West,GU,5,2025,1.6,0.95,1.0,6.63780784437701,78.32490825805964,88.39503561100365,8646.166167580766,3.3219823357935505,70.87828542456431,0.6849999999999999,984469,1341438.9842964662,773181.6535745165,0.49999999999999994,-0.8660254037844387
2025-06-01,GU_West_3,West,GU,6,2025,1.6,0.72,1.0,7.626993022070002,92.0787662034096,80.52895057761761,9011.360533086186,3.4150405025806534,70.5269011522606,0.6849999999999999,649506,984469.0911444207,707999.0752478662,1.2246467991473532e-16,-1.0
2025-07-01,GU_West_3,West,GU,7,2025,1.6,0.65,1.0,9.0,112.43645733241317,85.67154006933897,9789.787622592145,4.409227884619814,72.25453730177247,0.6849999999999999,610093,649505.7660105453,567783.1315884688,-0.4999999999999997,-0.8660254037844388
2025-08-01,GU_West_3,West,GU,8,2025,1.6,0.68,1.0,7.138165239454852,159.98378632906352,89.27773099696408,8773.728876478426,4.575284555003564,68.03023446431494,0.6849999999999999,578416,610092.9542996183,568806.5464525464,-0.8660254037844385,-0.5000000000000004
2025-09-01,GU_West_3,West,GU,9,2025,1.6,0.82,1.0,7.846338585524387,161.59154944881837,88.99840519142829,8468.547746205528,3.8796670557551556,69.14285077054667,0.6849999999999999,773639,578415.9693506692,675616.9595088708,-1.0,-1.8369701987210297e-16
2025-10-01,GU_West_3,West,GU,10,2025,1.6,1.02,1.0,6.110948425277456,179.85491974274527,86.07672994423805,8774.553928620764,4.486327499249504,73.24133851382979,0.6849999999999999,841337,773639.3111395893,934956.0966285892,-0.8660254037844386,0.5000000000000001
2025-11-01,GU_West_3,West,GU,11,2025,1.6,1.1,1.0,9.0,114.08023285096031,92.04405552596162,9057.943681356248,3.6421287971751912,71.10949180623153,0.6849999999999999,1108028,841337.0443132271,1061589.8404935258,-0.5000000000000004,0.8660254037844384
2025-12-01,GU_West_3,West,GU,12,2025,1.6,1.15,1.0,9.0,117.61184267491852,86.82785534924759,9309.708427870855,3.361917401906542,69.5430243435915,0.6849999999999999,1146348,1108027.6755749283,1025248.3823024901,-2.4492935982947064e-16,1.0
2015-01-01,IU_Central_1,Central,IU,1,2015,1.0,1.08,1.0,4.858477536690389,75.0335873003155,43.104004305258805,5418.067428153802,8.573967911525369,64.75802731331623,0.73,444373,,,0.49999999999999994,0.8660254037844387
2015-02-01,IU_Central_1,Central,IU,2,2015,1.0,1.12,1.0,7.207162167133007,43.833171013253484,42.36086369228409,5636.187845916088,8.436797194563413,68.5447252042284,0.73,519169,444373.320752469,,0.8660254037844386,0.5000000000000001
2015-03-01,IU_Central_1,Central,IU,3,2015,1.0,1.15,1.0,6.434488080664743,45.524502808983215,36.12137880338641,4933.650082785416,6.5317687086156955,72.64527460703134,0.73,456947,519169.3294802273,,1.0,6.123233995736766e-17
2015-04-01,IU_Central_1,Central,IU,4,2015,1.0,1.05,1.0,6.045916992899063,54.62119720588532,39.49080853814343,6402.746175190858,8.004532327910137,59.04148380612565,0.73,443151,456947.31275403977,,0.8660254037844387,-0.4999999999999998
2015-05-01,IU_Central_1,Central,IU,5,2015,1.0,0.95,1.0,4.954267123918967,66.17066638269358,46.36996153984306,5123.866977790432,7.4655680542107286,54.71649779272772,0.73,411167,443151.26568757993,,0.49999999999999994,-0.8660254037844387
2015-06-01,IU_Central_1,Central,IU,6,2015,1.0,0.72,1.0,6.139813279732682,106.96401635104327,38.48694743817923,5392.9242437392395,7.014734384704749,64.23678573631337,0.73,276828,411167.2606068357,,1.2246467991473532e-16,-1.0
2015-07-01,IU_Central_1,Central,IU,7,2015,1.0,0.65,1.0,6.002326542384408,150.86326178520102,37.97613842692993,5551.723596140746,5.989104648225824,68.44193894129282,0.73,230485,276828.0672589392,,-0.4999999999999997,-0.8660254037844388
2015-08-01,IU_Central_1,Central,IU,8,2015,1.0,0.68,1.0,6.881272041451516,187.2262832877283,40.511726744431066,5458.8317872960015,6.691349063106147,65.2547598681629,0.73,234455,230484.75392865282,,-0.8660254037844385,-0.5000000000000004
2015-09-01,IU_Central_1,Central,IU,9,2015,1.0,0.82,1.0,6.7004215737403525,230.1913482441134,38.594440212219844,5211.586699940606,8.066489712147671,68.42538815812125,0.73,233859,234454.67945113746,,-1.0,-1.8369701987210297e-16
2015-10-01,IU_Central_1,Central,IU,10,2015,1.0,1.02,1.0,7.450472122495211,208.89493469801707,37.61888626149329,6134.632250397243,8.151073015408446,61.09805331759152,0.73,310822,233859.02664915254,,-0.8660254037844386,0.5000000000000001
2015-11-01,IU_Central_1,Central,IU,11,2015,1.0,1.1,1.0,5.918508147793926,161.23340725539617,38.55014981710724,5934.805354542359,7.331431615539063,59.561702240907486,0.73,380485,310821.76322928595,,-0.5000000000000004,0.8660254037844384
2015-12-01,IU_Central_1,Central,IU,12,2015,1.0,1.15,1.0,4.267506197364207,115.30832070189142,44.296029014105876,5652.1009189191955,8.153588114514628,62.46174362960525,0.73,389595,380485.21828116867,,-2.4492935982947064e-16,1.0
2016-01-01,IU_Central_1,Central,IU,1,2016,1.06,1.08,1.0,8.74997162369747,58.71975158471034,44.09014392556728,6300.201124801512,7.85620806231531,61.477787250532444,0.7255,528775,389595.22418775357,444373.320752469,0.49999999999999994,0.8660254037844387
2016-02-01,IU_Central_1,Central,IU,2,2016,1.06,1.12,1.0,6.437421156122005,60.54709177726166,40.51577490173587,6958.924142330062,7.223711966901077,65.45237608536138,0.7255,470716,528775.0827455106,519169.3294802273,0.8660254037844386,0.5000000000000001
2016-03-01,IU_Central_1,Central,IU,3,2016,1.06,1.15,1.0,6.232359708161514,37.31742041280606,39.96476038573551,6270.989115250146,6.522133100919836,66.67907111201396,0.7255,485702,470715.5775249188,456947.31275403977,1.0,6.123233995736766e-17
2016-04-01,IU_Central_1,Central,IU,4,2016,1.06,1.05,1.0,7.508920317643319,62.546718260492234,51.12041479616341,7186.676328152067,7.452843290252515,66.99233465828755,0.7255,581303,485701.7810487411,443151.26568757993,0.8660254037844387,-0.4999999999999998
2016-05-01,IU_Central_1,Central,IU,5,2016,1.06,0.95,1.0,7.923384787325241,82.35331150558203,43.8299968916977,6530.049411967592,7.48958776612709,64.84237068321755,0.7255,448951,581302.6264303371,411167.2606068357,0.49999999999999994,-0.8660254037844387
2016-06-01,IU_Central_1,Central,IU,6,2016,1.06,0.72,1.0,6.923656484922201,156.455115755186,45.80373550289625,7033.401687137772,7.639155512280247,63.78328930670119,0.7255,278216,448951.31648213643,276828.0672589392,1.2246467991473532e-16,-1.0
2016-07-01,IU_Central_1,Central,IU,7,2016,1.06,0.65,1.0,6.914228954018069,174.55171680079158,42.18586832098117,6428.780853217438,7.792322616001791,65.97770675700339,0.7255,247602,278215.99875141424,230484.75392865282,-0.4999999999999997,-0.8660254037844388
2016-08-01,IU_Central_1,Central,IU,8,2016,1.06,0.68,1.0,7.091428590461155,148.6236943885156,45.46295790781425,6512.189931918475,6.010268342463022,54.94803236938911,0.7255,277078,247602.12983847043,234454.67945113746,-0.8660254037844385,-0.5000000000000004
2016-09-01,IU_Central_1,Central,IU,9,2016,1.06,0.82,1.0,9.0,181.56753559216364,48.87798895480459,7031.4394776564495,6.692056603707406,63.64228300933576,0.7255,337921,277078.0946477554,233859.02664915254,-1.0,-1.8369701987210297e-16
2016-10-01,IU_Central_1,Central,IU,10,2016,1.06,1.02,1.0,7.557446466710062,184.4799009393397,42.54321044876873,7467.26631831205,5.581102923449744,63.0099122286818,0.7255,359422,337921.3471124024,310821.76322928595,-0.8660254037844386,0.5000000000000001
2016-11-01,IU_Central_1,Central,IU,11,2016,1.06,1.1,1.0,6.399104764425665,139.02921070940022,45.87576033984575,7182.165067877247,7.697596830684278,63.65232158388621,0.7255,458466,359422.18907538184,380485.21828116867,-0.5000000000000004,0.8660254037844384
2016-12-01,IU_Central_1,Central,IU,12,2016,1.06,1.15,1.0,6.41132014349626,113.21290529072321,40.28276117232883,6874.710578720083,6.930150841615666,62.44950581498307,0.7255,469329,458465.96221560653,389595.22418775357,-2.4492935982947064e-16,1.0
2017-01-01,IU_Central_1,Central,IU,1,2017,1.12,1.08,1.0,7.698938984501157,63.596730097014685,55.06859835510038,7717.9978678585985,7.044651256557932,65.32742197384647,0.721,620407,469328.82920601533,528775.0827455106,0.49999999999999994,0.8660254037844387
2017-02-01,IU_Central_1,Central,IU,2,2017,1.12,1.12,1.0,8.285429520833608,50.76149345974072,49.805607790733724,7224.693412410848,5.519457001447874,61.30158831386394,0.721,660782,620406.5334458678,470715.5775249188,0.8660254037844386,0.5000000000000001
2017-03-01,IU_Central_1,Central,IU,3,2017,1.12,1.15,1.0,8.580776194359428,41.424471694065645,47.761618466943126,7585.673706525125,7.820784679754441,68.11809371781452,0.721,707597,660781.6673594734,485701.7810487411,1.0,6.123233995736766e-17
2017-04-01,IU_Central_1,Central,IU,4,2017,1.12,1.05,1.0,8.148990324616658,43.079009425367964,48.10637763014151,7041.948190229151,5.74452866830458,65.4945991096539,0.721,551384,707597.4343187821,581302.6264303371,0.8660254037844387,-0.4999999999999998
2017-05-01,IU_Central_1,Central,IU,5,2017,1.12,0.95,1.0,6.989751978899493,103.28305152178295,47.469885476456994,7621.922283185829,7.319650643505967,64.20274343153544,0.721,462566,551384.1321348373,448951.31648213643,0.49999999999999994,-0.8660254037844387
2017-06-01,IU_Central_1,Central,IU,6,2017,1.12,0.72,1.0,7.49127044052706,121.14323870304827,47.62328450762952,7650.843120339789,6.794360136714033,60.80993371745552,0.721,354930,462566.32494932663,278215.99875141424,1.2246467991473532e-16,-1.0
2017-07-01,IU_Central_1,Central,IU,7,2017,1.12,0.65,1.0,8.88068945823755,140.3982192130501,41.65751457295102,6570.440009366994,6.548445777979057,66.86126754083162,0.721,282678,354930.0269567556,247602.12983847043,-0.4999999999999997,-0.8660254037844388
2017-08-01,IU_Central_1,Central,IU,8,2017,1.12,0.68,1.0,6.624689647456286,143.01565574056133,48.70610280370973,7470.252697163948,6.483871914710261,64.42663879397797,0.721,326101,282678.4719541315,277078.0946477554,-0.8660254037844385,-0.5000000000000004
2017-09-01,IU_Central_1,Central,IU,9,2017,1.12,0.82,1.0,7.441095928307045,201.79828668191507,48.580363958182865,7639.514027617778,6.189549592547096,60.578066425852334,0.721,380064,326101.0343379356,337921.3471124024,-1.0,-1.8369701987210297e-16
2017-10-01,IU_Central_1,Central,IU,10,2017,1.12,1.02,1.0,8.716955429457624,181.88616247038397,50.46598461178143,7415.150887315121,7.7361569415206155,63.37335383034705,0.721,480444,380063.52469417,359422.18907538184,-0.8660254037844386,0.5000000000000001
2017-11-01,IU_Central_1,Central,IU,11,2017,1.12,1.1,1.0,9.0,178.79298177487465,47.43056876067542,7613.9423005131375,6.710090267481794,66.11633047696496,0.721,483732,480444.3636483233,458465.96221560653,-0.5000000000000004,0.8660254037844384
2017-12-01,IU_Central_1,Central,IU,12,2017,1.12,1.15,1.0,7.76850155469034,117.4193352305046,46.68689105757693,6849.045313517339,5.684622775717424,65.8062941552793,0.721,578560,483732.4311645385,469328.82920601533,-2.4492935982947064e-16,1.0
2018-01-01,IU_Central_1,Central,IU,1,2018,1.18,1.08,1.0,7.067211999094842,65.67537461277527,53.47667516664107,5998.040739470252,5.992831838372128,66.34803587123263,0.7165,686845,578560.4661167581,620406.5334458678,0.49999999999999994,0.8660254037844387
2018-02-01,IU_Central_1,Central,IU,2,2018,1.18,1.12,1.0,5.974118642047333,63.428283183754495,48.66289564572855,6812.901850396138,6.4026712217623505,64.77012556696431,0.7165,519536,686844.654232496,660781.6673594734,0.8660254037844386,0.5000000000000001
2018-03-01,IU_Central_1,Central,IU,3,2018,1.18,1.15,1.0,8.191428079052335,42.61374927704311,53.930269562603755,6347.436926512968,7.01824422515626,68.50327813320759,0.7165,757797,519535.73902125185,707597.4343187821,1.0,6.123233995736766e-17
2018-04-01,IU_Central_1,Central,IU,4,2018,1.18,1.05,1.0,9.0,48.784786083279805,47.914542221434836,6500.125218564078,5.816304223586234,69.35118601524644,0.7165,624493,757797.4393693135,551384.1321348373,0.8660254037844387,-0.4999999999999998
2018-05-01,IU_Central_1,Central,IU,5,2018,1.18,0.95,1.0,9.0,81.97566237739686,56.86245594649239,6101.2451546535085,5.869778755356362,67.34929046270217,0.7165,640949,624493.2201287838,462566.32494932663,0.49999999999999994,-0.8660254037844387
2018-06-01,IU_Central_1,Central,IU,6,2018,1.18,0.72,1.0,8.024395592001476,128.53275521810986,55.55280986698232,6355.951987446954,6.3187457017179245,62.050194900577175,0.7165,409572,640948.6123915517,354930.0269567556,1.2246467991473532e-16,-1.0
2018-07-01,IU_Central_1,Central,IU,7,2018,1.18,0.65,1.0,7.499604589807044,125.70744126655755,50.72144237072796,5311.274195911529,6.998739855957861,60.16775313083794,0.7165,346922,409571.7082705951,282678.4719541315,-0.4999999999999997,-0.8660254037844388
2018-08-01,IU_Central_1,Central,IU,8,2018,1.18,0.68,1.0,6.456887435998732,193.75933466829883,55.48341404001411,6727.885049261714,5.204996371523176,62.22424093211363,0.7165,311858,346922.2970493875,326101.0343379356,-0.8660254037844385,-0.5000000000000004
2018-09-01,IU_Central_1,Central,IU,9,2018,1.18,0.82,1.0,5.306031875288042,186.49629580118327,53.83454267276164,7160.74945450098,6.704283704793396,72.2146269919069,0.7165,387272,311857.8819269453,380063.52469417,-1.0,-1.8369701987210297e-16
2018-10-01,IU_Central_1,Central,IU,10,2018,1.18,1.02,1.0,7.773011271467621,203.6854481428288,50.47296930674542,5867.9217798257805,5.928749975897075,65.52678365530942,0.7165,517102,387272.44610758434,480444.3636483233,-0.8660254037844386,0.5000000000000001
2018-11-01,IU_Central_1,Central,IU,11,2018,1.18,1.1,1.0,9.0,142.23563380944933,47.43137152831273,5924.0301925930635,6.04045393460121,72.90576731010555,0.7165,539213,517102.4715239698,483732.4311645385,-0.5000000000000004,0.8660254037844384
2018-12-01,IU_Central_1,Central,IU,12,2018,1.18,1.15,1.0,9.0,109.11536660825253,54.44930705027936,6545.575631179236,7.901260596103799,63.91920662565026,0.7165,640344,539212.6591148376,578560.4661167581,-2.4492935982947064e-16,1.0
2019-01-01,IU_Central_1,Central,IU,1,2019,1.24,1.08,1.0,7.839877122936558,99.95445318276867,55.6171544585949,7983.245680727887,5.74282462035878,64.16474531802832,0.712,667547,640343.8160047282,686844.654232496,0.49999999999999994,0.8660254037844387
2019-02-01,IU_Central_1,Central,IU,2,2019,1.24,1.12,1.0,6.794723380469499,60.08237164677116,61.28490870908824,7319.056207177526,6.503755000246864,64.90377385342371,0.712,782593,667547.4292170284,519535.73902125185,0.8660254037844386,0.5000000000000001
2019-03-01,IU_Central_1,Central,IU,3,2019,1.24,1.15,1.0,6.931427792336387,20.226632920196153,58.04210120164555,6766.806890634224,6.475131069762679,64.83130367978679,0.712,891941,782592.9600848048,757797.4393693135,1.0,6.123233995736766e-17
2019-04-01,IU_Central_1,Central,IU,4,2019,1.24,1.05,1.0,3.591503218066427,59.5182602262488,55.90125191050805,7226.122243512808,4.955980868721195,62.105396352529105,0.712,566551,891941.2510732276,624493.2201287838,0.8660254037844387,-0.4999999999999998
2019-05-01,IU_Central_1,Central,IU,5,2019,1.24,0.95,1.0,7.415012696916796,79.11617568490692,63.39351619927142,6856.530563859544,4.423684539821677,60.60460692733329,0.712,659435,566551.2888449832,640948.6123915517,0.49999999999999994,-0.8660254037844387
2019-06-01,IU_Central_1,Central,IU,6,2019,1.24,0.72,1.0,5.8047913165090215,107.25272286781778,59.72933947780901,7019.019168208902,6.556785673933529,67.20534650872345,0.712,387734,659434.5166277325,409571.7082705951,1.2246467991473532e-16,-1.0
2019-07-01,IU_Central_1,Central,IU,7,2019,1.24,0.65,1.0,5.657927184084936,135.8278063430164,47.03474045468768,7183.181505380859,5.033163046041185,69.41960287038945,0.712,332484,387733.7153541611,346922.2970493875,-0.4999999999999997,-0.8660254037844388
2019-08-01,IU_Central_1,Central,IU,8,2019,1.24,0.68,1.0,6.112091656341671,162.33439526647405,56.5408246936274,6901.803935291118,4.5686536363431784,74.97992520266561,0.712,369263,332483.8011971165,311857.8819269453,-0.8660254037844385,-0.5000000000000004
2019-09-01,IU_Central_1,Central,IU,9,2019,1.24,0.82,1.0,6.0715946126587825,179.60192165724754,53.84773302396273,6969.942424121296,6.720929771875358,63.46514837323591,0.712,397966,369263.4791638857,387272.44610758434,-1.0,-1.8369701987210297e-16
2019-10-01,IU_Central_1,Central,IU,10,2019,1.24,1.02,1.0,5.638837289634005,157.28014038566195,55.60060618683907,7353.54030009986,5.084458612979526,63.789378052543704,0.712,492541,397966.0433048878,517102.4715239698,-0.8660254037844386,0.5000000000000001
2019-11-01,IU_Central_1,Central,IU,11,2019,1.24,1.1,1.0,6.5166464866111715,127.48960813425657,57.565802803244395,7416.766115461604,5.281986019452485,62.11508282219593,0.712,597333,492540.81790547376,539212.6591148376,-0.5000000000000004,0.8660254037844384
2019-12-01,IU_Central_1,Central,IU,12,2019,1.24,1.15,1.0,5.8300668845503365,101.27315728480961,59.06214552576264,6679.208849780416,7.4794985240714364,69.70290971749426,0.712,723734,597333.3876899262,640343.8160047282,-2.4492935982947064e-16,1.0
2020-01-01,IU_Central_1,Central,IU,1,2020,1.3,1.08,1.0,5.559727375127554,83.88072626078825,63.28409722634072,8471.192098156982,4.172211710894743,69.25994981918505,0.7075,688491,723734.179667614,667547.4292170284,0.49999999999999994,0.8660254037844387
2020-02-01,IU_Central_1,Central,IU,2,2020,1.3,1.12,1.0,3.6547264507601396,51.09903827781948,65.73361922969441,8120.95008461865,4.49497116687446,62.4922616725019,0.7075,783557,688491.4776031214,782592.9600848048,0.8660254037844386,0.5000000000000001
2020-03-01,IU_Central_1,Central,IU,3,2020,1.3,1.15,1.0,5.182470503461758,43.33513870931114,64.409795132526,8616.938008626454,5.132241486020863,62.39120765210823,0.7075,932811,783556.9232876648,891941.2510732276,1.0,6.123233995736766e-17
2020-04-01,IU_Central_1,Central,IU,4,2020,1.3,1.05,0.68,4.123785120596677,50.21304619307588,64.22424078737652,8644.044207337316,5.3077945281324626,69.81005903438358,0.7075,483461,932810.8320395914,566551.2888449832,0.8660254037844387,-0.4999999999999998
2020-05-01,IU_Central_1,Central,IU,5,2020,1.3,0.95,0.68,4.66960064602274,64.3198480322625,63.104476969399826,8047.776791598008,4.785003774305878,67.53278460483364,0.7075,418101,483461.3772600668,659434.5166277325,0.49999999999999994,-0.8660254037844387
2020-06-01,IU_Central_1,Central,IU,6,2020,1.3,0.72,0.68,5.611418439860416,128.8999366228849,66.3603965581777,8569.18678534476,4.573075922141667,69.03355485204457,0.7075,325610,418101.2844033972,387733.7153541611,1.2246467991473532e-16,-1.0
2020-07-01,IU_Central_1,Central,IU,7,2020,1.3,0.65,1.0,3.5145426905142294,135.88745730700202,61.55117037042725,7916.190105163306,6.707995459545545,62.468926086644345,0.7075,342042,325609.58748388407,332483.8011971165,-0.4999999999999997,-0.8660254037844388
2020-08-01,IU_Central_1,Central,IU,8,2020,1.3,0.68,1.0,4.452450975493615,207.64090268222904,61.629090193794426,8888.51325130366,5.710388899283773,58.489100544359175,0.7075,377342,342041.8700012679,369263.4791638857,-0.8660254037844385,-0.5000000000000004
2020-09-01,IU_Central_1,Central,IU,9,2020,1.3,0.82,1.0,6.12209709002378,165.02239991129116,56.78327994108241,7933.20903264237,5.96813499536735,62.50013993327932,0.7075,487839,377341.50503610127,397966.0433048878,-1.0,-1.8369701987210297e-16
2020-10-01,IU_Central_1,Central,IU,10,2020,1.3,1.02,1.0,3.7435264179812178,169.76298635180993,65.66849213143011,8451.557646909261,5.390219858753171,68.7510669200449,0.7075,566506,487839.2759189523,492540.81790547376,-0.8660254037844386,0.5000000000000001
2020-11-01,IU_Central_1,Central,IU,11,2020,1.3,1.1,1.0,7.572780396554748,151.32660062637004,62.269222732662534,8208.396207937854,5.7315639590873095,74.44423191453956,0.7075,668284,566505.7648106423,597333.3876899262,-0.5000000000000004,0.8660254037844384
2020-12-01,IU_Central_1,Central,IU,12,2020,1.3,1.15,1.0,6.884629375576955,132.1392864190251,71.30081711851382,7835.217791620859,6.246321328887673,64.28214404188957,0.7075,817042,668283.8192057951,723734.179667614,-2.4492935982947064e-16,1.0
2021-01-01,IU_Central_1,Central,IU,1,2021,1.3599999999999999,1.08,1.0,4.406567498657265,82.11196702552874,65.78340192471262,7592.591769775858,4.302960788363732,75.90342352750746,0.703,759134,817042.2025183216,688491.4776031214,0.49999999999999994,0.8660254037844387
2021-02-01,IU_Central_1,Central,IU,2,2021,1.3599999999999999,1.12,1.0,4.055348374657924,50.870131658857815,67.26573438825021,6910.820362982413,5.311868797214385,70.11927906996675,0.703,877942,759134.313417421,783556.9232876648,0.8660254037844386,0.5000000000000001
2021-03-01,IU_Central_1,Central,IU,3,2021,1.3599999999999999,1.15,1.0,5.242327884002578,51.31401271033183,68.63951486082524,6422.147202732231,5.656833850726312,61.22787079316469,0.703,998849,877941.737793083,932810.8320395914,1.0,6.123233995736766e-17
2021-04-01,IU_Central_1,Central,IU,4,2021,1.3599999999999999,1.05,1.0,3.2630452915674084,36.74275980253495,63.69430008103386,5890.2736635468555,6.335837877107408,67.65613535124412,0.703,733646,998848.76616903,483461.3772600668,0.8660254037844387,-0.4999999999999998
2021-05-01,IU_Central_1,Central,IU,5,2021,1.3599999999999999,0.95,1.0,2.597428730201081,67.53946828759338,68.07564314163768,6793.409564479882,6.658312783841409,70.25589711364744,0.703,713749,733646.0380068916,418101.2844033972,0.49999999999999994,-0.8660254037844387
2021-06-01,IU_Central_1,Central,IU,6,2021,1.3599999999999999,0.72,1.0,4.44879785113692,100.53860739529816,67.10398429617156,7806.338465657007,5.155887837585409,57.09806840578925,0.703,522299,713749.0788318901,325609.58748388407,1.2246467991473532e-16,-1.0
2021-07-01,IU_Central_1,Central,IU,7,2021,1.3599999999999999,0.65,1.0,4.8391414801973704,117.50434456186541,66.08893543096949,7753.161987349115,6.010911159749707,69.37780463165353,0.703,431131,522298.94476931385,342041.8700012679,-0.4999999999999997,-0.8660254037844388
2021-08-01,IU_Central_1,Central,IU,8,2021,1.3599999999999999,0.68,1.0,5.1133126692242366,168.85321495067174,70.51781187622902,6863.810395916079,2.963865653302762,71.49088471929245,0.703,429951,431130.974845299,377341.50503610127,-0.8660254037844385,-0.5000000000000004
2021-09-01,IU_Central_1,Central,IU,9,2021,1.3599999999999999,0.82,1.0,4.262311260658539,220.63307491390117,64.28875384626804,7018.674965356848,6.341826327501371,68.39547249652458,0.703,452303,429951.1412400208,487839.2759189523,-1.0,-1.8369701987210297e-16
2021-10-01,IU_Central_1,Central,IU,10,2021,1.3599999999999999,1.02,1.0,6.528736075369936,172.4837990031002,67.82470633924666,6977.968792972259,4.519293070623357,66.5531151572743,0.703,652349,452303.37473441724,566505.7648106423,-0.8660254037844386,0.5000000000000001
2021-11-01,IU_Central_1,Central,IU,11,2021,1.3599999999999999,1.1,1.0,3.2058324098193403,152.00792867232855,71.36399287415514,6587.135211520163,4.907122040809687,66.10829366799437,0.703,759617,652349.147772304,668283.8192057951,-0.5000000000000004,0.8660254037844384
2021-12-01,IU_Central_1,Central,IU,12,2021,1.3599999999999999,1.15,1.0,3.634085438050281,88.99401309815494,64.88013473213111,6760.205334741964,5.452883587493616,65.87471068923271,0.703,740016,759616.900372534,817042.2025183216,-2.4492935982947064e-16,1.0
2022-01-01,IU_Central_1,Central,IU,1,2022,1.42,1.08,1.0,6.0233029755939524,70.44169309807583,70.60934205192311,8601.517283730005,4.577246106147588,62.896080784931556,0.6985,939590,740015.9297557691,759134.313417421,0.49999999999999994,0.8660254037844387
2022-02-01,IU_Central_1,Central,IU,2,2022,1.42,1.12,1.0,4.04536296545561,47.20550461579032,78.53591369041548,8386.749542120382,4.857162703654507,64.84990467238012,0.6985,1002302,939589.8032569438,877941.737793083,0.8660254037844386,0.5000000000000001
2022-03-01,IU_Central_1,Central,IU,3,2022,1.42,1.15,1.0,3.998955285583399,43.85440253528269,72.92317319546817,8282.889986338101,5.970154374580914,65.93362381739135,0.6985,946170,1002301.6786688389,998848.76616903,1.0,6.123233995736766e-17
2022-04-01,IU_Central_1,Central,IU,4,2022,1.42,1.05,1.0,5.587365578868775,37.97571433246459,69.98140757007215,7559.184024752265,4.3926239637232225,68.05397738490296,0.6985,928145,946169.8333609013,733646.0380068916,0.8660254037844387,-0.4999999999999998
2022-05-01,IU_Central_1,Central,IU,5,2022,1.42,0.95,1.0,4.175112683840942,74.53989505134635,73.90787428023543,8205.316446314942,3.8304609467995565,65.37274096937173,0.6985,824215,928144.6197204517,713749.0788318901,0.49999999999999994,-0.8660254037844387
2022-06-01,IU_Central_1,Central,IU,6,2022,1.42,0.72,1.0,5.279638514715354,139.56272454124004,69.79571934522693,7123.269763730042,6.150771085838841,64.12348303000827,0.6985,494759,824215.4035584551,522298.94476931385,1.2246467991473532e-16,-1.0
2022-07-01,IU_Central_1,Central,IU,7,2022,1.42,0.65,1.0,4.599511956630871,149.31800114504168,66.80525222751979,8539.26121106689,5.121411373603741,70.63908343650337,0.6985,422289,494759.42501277936,431130.974845299,-0.4999999999999997,-0.8660254037844388
2022-08-01,IU_Central_1,Central,IU,8,2022,1.42,0.68,1.0,4.405343384172891,129.216367713904,75.6170918357955,8276.358705331366,6.23779118025077,69.08245588779141,0.6985,497086,422289.33932994667,429951.1412400208,-0.8660254037844385,-0.5000000000000004
2022-09-01,IU_Central_1,Central,IU,9,2022,1.42,0.82,1.0,2.9165733586062506,238.37527332044576,68.19082220760696,7554.645396554728,5.390903928463123,65.44308185284173,0.6985,448347,497085.9190048189,452303.37473441724,-1.0,-1.8369701987210297e-16
2022-10-01,IU_Central_1,Central,IU,10,2022,1.42,1.02,1.0,5.606815611605784,210.14745032526562,78.85513787499187,8887.39150087017,3.64112448638925,69.62511388595034,0.6985,694429,448347.1244719745,652349.147772304,-0.8660254037844386,0.5000000000000001
2022-11-01,IU_Central_1,Central,IU,11,2022,1.42,1.1,1.0,3.942711837684665,180.865532201891,70.03200287361338,7351.72590337379,5.216307737405504,65.78736842525626,0.6985,644405,694429.2582550057,759616.900372534,-0.5000000000000004,0.8660254037844384
2022-12-01,IU_Central_1,Central,IU,12,2022,1.42,1.15,1.0,5.237449183983555,88.61189435858292,77.89979404468556,8398.637782011972,3.9128415472939557,67.85226011795247,0.6985,938345,644404.7043010484,740015.9297557691,-2.4492935982947064e-16,1.0
2023-01-01,IU_Central_1,Central,IU,1,2023,1.48,1.08,1.0,5.885474121981722,98.14946871016657,71.89398679443983,9382.647619067913,4.305945441951733,72.30017621889148,0.694,984027,938344.6396912853,939589.8032569438,0.49999999999999994,0.8660254037844387
2023-02-01,IU_Central_1,Central,IU,2,2023,1.48,1.12,1.0,6.25219032956014,44.83511897138664,79.07648075879875,8574.9686253189,4.239428477113794,65.98503562733495,0.694,1161783,984026.5639320107,1002301.6786688389,0.8660254037844386,0.5000000000000001
2023-03-01,IU_Central_1,Central,IU,3,2023,1.48,1.15,1.0,6.320389551184087,36.943366334678615,77.49917881895395,9115.787512162964,3.005868956293555,63.710353568665035,0.694,1180019,1161782.7423235977,946169.8333609013,1.0,6.123233995736766e-17
2023-04-01,IU_Central_1,Central,IU,4,2023,1.48,1.05,1.0,6.732353901101916,45.37145325677335,78.51323867666545,8396.247794058727,3.6497516083505706,67.81946166791464,0.694,1071179,1180018.560421511,928144.6197204517,0.8660254037844387,-0.4999999999999998
2023-05-01,IU_Central_1,Central,IU,5,2023,1.48,0.95,1.0,5.626688838210269,91.3632461834625,78.90406812002878,7851.95188068045,6.06414984012728,62.94613993525816,0.694,879998,1071179.2834192193,824215.4035584551,0.49999999999999994,-0.8660254037844387
2023-06-01,IU_Central_1,Central,IU,6,2023,1.48,0.72,1.0,7.991235775128042,116.76362965490469,74.50676457315649,8652.27602090827,4.4907019238729315,67.2902059625961,0.694,636945,879998.3157686057,494759.42501277936,1.2246467991473532e-16,-1.0
2023-07-01,IU_Central_1,Central,IU,7,2023,1.48,0.65,1.0,4.283119926973308,171.56178478210302,72.073468473991,8855.339099009618,4.159523092269638,67.27745008274618,0.694,466557,636944.7389589427,422289.33932994667,-0.4999999999999997,-0.8660254037844388
2023-08-01,IU_Central_1,Central,IU,8,2023,1.48,0.68,1.0,6.228090657767325,191.43703728256676,75.84724680898235,9422.735604392372,5.7503121759527405,58.54526350437776,0.694,511469,466556.9590635276,497085.9190048189,-0.8660254037844385,-0.5000000000000004
2023-09-01,IU_Central_1,Central,IU,9,2023,1.48,0.82,1.0,7.50347717169304,197.14873988921238,76.6690907727554,9163.153961304884,3.983011751944665,70.52254065497804,0.694,601489,511469.47649140906,448347.1244719745,-1.0,-1.8369701987210297e-16
2023-10-01,IU_Central_1,Central,IU,10,2023,1.48,1.02,1.0,7.072127063603125,162.40065054209393,74.58446613653348,9174.915779751282,4.226863710424704,67.66924093327472,0.694,830764,601489.4377534764,694429.2582550057,-0.8660254037844386,0.5000000000000001
2023-11-01,IU_Central_1,Central,IU,11,2023,1.48,1.1,1.0,5.330197308165683,203.4913740953864,76.83266191047959,8676.330592549903,5.09264228489828,73.12758581108776,0.694,689591,830764.0266159174,644404.7043010484,-0.5000000000000004,0.8660254037844384
2023-12-01,IU_Central_1,Central,IU,12,2023,1.48,1.15,1.0,5.5301054084143715,93.65891468690589,76.98887659352422,8894.315236208891,3.97941136110692,69.26212791917634,0.694,1044895,689591.0695158332,938344.6396912853,-2.4492935982947064e-16,1.0
2024-01-01,IU_Central_1,Central,IU,1,2024,1.54,1.08,1.0,6.352509100587897,84.94704768841622,77.7699206603684,7608.712702531446,3.302783408517999,72.1424342812622,0.6895,991111,1044894.8971544566,984026.5639320107,0.49999999999999994,0.8660254037844387
2024-02-01,IU_Central_1,Central,IU,2,2024,1.54,1.12,1.0,8.279733328577088,53.58345622796259,81.68491384507139,7475.941373809154,2.096994867711426,73.96015501282818,0.6895,1308624,991110.745182362,1161782.7423235977,0.8660254037844386,0.5000000000000001
2024-03-01,IU_Central_1,Central,IU,3,2024,1.54,1.15,1.0,6.6727516975612104,46.92613771691455,79.69836392891607,7760.014934828302,3.1508013492937907,68.67313166891702,0.6895,1179247,1308624.3513235927,1180018.560421511,1.0,6.123233995736766e-17
2024-04-01,IU_Central_1,Central,IU,4,2024,1.54,1.05,1.0,7.866807877527961,61.278133510706894,78.40005729938989,8060.710250265918,3.1431778032083093,69.1967072445444,0.6895,1148251,1179247.4148329976,1071179.2834192193,0.8660254037844387,-0.4999999999999998
2024-05-01,IU_Central_1,Central,IU,5,2024,1.54,0.95,1.0,7.877821868670967,78.35133680699869,82.86212541467198,7769.492343231676,4.026853356374888,62.90582710643908,0.6895,1095154,1148251.1217423652,879998.3157686057,0.49999999999999994,-0.8660254037844387
2024-06-01,IU_Central_1,Central,IU,6,2024,1.54,0.72,1.0,9.0,129.54709750664554,78.16902636491936,7881.60347573133,3.411633387417779,74.15815098093697,0.6895,782465,1095153.6879194472,636944.7389589427,1.2246467991473532e-16,-1.0
2024-07-01,IU_Central_1,Central,IU,7,2024,1.54,0.65,1.0,7.936561683541865,202.35696905086024,79.12999723028582,8339.891341882694,5.626415208685756,68.61721040111378,0.6895,507607,782465.0431390041,466556.9590635276,-0.4999999999999997,-0.8660254037844388
2024-08-01,IU_Central_1,Central,IU,8,2024,1.54,0.68,1.0,6.5872873540792645,187.43151366746005,80.71615255055997,7801.840188561751,3.053896855812155,65.17707779860808,0.6895,615101,507606.5566050797,511469.47649140906,-0.8660254037844385,-0.5000000000000004
2024-09-01,IU_Central_1,Central,IU,9,2024,1.54,0.82,1.0,5.808479857300142,168.0069957480447,84.62293486196272,7426.894693028016,5.020517349485924,72.15888994594971,0.6895,748254,615101.0256066582,601489.4377534764,-1.0,-1.8369701987210297e-16
2024-10-01,IU_Central_1,Central,IU,10,2024,1.54,1.02,1.0,7.2296369142145265,178.36609644365242,81.0783522331729,8280.733761693125,4.0758023641020396,60.48087523214299,0.6895,884378,748253.9674262524,830764.0266159174,-0.8660254037844386,0.5000000000000001
2024-11-01,IU_Central_1,Central,IU,11,2024,1.54,1.1,1.0,7.417757160867039,128.6884960332528,82.084864997424,8146.812018801296,4.545419228569911,67.48290310850729,0.6895,1135597,884377.8414951543,689591.0695158332,-0.5000000000000004,0.8660254037844384
2024-12-01,IU_Central_1,Central,IU,12,2024,1.54,1.15,1.0,4.907820738911154,126.69270259790503,79.60707239201051,8175.076451150109,4.496815675788696,72.83324416484737,0.6895,1005515,1135597.067272736,1044894.8971544566,-2.4492935982947064e-16,1.0
2025-01-01,IU_Central_1,Central,IU,1,2025,1.6,1.08,1.0,7.143375007648384,92.77347449768762,84.76453112687098,9281.627395890522,1.7254115757500665,68.24911259213638,0.6849999999999999,1233958,1005514.6031522827,991110.745182362,0.49999999999999994,0.8660254037844387
2025-02-01,IU_Central_1,Central,IU,2,2025,1.6,1.12,1.0,8.356823051393064,49.797120924538746,84.85336829944121,9205.488687288027,3.490757856818754,67.12831219620567,0.6849999999999999,1312476,1233957.885608477,1308624.3513235927,0.8660254037844386,0.5000000000000001
2025-03-01,IU_Central_1,Central,IU,3,2025,1.6,1.15,1.0,7.36117319568059,30.274239703278155,85.87991870805108,9012.92791161154,3.2902174902129344,68.33538081154819,0.6849999999999999,1396970,1312475.581210678,1179247.4148329976,1.0,6.123233995736766e-17
2025-04-01,IU_Central_1,Central,IU,4,2025,1.6,1.05,1.0,9.0,58.490375804792706,84.11209728085522,10076.153698282895,2.5936175242469863,61.9602829421257,0.6849999999999999,1347316,1396969.5868710303,1148251.1217423652,0.8660254037844387,-0.4999999999999998
2025-05-01,IU_Central_1,Central,IU,5,2025,1.6,0.95,1.0,6.1299722663353755,58.684412461210655,89.01999965642862,8421.764064163573,3.8677008297726947,72.86191372713213,0.6849999999999999,1225875,1347315.8333370045,1095153.6879194472,0.49999999999999994,-0.8660254037844387
2025-06-01,IU_Central_1,Central,IU,6,2025,1.6,0.72,1.0,8.81225938418386,92.17281399738526,83.88050128449358,8736.1122246796,4.873232252701977,69.50845583209235,0.6849999999999999,835429,1225875.3038682423,782465.0431390041,1.2246467991473532e-16,-1.0
2025-07-01,IU_Central_1,Central,IU,7,2025,1.6,0.65,1.0,9.0,155.71987870012674,79.87827659438389,9435.300464104628,1.3615970848927472,68.91070156002095,0.6849999999999999,544538,835428.6412180378,507606.5566050797,-0.4999999999999997,-0.8660254037844388
2025-08-01,IU_Central_1,Central,IU,8,2025,1.6,0.68,1.0,9.0,196.43079575355114,93.22838981311006,9064.163831442462,3.072424259326623,68.92532553436384,0.6849999999999999,711107,544537.6479691415,615101.0256066582,-0.8660254037844385,-0.5000000000000004
2025-09-01,IU_Central_1,Central,IU,9,2025,1.6,0.82,1.0,6.120972338414745,212.66742496275063,84.01789392716874,9341.06536530451,2.5033870687091015,70.05631919385834,0.6849999999999999,696206,711107.2297994578,748253.9674262524,-1.0,-1.8369701987210297e-16
2025-10-01,IU_Central_1,Central,IU,10,2025,1.6,1.02,1.0,8.37746335502886,187.40417797871257,88.93950936127405,9076.390393291045,3.5574222609901547,72.61374948268826,0.6849999999999999,1017546,696206.0914611438,884377.8414951543,-0.8660254037844386,0.5000000000000001
2025-11-01,IU_Central_1,Central,IU,11,2025,1.6,1.1,1.0,7.197495057774182,202.24105036323658,89.21437252587927,9618.325448021444,3.239502973480003,69.791745835203,0.6849999999999999,1053482,1017546.457179986,1135597.067272736,-0.5000000000000004,0.8660254037844384
2025-12-01,IU_Central_1,Central,IU,12,2025,1.6,1.15,1.0,6.3126290696205185,121.17303013949764,87.83564293675114,8546.620114964491,3.0154582297942576,64.55345380728075,0.6849999999999999,1185318,1053482.4532079939,1005514.6031522827,-2.4492935982947064e-16,1.0
2015-01-01,IU_Central_2,Central,IU,1,2015,1.0,1.08,1.0,7.5066450328136325,71.33409006173964,43.45670015669385,4829.610328901945,6.912071879493657,56.87332033338805,0.73,510044,,,0.49999999999999994,0.8660254037844387
2015-02-01,IU_Central_2,Central,IU,2,2015,1.0,1.12,1.0,5.099944072722749,59.34918946074795,39.0348990641992,5583.086063707363,7.939621339543715,61.73042298722483,0.73,418405,510044.1147714587,,0.8660254037844386,0.5000000000000001
2015-03-01,IU_Central_2,Central,IU,3,2015,1.0,1.15,1.0,7.9842184488249694,51.12658540309985,40.379790836410564,5678.259501395084,7.812865207533374,59.729646580061,0.73,499409,418404.6889070247,,1.0,6.123233995736766e-17
2015-04-01,IU_Central_2,Central,IU,4,2015,1.0,1.05,1.0,8.360094588753311,39.05535901572978,37.754883110738554,5549.40450239614,7.332037773087104,62.973358261056646,0.73,452398,499408.73892159644,,0.8660254037844387,-0.4999999999999998
2015-05-01,IU_Central_2,Central,IU,5,2015,1.0,0.95,1.0,5.404328314327631,68.52598327699197,34.30442076933228,5516.498584631065,8.037480245740156,57.4281312054182,0.73,331277,452398.2342301217,,0.49999999999999994,-0.8660254037844387
2015-06-01,IU_Central_2,Central,IU,6,2015,1.0,0.72,1.0,5.403680209276325,104.11178120110927,43.70408583758279,5026.252547579787,7.423516682747596,62.7116250380248,0.73,276508,331277.3073525872,,1.2246467991473532e-16,-1.0
2015-07-01,IU_Central_2,Central,IU,7,2015,1.0,0.65,1.0,6.992834376533033,182.4352399046957,44.00710418486414,5444.666965333918,7.92302172712701,60.24419691800472,0.73,227059,276508.41159790184,,-0.4999999999999997,-0.8660254037844388
2015-08-01,IU_Central_2,Central,IU,8,2015,1.0,0.68,1.0,5.075335508308533,235.82077136084132,38.94553670438891,5350.397053695647,7.3992965380847275,57.002812297059414,0.73,170479,227059.08442959283,,-0.8660254037844385,-0.5000000000000004
2015-09-01,IU_Central_2,Central,IU,9,2015,1.0,0.82,1.0,5.9088765546772155,167.59242315265763,41.98578869420202,5989.898610317981,7.673361592887632,56.69086384848741,0.73,270884,170478.55219627844,,-1.0,-1.8369701987210297e-16
2015-10-01,IU_Central_2,Central,IU,10,2015,1.0,1.02,1.0,7.823032347747217,229.44991321697603,38.82732573936879,5677.87609078641,7.9597783528602095,57.291918447909225,0.73,327268,270883.83020893944,,-0.8660254037844386,0.5000000000000001
2015-11-01,IU_Central_2,Central,IU,11,2015,1.0,1.1,1.0,7.385128117372355,142.98318132331116,40.86546953279874,5382.080972187296,7.1816699411055716,61.17440377023783,0.73,427084,327267.645848985,,-0.5000000000000004,0.8660254037844384
2015-12-01,IU_Central_2,Central,IU,12,2015,1.0,1.15,1.0,8.876235610027507,126.0502122530203,42.27741759676033,6282.927871362878,6.5129307309966435,62.483981737454,0.73,455643,427084.49508196267,,-2.4492935982947064e-16,1.0
2016-01-01,IU_Central_2,Central,IU,1,2016,1.06,1.08,1.0,7.76560114890007,64.74255560686619,46.16525477372162,6358.991545703296,7.320863204438523,63.87929452950872,0.7255,574047,455643.1516757341,510044.1147714587,0.49999999999999994,0.8660254037844387
2016-02-01,IU_Central_2,Central,IU,2,2016,1.06,1.12,1.0,6.827654569045999,49.790358280640376,48.522908840228034,6731.004025748824,8.051513102890343,64.03021167091379,0.7255,570624,574047.0613349001,418404.6889070247,0.8660254037844386,0.5000000000000001
2016-03-01,IU_Central_2,Central,IU,3,2016,1.06,1.15,1.0,7.622152385763446,39.3333237155637,46.056642027116006,6404.885399884873,7.339320778365956,59.7659069560832,0.7255,549196,570623.6557380827,499408.73892159644,1.0,6.123233995736766e-17
2016-04-01,IU_Central_2,Central,IU,4,2016,1.06,1.05,1.0,7.37995416448946,48.320339377362444,44.58425385111578,7214.018631762652,7.354513851757098,67.0336116323807,0.7255,462663,549195.5317204306,452398.2342301217,0.8660254037844387,-0.4999999999999998
2016-05-01,IU_Central_2,Central,IU,5,2016,1.06,0.95,1.0,7.396791640736058,84.61965177583636,42.21574309636773,6519.086899116175,7.066259114802687,61.031097895967385,0.7255,446296,462662.74867261655,331277.3073525872,0.49999999999999994,-0.8660254037844387
2016-06-01,IU_Central_2,Central,IU,6,2016,1.06,0.72,1.0,7.532095722064941,101.87344443265454,43.064483859028236,6532.386402550853,7.69129492221856,64.60059904023892,0.7255,306948,446296.3685160265,276508.41159790184,1.2246467991473532e-16,-1.0
2016-07-01,IU_Central_2,Central,IU,7,2016,1.06,0.65,1.0,6.442540121164337,138.7906408435158,46.930154190175045,6417.058338552329,6.951251667089649,62.14337826602473,0.7255,254701,306947.79539599776,227059.08442959283,-0.4999999999999997,-0.8660254037844388
2016-08-01,IU_Central_2,Central,IU,8,2016,1.06,0.68,1.0,7.899321477744593,201.7142317254722,39.99452044325764,6568.430366700597,6.736880975098511,64.30248492681217,0.7255,207196,254701.08395738507,170478.55219627844,-0.8660254037844385,-0.5000000000000004
2016-09-01,IU_Central_2,Central,IU,9,2016,1.06,0.82,1.0,5.8702642504695115,240.26105992927188,47.81742191023839,7019.792027391609,7.984238602299892,61.94268773542034,0.7255,276489,207196.0119100994,270883.83020893944,-1.0,-1.8369701987210297e-16
2016-10-01,IU_Central_2,Central,IU,10,2016,1.06,1.02,1.0,6.700468242290084,188.6342989466965,43.6565688219564,6860.6297301081595,6.675569345365854,64.37453950629826,0.7255,379397,276489.29075738037,327267.645848985,-0.8660254037844386,0.5000000000000001
2016-11-01,IU_Central_2,Central,IU,11,2016,1.06,1.1,1.0,7.41800565601204,172.08809856309213,42.04418228677633,6492.634281502327,7.811576757161399,62.770444520478705,0.7255,397098,379397.3232348496,427084.49508196267,-0.5000000000000004,0.8660254037844384
2016-12-01,IU_Central_2,Central,IU,12,2016,1.06,1.15,1.0,4.849196196593111,133.64544018535213,41.2038274696556,7245.596297905544,7.984748369566167,66.05536228260276,0.7255,387426,397097.63996685744,455643.1516757341,-2.4492935982947064e-16,1.0
2017-01-01,IU_Central_2,Central,IU,1,2017,1.12,1.08,1.0,8.9227898436139,89.96606226360188,51.023103356945164,7845.663861631837,7.153453545649649,60.32525982715521,0.721,576365,387426.3204144925,574047.0613349001,0.49999999999999994,0.8660254037844387
2017-02-01,IU_Central_2,Central,IU,2,2017,1.12,1.12,1.0,5.536214588182993,43.46384226071886,48.95607593859005,7255.638819388873,5.700611584341894,56.520434656437686,0.721,622815,576365.0552751733,570623.6557380827,0.8660254037844386,0.5000000000000001
2017-03-01,IU_Central_2,Central,IU,3,2017,1.12,1.15,1.0,8.803505229077814,35.33793861877058,53.76629566968946,6831.663563847408,6.721723927377998,59.706570322263616,0.721,680003,622815.0327968558,549195.5317204306,1.0,6.123233995736766e-17
2017-04-01,IU_Central_2,Central,IU,4,2017,1.12,1.05,1.0,6.448628852086205,45.468090552597275,45.21077304842224,7266.064112219224,6.538400002353106,67.87567366095213,0.721,509984,680002.9399570246,462662.74867261655,0.8660254037844387,-0.4999999999999998
2017-05-01,IU_Central_2,Central,IU,5,2017,1.12,0.95,1.0,7.5140975711558005,103.14360561072758,47.26550913081441,7638.827273375294,6.30320059573175,62.98176472044904,0.721,490975,509983.7314998162,446296.3685160265,0.49999999999999994,-0.8660254037844387
2017-06-01,IU_Central_2,Central,IU,6,2017,1.12,0.72,1.0,8.622956776339315,129.14747290509428,48.72333652561776,7721.560489811823,6.814201269877143,63.96824918218625,0.721,362865,490975.36184099154,306947.79539599776,1.2246467991473532e-16,-1.0
2017-07-01,IU_Central_2,Central,IU,7,2017,1.12,0.65,1.0,9.0,171.1195772892404,46.7444297680902,8064.432280513589,7.315365077998039,59.38545354381445,0.721,291124,362865.20366820286,254701.08395738507,-0.4999999999999997,-0.8660254037844388
2017-08-01,IU_Central_2,Central,IU,8,2017,1.12,0.68,1.0,8.139742373248819,199.68030945243734,49.018355992425406,6960.274634224131,6.333157871895041,63.86221490060112,0.721,283494,291124.4899721747,207196.0119100994,-0.8660254037844385,-0.5000000000000004
2017-09-01,IU_Central_2,Central,IU,9,2017,1.12,0.82,1.0,5.62084840616059,160.37619789141502,49.958502299246554,7255.200422751615,6.5628938605810605,59.50874942370922,0.721,353046,283494.24544531794,276489.29075738037,-1.0,-1.8369701987210297e-16
2017-10-01,IU_Central_2,Central,IU,10,2017,1.12,1.02,1.0,9.0,244.31172699753188,50.45345271738922,6922.88112158415,6.50715285293441,60.09687489978898,0.721,415717,353045.5937357626,379397.3232348496,-0.8660254037844386,0.5000000000000001
2017-11-01,IU_Central_2,Central,IU,11,2017,1.12,1.1,1.0,7.721697914169178,171.50050073888707,53.518501392653384,6850.36067781693,7.63109683643545,61.99006526870448,0.721,504815,415717.09426256764,397097.63996685744,-0.5000000000000004,0.8660254037844384
2017-12-01,IU_Central_2,Central,IU,12,2017,1.12,1.15,1.0,8.083887985350588,133.01688202778917,45.08958271365526,7170.301887348687,6.494319505751531,65.38038903136858,0.721,491560,504815.48518139345,387426.3204144925,-2.4492935982947064e-16,1.0
2018-01-01,IU_Central_2,Central,IU,1,2018,1.18,1.08,1.0,8.230095807644958,58.81374453301038,54.51328095980593,6512.155186904678,5.312475473790603,66.60739032257004,0.7165,726524,491559.688767456,576365.0552751733,0.49999999999999994,0.8660254037844387
2018-02-01,IU_Central_2,Central,IU,2,2018,1.18,1.12,1.0,4.890206623492964,56.64926045515897,51.5591715412355,6694.307172673011,5.041252128807589,66.71617959175136,0.7165,613363,726524.3910793044,622815.0327968558,0.8660254037844386,0.5000000000000001
2018-03-01,IU_Central_2,Central,IU,3,2018,1.18,1.15,1.0,7.568504389062056,37.862725299234235,54.79004014007075,5920.420328992615,6.590183653252776,58.04766353982251,0.7165,776290,613362.7463762955,680002.9399570246,1.0,6.123233995736766e-17
2018-04-01,IU_Central_2,Central,IU,4,2018,1.18,1.05,1.0,7.069027503836587,40.65463806985029,54.79399655905914,5983.005513248111,5.691454608091278,64.37334199843896,0.7165,686647,776289.7207907679,509983.7314998162,0.8660254037844387,-0.4999999999999998
2018-05-01,IU_Central_2,Central,IU,5,2018,1.18,0.95,1.0,9.0,68.55483600953843,50.53924185030301,5546.2592480768235,6.834979604217983,63.61287266646906,0.7165,603838,686646.656134383,490975.36184099154,0.49999999999999994,-0.8660254037844387
2018-06-01,IU_Central_2,Central,IU,6,2018,1.18,0.72,1.0,8.433196687786312,97.2319042478394,50.79654297209774,6443.638170697017,5.235024009194294,58.27127033567418,0.7165,406950,603838.2689647683,362865.20366820286,1.2246467991473532e-16,-1.0
2018-07-01,IU_Central_2,Central,IU,7,2018,1.18,0.65,1.0,5.608257864441964,129.23717931724934,55.034929190408725,6017.717171085536,5.868870266711514,64.4639350668888,0.7165,333362,406950.0359911628,291124.4899721747,-0.4999999999999997,-0.8660254037844388
2018-08-01,IU_Central_2,Central,IU,8,2018,1.18,0.68,1.0,9.0,191.00112447626105,53.570213532232394,7095.5437971677,5.235544920383881,63.39829113025296,0.7165,330940,333361.8293668551,283494.24544531794,-0.8660254037844385,-0.5000000000000004
2018-09-01,IU_Central_2,Central,IU,9,2018,1.18,0.82,1.0,8.100090277572075,188.39711633805047,52.841134477805184,6531.593636814687,6.647688572439138,66.44610268847156,0.7165,374984,330940.0978282154,353045.5937357626,-1.0,-1.8369701987210297e-16
2018-10-01,IU_Central_2,Central,IU,10,2018,1.18,1.02,1.0,5.7039702548359585,198.76703147275396,55.473960489324924,6270.02909241682,6.8190780324997196,64.72498830495921,0.7165,447604,374984.4679152863,415717.09426256764,-0.8660254037844386,0.5000000000000001
2018-11-01,IU_Central_2,Central,IU,11,2018,1.18,1.1,1.0,7.627563895971148,200.2234209056321,55.69515542758639,6058.679084577365,6.57090012610928,62.20271787886699,0.7165,541048,447603.67927450774,504815.48518139345,-0.5000000000000004,0.8660254037844384
2018-12-01,IU_Central_2,Central,IU,12,2018,1.18,1.15,1.0,8.802451508406847,117.66893315470793,51.91110966189489,5674.578077884966,5.431250943676925,68.10304980182792,0.7165,603457,541048.1260319717,491559.688767456,-2.4492935982947064e-16,1.0
2019-01-01,IU_Central_2,Central,IU,1,2019,1.24,1.08,1.0,5.0431473529119275,53.06132847249888,55.4438405870725,6704.457700374407,5.303389004711468,56.315065996899506,0.712,618035,603456.7291531222,726524.3910793044,0.49999999999999994,0.8660254037844387
2019-02-01,IU_Central_2,Central,IU,2,2019,1.24,1.12,1.0,8.1530928030145,48.87722338364011,54.214243069487075,7040.03657044239,6.087451190889244,64.94293948628156,0.712,804920,618034.8627115512,613362.7463762955,0.8660254037844386,0.5000000000000001
2019-03-01,IU_Central_2,Central,IU,3,2019,1.24,1.15,1.0,4.68484547104697,47.16036661838723,58.10036236060446,7005.493703088914,4.5498068735005095,58.14699627203226,0.712,743493,804920.3268622409,776289.7207907679,1.0,6.123233995736766e-17
2019-04-01,IU_Central_2,Central,IU,4,2019,1.24,1.05,1.0,5.550527388023618,50.06416638874304,53.73051916855431,6870.372670719154,5.707092044489678,61.551226915175526,0.712,631750,743493.4888351957,686646.656134383,0.8660254037844387,-0.4999999999999998
2019-05-01,IU_Central_2,Central,IU,5,2019,1.24,0.95,1.0,5.368554997532369,98.35196784430042,58.298285374687104,7489.692627348906,7.113524282668705,67.2992548120374,0.712,635432,631750.4535734068,603838.2689647683,0.49999999999999994,-0.8660254037844387
2019-06-01,IU_Central_2,Central,IU,6,2019,1.24,0.72,1.0,8.152320477906395,128.15294867648075,61.65051037427332,7551.419516586538,5.7560355606557,60.10321007823679,0.712,425013,635431.5221708828,406950.0359911628,1.2246467991473532e-16,-1.0
2019-07-01,IU_Central_2,Central,IU,7,2019,1.24,0.65,1.0,5.910780636140964,115.88152637446268,56.93962068914115,7113.615421214074,4.709164288774439,59.505128725184264,0.712,396992,425013.4317726884,333361.8293668551,-0.4999999999999997,-0.8660254037844388
2019-08-01,IU_Central_2,Central,IU,8,2019,1.24,0.68,1.0,5.104619596806803,192.3933249628474,56.39138715837951,8190.818520719244,5.414072601859092,74.7277799336625,0.712,323575,396992.30631901853,330940.0978282154,-0.8660254037844385,-0.5000000000000004
2019-09-01,IU_Central_2,Central,IU,9,2019,1.24,0.82,1.0,7.034253054696874,208.91003882794186,63.99353432088144,6533.97178506761,5.39544613945794,59.762843794319345,0.712,484218,323575.41948854143,374984.4679152863,-1.0,-1.8369701987210297e-16
2019-10-01,IU_Central_2,Central,IU,10,2019,1.24,1.02,1.0,7.293417188711262,219.95582355402712,62.529105457562935,7346.173754537369,7.61224702386925,71.8020836123519,0.712,556752,484217.73501020833,447603.67927450774,-0.8660254037844386,0.5000000000000001
2019-11-01,IU_Central_2,Central,IU,11,2019,1.24,1.1,1.0,7.301043313752958,203.67127771867763,55.706206388333754,7221.638908160285,7.232543264411117,64.51119134168296,0.712,502803,556752.4279782743,541048.1260319717,-0.5000000000000004,0.8660254037844384
2019-12-01,IU_Central_2,Central,IU,12,2019,1.24,1.15,1.0,6.174393001728788,136.33905935475659,58.41703954317693,7072.184603114585,6.484748347281263,63.1006835142441,0.712,666083,502803.1920300217,603456.7291531222,-2.4492935982947064e-16,1.0
2020-01-01,IU_Central_2,Central,IU,1,2020,1.3,1.08,1.0,5.744780989464516,85.2857575686466,63.48603472704425,7978.872042321903,5.225539255406882,68.26714556235282,0.7075,757461,666083.0803965728,618034.8627115512,0.49999999999999994,0.8660254037844387
2020-02-01,IU_Central_2,Central,IU,2,2020,1.3,1.12,1.0,4.659060124745036,55.86220193451987,63.110981268178534,8289.688375717218,6.460503728783778,71.346376302178,0.7075,680665,757461.1028604949,804920.3268622409,0.8660254037844386,0.5000000000000001
2020-03-01,IU_Central_2,Central,IU,3,2020,1.3,1.15,1.0,7.4491018417430555,38.991959161302596,67.94402034313836,8191.332800733002,4.5932322887596335,61.41572823156669,0.7075,1066374,680665.0450490565,743493.4888351957,1.0,6.123233995736766e-17
2020-04-01,IU_Central_2,Central,IU,4,2020,1.3,1.05,0.68,6.812386018609697,39.58883906641271,62.76168967725826,8116.475885827128,6.361260252195407,63.95900084108588,0.7075,557330,1066374.489458321,631750.4535734068,0.8660254037844387,-0.4999999999999998
2020-05-01,IU_Central_2,Central,IU,5,2020,1.3,0.95,0.68,6.73888802306899,80.49795303467432,63.21170462689305,7708.396487282561,6.242378829936035,69.387478938737,0.7075,482194,557330.4524911767,635431.5221708828,0.49999999999999994,-0.8660254037844387
2020-06-01,IU_Central_2,Central,IU,6,2020,1.3,0.72,0.68,6.392278949708434,126.5752258942603,64.56598688543924,7564.670005013055,5.378923412280575,67.151977249708,0.7075,305905,482193.7259969182,425013.4317726884,1.2246467991473532e-16,-1.0
2020-07-01,IU_Central_2,Central,IU,7,2020,1.3,0.65,1.0,6.0630197954141805,131.11221697811385,66.069759148143,8162.987909189775,6.4113490506806174,70.40767132256553,0.7075,446022,305904.91274733,396992.30631901853,-0.4999999999999997,-0.8660254037844388
2020-08-01,IU_Central_2,Central,IU,8,2020,1.3,0.68,1.0,3.9461048472404334,226.94787830595936,65.31069758291231,8111.877076004341,5.14222309642892,68.06044781772712,0.7075,367548,446022.2216187724,323575.41948854143,-0.8660254037844385,-0.5000000000000004
2020-09-01,IU_Central_2,Central,IU,9,2020,1.3,0.82,1.0,6.199301311726957,230.16233046447292,64.11425435893491,8204.153735903206,4.487931521521413,73.2328960365966,0.7075,450449,367548.39963706565,484217.73501020833,-1.0,-1.8369701987210297e-16
2020-10-01,IU_Central_2,Central,IU,10,2020,1.3,1.02,1.0,5.576458104296163,150.33456402472638,57.82390058381827,8243.9405139775,6.282372010399937,66.7143543953346,0.7075,572621,450448.87889774924,556752.4279782743,-0.8660254037844386,0.5000000000000001
2020-11-01,IU_Central_2,Central,IU,11,2020,1.3,1.1,1.0,6.955376730161282,192.77997493095697,61.03558682782472,8057.694269180512,5.431805656688432,66.88724459332384,0.7075,598917,572621.2315111383,502803.1920300217,-0.5000000000000004,0.8660254037844384
2020-12-01,IU_Central_2,Central,IU,12,2020,1.3,1.15,1.0,6.408242847079093,114.45034135422277,64.95826362161581,8197.236982309587,5.981424482638934,67.28688548806319,0.7075,772193,598917.3119002496,666083.0803965728,-2.4492935982947064e-16,1.0
2021-01-01,IU_Central_2,Central,IU,1,2021,1.3599999999999999,1.08,1.0,5.660456564183626,70.65810121857982,67.75119609183791,6803.091938325896,6.556709273247525,66.23004459309377,0.703,831640,772193.4659743932,757461.1028604949,0.49999999999999994,0.8660254037844387
2021-02-01,IU_Central_2,Central,IU,2,2021,1.3599999999999999,1.12,1.0,2.9789302429638127,58.928783370806194,69.47838590146885,7872.955291095946,4.522196742082962,70.1923486352037,0.703,848603,831639.8675570803,680665.0450490565,0.8660254037844386,0.5000000000000001
2021-03-01,IU_Central_2,Central,IU,3,2021,1.3599999999999999,1.15,1.0,4.893199356069835,39.69367352343965,72.66149818501374,6827.296610304983,4.985296396128019,67.7481648954521,0.703,946722,848603.3493944459,1066374.489458321,1.0,6.123233995736766e-17
2021-04-01,IU_Central_2,Central,IU,4,2021,1.3599999999999999,1.05,1.0,4.3305292881156126,65.16639066023782,63.469110384822024,7020.238357713066,6.355707603662171,69.95272003658057,0.703,778675,946721.9467736445,557330.4524911767,0.8660254037844387,-0.4999999999999998
2021-05-01,IU_Central_2,Central,IU,5,2021,1.3599999999999999,0.95,1.0,5.302839109019688,69.76534347335898,70.41373052441375,6861.474721871223,5.634985384684226,70.57799941449663,0.703,732546,778674.5444458744,482193.7259969182,0.49999999999999994,-0.8660254037844387
2021-06-01,IU_Central_2,Central,IU,6,2021,1.3599999999999999,0.72,1.0,4.501342074268828,88.83016456849222,66.0089096125191,6853.917983880263,4.540173804636322,68.51381872624131,0.703,509828,732546.4235240923,305904.91274733,1.2246467991473532e-16,-1.0
2021-07-01,IU_Central_2,Central,IU,7,2021,1.3599999999999999,0.65,1.0,4.668865068688033,153.2694812520126,69.8060494578242,7198.268381959545,4.335985837168417,68.80686529693678,0.703,451014,509828.49349505454,446022.2216187724,-0.4999999999999997,-0.8660254037844388
2021-08-01,IU_Central_2,Central,IU,8,2021,1.3599999999999999,0.68,1.0,5.550840685888044,211.68987808693893,66.87633776989564,7141.174282525113,4.677535487917323,62.75868084961386,0.703,393902,451014.47143898247,367548.39963706565,-0.8660254037844385,-0.5000000000000004
2021-09-01,IU_Central_2,Central,IU,9,2021,1.3599999999999999,0.82,1.0,4.4814342637174684,172.1857104339337,73.38101361667898,6980.422501303624,4.509268236157697,64.59858564872071,0.703,572476,393902.49784594367,450448.87889774924,-1.0,-1.8369701987210297e-16
2021-10-01,IU_Central_2,Central,IU,10,2021,1.3599999999999999,1.02,1.0,5.145909847488815,151.51741675930006,67.39026080878521,7059.615480773028,5.2898784955916245,70.17353381196293,0.703,700762,572475.9927623833,572621.2315111383,-0.8660254037844386,0.5000000000000001
2021-11-01,IU_Central_2,Central,IU,11,2021,1.3599999999999999,1.1,1.0,3.1767057309508324,165.4942576648661,65.07845732693205,6863.263579025497,5.16274760575808,72.49452472727405,0.703,636727,700761.9881644256,598917.3119002496,-0.5000000000000004,0.8660254037844384
2021-12-01,IU_Central_2,Central,IU,12,2021,1.3599999999999999,1.15,1.0,4.00111822788793,93.65363021698472,68.2596238683753,7367.956213949241,5.3233902034202805,59.03827909796656,0.703,872479,636727.381874845,772193.4659743932,-2.4492935982947064e-16,1.0
2022-01-01,IU_Central_2,Central,IU,1,2022,1.42,1.08,1.0,6.2265921088637315,83.68031239536096,72.47182834215481,9084.836734165472,4.027349758752173,65.32854741099433,0.6985,914031,872478.5411150046,831639.8675570803,0.49999999999999994,0.8660254037844387
2022-02-01,IU_Central_2,Central,IU,2,2022,1.42,1.12,1.0,3.96310928818441,48.12661136087575,74.91429128233135,7766.321425244703,4.643332873979795,67.69448240965859,0.6985,1030534,914030.730977881,848603.3493944459,0.8660254037844386,0.5000000000000001
2022-03-01,IU_Central_2,Central,IU,3,2022,1.42,1.15,1.0,6.934209921343776,42.96679893011424,72.84415839581477,8337.283450680225,3.055440180835026,64.08290215167729,0.6985,1193148,1030533.8076276716,946721.9467736445,1.0,6.123233995736766e-17
2022-04-01,IU_Central_2,Central,IU,4,2022,1.42,1.05,1.0,6.608619054581764,40.19022001085016,78.92519391750791,8180.227030658972,4.816005053889093,64.30992142327327,0.6985,1043414,1193147.905085929,778674.5444458744,0.8660254037844387,-0.4999999999999998
2022-05-01,IU_Central_2,Central,IU,5,2022,1.42,0.95,1.0,5.117463905812436,95.57795781732685,71.16578759379318,8460.883391159317,5.6403525159646914,69.49967949517522,0.6985,775204,1043413.7638796194,732546.4235240923,0.49999999999999994,-0.8660254037844387
2022-06-01,IU_Central_2,Central,IU,6,2022,1.42,0.72,1.0,9.0,116.70537927011358,71.20114015065857,8473.556832222885,3.5602032725230552,73.92550387668572,0.6985,602469,775204.0537242097,509828.49349505454,1.2246467991473532e-16,-1.0
2022-07-01,IU_Central_2,Central,IU,7,2022,1.42,0.65,1.0,6.931064121638131,178.32454402971575,69.68834184984084,8252.43571374805,5.086742584517968,59.47270577471143,0.6985,437683,602468.6079713284,451014.47143898247,-0.4999999999999997,-0.8660254037844388
2022-08-01,IU_Central_2,Central,IU,8,2022,1.42,0.68,1.0,4.300204420173297,216.5351090131873,71.75700501506253,8142.080740747857,4.211188518591548,66.91809540407321,0.6985,418519,437682.96380163694,393902.49784594367,-0.8660254037844385,-0.5000000000000004
2022-09-01,IU_Central_2,Central,IU,9,2022,1.42,0.82,1.0,6.334748692660237,165.2766514290213,72.19317736324886,7964.497410157851,5.3420009229546945,69.45312136716154,0.6985,561864,418519.2594758149,572475.9927623833,-1.0,-1.8369701987210297e-16
2022-10-01,IU_Central_2,Central,IU,10,2022,1.42,1.02,1.0,5.518375507803888,214.33135646770273,72.34363158986763,7815.7678411007655,4.826917960969823,70.72085588880095,0.6985,639725,561863.6229620444,700761.9881644256,-0.8660254037844386,0.5000000000000001
2022-11-01,IU_Central_2,Central,IU,11,2022,1.42,1.1,1.0,4.5072853191888855,125.79839739653619,71.70156302648199,8116.419452571348,5.023763290128352,68.87650937227615,0.6985,838324,639725.0486545896,636727.381874845,-0.5000000000000004,0.8660254037844384
2022-12-01,IU_Central_2,Central,IU,12,2022,1.42,1.15,1.0,4.155448856420728,95.33752063032193,69.67053634981811,7581.935025861696,4.751859119004352,74.64561019974445,0.6985,846135,838323.9338697947,872478.5411150046,-2.4492935982947064e-16,1.0
2023-01-01,IU_Central_2,Central,IU,1,2023,1.48,1.08,1.0,7.693872001866055,103.56799083186121,73.35500461575293,8865.585127474655,5.362665445107482,68.51562637330318,0.694,1014058,846135.268956877,914030.730977881,0.49999999999999994,0.8660254037844387
2023-02-01,IU_Central_2,Central,IU,2,2023,1.48,1.12,1.0,5.7824654424510396,59.176609183649916,74.87447882549333,9630.904454040172,4.577928382156082,73.64797116156839,0.694,1048431,1014057.6239200467,1030533.8076276716,0.8660254037844386,0.5000000000000001
2023-03-01,IU_Central_2,Central,IU,3,2023,1.48,1.15,1.0,6.377748373955538,52.44198505260253,79.42461298070535,9177.150822513377,3.735661028798039,65.81452931861612,0.694,1277642,1048430.8458971493,1193147.905085929,1.0,6.123233995736766e-17
2023-04-01,IU_Central_2,Central,IU,4,2023,1.48,1.05,1.0,5.3947688861281655,47.90149221042908,80.07039905647444,9534.519311548513,4.3789720418568026,68.63193178635541,0.694,1061708,1277641.9558757904,1043413.7638796194,0.8660254037844387,-0.4999999999999998
2023-05-01,IU_Central_2,Central,IU,5,2023,1.48,0.95,1.0,5.602210475241691,81.22914396893611,75.7691063906787,9794.160072023806,4.00489516562716,63.5491396968046,0.694,893289,1061708.3735957327,775204.0537242097,0.49999999999999994,-0.8660254037844387
2023-06-01,IU_Central_2,Central,IU,6,2023,1.48,0.72,1.0,6.3476849599142335,129.49238544154255,73.17525110059772,9053.157067865848,4.429919925215671,72.00345776219598,0.694,602956,893288.9080072276,602468.6079713284,1.2246467991473532e-16,-1.0
2023-07-01,IU_Central_2,Central,IU,7,2023,1.48,0.65,1.0,6.965818751268982,159.70730640174654,75.75647916904963,9226.116948414654,3.9641842301065497,67.9182285494353,0.694,538357,602955.853575985,437682.96380163694,-0.4999999999999997,-0.8660254037844388
2023-08-01,IU_Central_2,Central,IU,8,2023,1.48,0.68,1.0,3.393969003738262,168.09751094701338,82.27499630581023,8996.989670658775,3.758551411562948,69.83128425007959,0.694,548164,538356.7576470573,418519.2594758149,-0.8660254037844385,-0.5000000000000004
2023-09-01,IU_Central_2,Central,IU,9,2023,1.48,0.82,1.0,6.5203037590001,173.11745906359852,78.99690350594986,8767.147730813493,4.4594177701987565,67.14652547485971,0.694,694544,548163.640415847,561863.6229620444,-1.0,-1.8369701987210297e-16
2023-10-01,IU_Central_2,Central,IU,10,2023,1.48,1.02,1.0,5.604654784897957,195.3540740121554,77.65222807459764,8703.984606327933,4.344631702893243,70.74571400663606,0.694,773252,694544.1914866504,639725.0486545896,-0.8660254037844386,0.5000000000000001
2023-11-01,IU_Central_2,Central,IU,11,2023,1.48,1.1,1.0,8.18283518414027,134.3953638001047,78.88805475115771,9512.237990695938,5.151164676036678,69.98973589542301,0.694,1017978,773252.1576011425,838323.9338697947,-0.5000000000000004,0.8660254037844384
2023-12-01,IU_Central_2,Central,IU,12,2023,1.48,1.15,1.0,9.0,100.29245713739667,80.62169983402394,9226.702599246057,3.9680352966937495,64.42139428011518,0.694,1210847,1017978.0093883376,846135.268956877,-2.4492935982947064e-16,1.0
2024-01-01,IU_Central_2,Central,IU,1,2024,1.54,1.08,1.0,7.129525329835363,84.72286413385511,77.04140139535865,8858.151059409041,2.315316922003754,65.45293026966796,0.6895,1034876,1210847.4943915748,1014057.6239200467,0.49999999999999994,0.8660254037844387
2024-02-01,IU_Central_2,Central,IU,2,2024,1.54,1.12,1.0,5.493985898923988,49.994024360034174,79.32388039390864,8464.603082788319,3.6089033612293497,69.0889250786346,0.6895,1109737,1034875.8317936988,1048430.8458971493,0.8660254037844386,0.5000000000000001
2024-03-01,IU_Central_2,Central,IU,3,2024,1.54,1.15,1.0,7.700912535682101,45.62323762349011,78.91383510148955,7698.1338316812025,2.598855392866738,71.83829582962663,0.6895,1402532,1109737.0137007572,1277641.9558757904,1.0,6.123233995736766e-17
2024-04-01,IU_Central_2,Central,IU,4,2024,1.54,1.05,1.0,7.314144976387975,47.48537122162906,82.26134319121294,8405.333658074615,4.232537579277261,76.6515822124554,0.6895,1320269,1402532.0958891576,1061708.3735957327,0.8660254037844387,-0.4999999999999998
2024-05-01,IU_Central_2,Central,IU,5,2024,1.54,0.95,1.0,9.0,73.02492860029358,80.98033267191879,7889.895684376553,2.56088165732097,70.41196342666292,0.6895,1032438,1320268.5565843435,893288.9080072276,0.49999999999999994,-0.8660254037844387
2024-06-01,IU_Central_2,Central,IU,6,2024,1.54,0.72,1.0,9.0,127.62396112863847,82.76893387206823,8574.766546080618,3.109303150068719,73.23012560995416,0.6895,725896,1032437.6911798939,602955.853575985,1.2246467991473532e-16,-1.0
2024-07-01,IU_Central_2,Central,IU,7,2024,1.54,0.65,1.0,8.599110136495698,140.51140301070814,78.97933795039833,7808.329432213209,3.6101324333801097,62.74859626094333,0.6895,677840,725895.8956526854,538356.7576470573,-0.4999999999999997,-0.8660254037844388
2024-08-01,IU_Central_2,Central,IU,8,2024,1.54,0.68,1.0,6.856627274324631,170.5962692915312,84.61585615203747,7553.587994863366,5.1351604838089155,77.25182339773593,0.6895,653612,677839.5586762368,548163.640415847,-0.8660254037844385,-0.5000000000000004
2024-09-01,IU_Central_2,Central,IU,9,2024,1.54,0.82,1.0,8.373980051196785,181.44636828861755,80.2919988755521,7669.089892294934,3.0416879074280656,71.62274484451677,0.6895,782129,653611.5411143492,694544.1914866504,-1.0,-1.8369701987210297e-16
2024-10-01,IU_Central_2,Central,IU,10,2024,1.54,1.02,1.0,7.878667802661786,183.3281061740865,82.58363665587456,7692.080470885857,3.909923986517269,69.00158195536488,0.6895,988237,782128.7850680995,773252.1576011425,-0.8660254037844386,0.5000000000000001
2024-11-01,IU_Central_2,Central,IU,11,2024,1.54,1.1,1.0,7.85024801573909,202.53847703910168,84.08621949676882,7649.066382894169,4.363981261565807,68.5412158101683,0.6895,983027,988236.9341016542,1017978.0093883376,-0.5000000000000004,0.8660254037844384
2024-12-01,IU_Central_2,Central,IU,12,2024,1.54,1.15,1.0,5.690784353498376,95.21780115077118,83.8453729464849,7769.50595295027,5.087248442576557,64.771200808564,0.6895,1188399,983027.0804375774,1210847.4943915748,-2.4492935982947064e-16,1.0
2025-01-01,IU_Central_2,Central,IU,1,2025,1.6,1.08,1.0,9.0,95.5460909854095,86.08248522520539,9385.51134164581,4.122235801377128,66.71485281711932,0.6849999999999999,1288710,1188398.6689993255,1034875.8317936988,0.49999999999999994,0.8660254037844387
2025-02-01,IU_Central_2,Central,IU,2,2025,1.6,1.12,1.0,8.129369993973482,56.33082442818996,87.45804071914763,9808.219893719235,4.375125561305972,77.64174252853365,0.6849999999999999,1319354,1288709.8115137077,1109737.0137007572,0.8660254037844386,0.5000000000000001
2025-03-01,IU_Central_2,Central,IU,3,2025,1.6,1.15,1.0,7.87899038294651,49.40187308421996,90.22498199191686,8401.414718000377,4.191445647081233,66.04398224685595,0.6849999999999999,1525403,1319354.1631922855,1402532.0958891576,1.0,6.123233995736766e-17
2025-04-01,IU_Central_2,Central,IU,4,2025,1.6,1.05,1.0,7.279812205989407,74.58091894852609,86.54080370192409,9568.58086927437,2.5327016228830885,65.96692896853462,0.6849999999999999,1297019,1525402.738051178,1320268.5565843435,0.8660254037844387,-0.4999999999999998
2025-05-01,IU_Central_2,Central,IU,5,2025,1.6,0.95,1.0,7.047660200415947,97.17743624945426,82.81106079381526,8785.03332781096,3.787753683453637,67.19111805569769,0.6849999999999999,1001119,1297019.0612393091,1032437.6911798939,0.49999999999999994,-0.8660254037844387
2025-06-01,IU_Central_2,Central,IU,6,2025,1.6,0.72,1.0,8.380710297534778,136.6620050623415,86.74915219289166,9156.547139040458,4.178928761737778,65.20727698815492,0.6849999999999999,785743,1001119.3655483454,725895.8956526854,1.2246467991473532e-16,-1.0
2025-07-01,IU_Central_2,Central,IU,7,2025,1.6,0.65,1.0,5.901004637770302,128.5000875609996,84.88815634594123,8255.63428624147,2.734799768260784,70.06122629938204,0.6849999999999999,659990,785742.5737560077,677839.5586762368,-0.4999999999999997,-0.8660254037844388
2025-08-01,IU_Central_2,Central,IU,8,2025,1.6,0.68,1.0,8.947398511580051,155.60244823951803,77.95599659678697,9235.815757804638,3.036192098620782,74.35564205066096,0.6849999999999999,649682,659989.7695973057,653611.5411143492,-0.8660254037844385,-0.5000000000000004
2025-09-01,IU_Central_2,Central,IU,9,2025,1.6,0.82,1.0,6.735073475605177,210.80570553095663,86.38599407110928,8097.609421432224,2.857446163898355,67.55803069491186,0.6849999999999999,771700,649681.8010920321,782128.7850680995,-1.0,-1.8369701987210297e-16
2025-10-01,IU_Central_2,Central,IU,10,2025,1.6,1.02,1.0,5.52958317655365,141.06973666029776,85.34995195004682,9141.270782539026,4.118098388774427,64.50670288095671,0.6849999999999999,942353,771700.1397125291,988236.9341016542,-0.8660254037844386,0.5000000000000001
2025-11-01,IU_Central_2,Central,IU,11,2025,1.6,1.1,1.0,9.0,174.77054203098928,88.46925331449232,9115.765221162654,3.4445751037366943,71.16744525205861,0.6849999999999999,1238968,942352.7914516822,983027.0804375774,-0.5000000000000004,0.8660254037844384
2025-12-01,IU_Central_2,Central,IU,12,2025,1.6,1.15,1.0,6.970295540785306,81.5714059663018,82.74971902753508,9085.953435432413,3.243323284531922,69.77690264928074,0.6849999999999999,1303044,1238968.146439362,1188398.6689993255,-2.4492935982947064e-16,1.0
2015-01-01,IU_Central_3,Central,IU,1,2015,1.0,1.08,1.0,5.375877679192526,90.41192169266738,41.30836926630937,5974.13547030125,8.232254640217722,66.35728542651262,0.73,409478,,,0.49999999999999994,0.8660254037844387
2015-02-01,IU_Central_3,Central,IU,2,2015,1.0,1.12,1.0,8.537611621863505,50.440292321071794,37.74509118694214,5736.113000885876,7.458751745341881,66.74192207616653,0.73,444458,409478.2511594222,,0.8660254037844386,0.5000000000000001
2015-03-01,IU_Central_3,Central,IU,3,2015,1.0,1.15,1.0,6.701721753513914,36.65030564193842,38.94961548544732,5791.807816200446,8.087585324782351,64.42597050463496,0.73,443871,444458.0417652953,,1.0,6.123233995736766e-17
2015-04-01,IU_Central_3,Central,IU,4,2015,1.0,1.05,1.0,5.632462979317938,59.967211420638726,41.811792786040996,5802.433882338524,7.603017054682489,62.27950553438593,0.73,429574,443870.9350151712,,0.8660254037844387,-0.4999999999999998
2015-05-01,IU_Central_3,Central,IU,5,2015,1.0,0.95,1.0,7.825465429989429,82.17920166955138,41.66445614451676,4383.606180923218,7.473271263921659,50.037594207181854,0.73,356144,429573.82873713033,,0.49999999999999994,-0.8660254037844387
2015-06-01,IU_Central_3,Central,IU,6,2015,1.0,0.72,1.0,7.09360582333763,109.60939522214856,37.95791074251463,5511.768633875836,7.779783745661093,63.697164530617854,0.73,257657,356144.4514734014,,1.2246467991473532e-16,-1.0
2015-07-01,IU_Central_3,Central,IU,7,2015,1.0,0.65,1.0,4.373648354919155,171.49456453438316,35.92652798010012,4698.773252446131,8.470878049841799,60.434678379084545,0.73,191158,257656.99684151457,,-0.4999999999999997,-0.8660254037844388
2015-08-01,IU_Central_3,Central,IU,8,2015,1.0,0.68,1.0,5.8692076193073754,216.85716156159532,41.866422921101915,5736.292441024827,7.68887783537206,61.01490235432984,0.73,199872,191158.27555035616,,-0.8660254037844385,-0.5000000000000004
2015-09-01,IU_Central_3,Central,IU,9,2015,1.0,0.82,1.0,6.834916804665852,169.7698080563672,41.65713157902803,4565.28101067877,7.882824664726718,54.41049067790873,0.73,308007,199872.1049343572,,-1.0,-1.8369701987210297e-16
2015-10-01,IU_Central_3,Central,IU,10,2015,1.0,1.02,1.0,3.9085199868288094,183.59068368738255,39.14509147363543,5425.982336064819,7.205212069138639,63.97435394349677,0.73,319780,308007.26142858824,,-0.8660254037844386,0.5000000000000001
2015-11-01,IU_Central_3,Central,IU,11,2015,1.0,1.1,1.0,6.602084102464873,154.0795991778781,41.32583315142514,5753.676076181448,8.75670917919602,56.205675812692185,0.73,368630,319779.76691442286,,-0.5000000000000004,0.8660254037844384
2015-12-01,IU_Central_3,Central,IU,12,2015,1.0,1.15,1.0,6.689575247246312,128.1411689841026,38.662511557073394,5004.188600230293,8.012269688743737,62.473698183965574,0.73,405886,368630.3120980771,,-2.4492935982947064e-16,1.0
2016-01-01,IU_Central_3,Central,IU,1,2016,1.06,1.08,1.0,6.140469912928834,87.5840998743183,42.018887304895635,6912.7721822309995,7.162166768020005,66.41862992763936,0.7255,473088,405886.14230965124,409478.2511594222,0.49999999999999994,0.8660254037844387
2016-02-01,IU_Central_3,Central,IU,2,2016,1.06,1.12,1.0,7.8854340352917776,46.522522294522965,44.511886543363225,6707.9799764783365,7.00187706219626,60.92268727472979,0.7255,557450,473088.4557188148,444458.0417652953,0.8660254037844386,0.5000000000000001
2016-03-01,IU_Central_3,Central,IU,3,2016,1.06,1.15,1.0,7.569616778729861,31.04349294456385,46.05709822327455,6651.371113127109,7.882326615418489,67.66420690091375,0.7255,552556,557449.5780600746,443870.9350151712,1.0,6.123233995736766e-17
2016-04-01,IU_Central_3,Central,IU,4,2016,1.06,1.05,1.0,6.131107244717803,58.5675780831194,45.4277508086573,6794.10071437979,6.615036738363792,59.81203848717128,0.7255,484627,552556.4707051262,429573.82873713033,0.8660254037844387,-0.4999999999999998
2016-05-01,IU_Central_3,Central,IU,5,2016,1.06,0.95,1.0,8.66413282801521,66.56065675307345,46.02748804023002,6318.359960505055,5.673699986982934,65.201732306924,0.7255,460385,484626.96752320026,356144.4514734014,0.49999999999999994,-0.8660254037844387
2016-06-01,IU_Central_3,Central,IU,6,2016,1.06,0.72,1.0,8.566084725501186,124.88131569078978,42.218263380132626,6548.363488690614,7.157919679539564,57.580856994165885,0.7255,325100,460384.82212640025,257656.99684151457,1.2246467991473532e-16,-1.0
2016-07-01,IU_Central_3,Central,IU,7,2016,1.06,0.65,1.0,7.212975667556988,156.83245843046362,49.245643374274756,6484.52320750544,8.052003658491474,66.92452173872209,0.7255,290866,325099.735654354,191158.27555035616,-0.4999999999999997,-0.8660254037844388
2016-08-01,IU_Central_3,Central,IU,8,2016,1.06,0.68,1.0,7.322362583709633,193.89418917958858,43.472857433984124,6474.352974922785,8.37304704894774,66.30396153031715,0.7255,246701,290865.51580157306,199872.1049343572,-0.8660254037844385,-0.5000000000000004
2016-09-01,IU_Central_3,Central,IU,9,2016,1.06,0.82,1.0,8.432176896894235,249.53701915120575,44.143253045570226,6177.586015508865,7.014164845252895,64.67343169185492,0.7255,291095,246700.86076264913,308007.26142858824,-1.0,-1.8369701987210297e-16
2016-10-01,IU_Central_3,Central,IU,10,2016,1.06,1.02,1.0,7.319864400045653,275.5458500829202,40.5440322723464,5920.860548374832,7.134870131153426,61.22686345354475,0.7255,288482,291094.69322170323,319779.76691442286,-0.8660254037844386,0.5000000000000001
2016-11-01,IU_Central_3,Central,IU,11,2016,1.06,1.1,1.0,5.243570331155635,120.7975021264334,43.91843453110815,6328.413742819786,7.515624346012764,57.19199750628755,0.7255,416729,288482.48488689226,368630.3120980771,-0.5000000000000004,0.8660254037844384
2016-12-01,IU_Central_3,Central,IU,12,2016,1.06,1.15,1.0,8.144984040659734,137.71031079599265,46.096713210554555,6303.62344176263,6.8885204649089875,61.23743873912217,0.7255,549727,416728.50453328225,405886.14230965124,-2.4492935982947064e-16,1.0
2017-01-01,IU_Central_3,Central,IU,1,2017,1.12,1.08,1.0,7.02408881511379,78.12502672786825,51.287531838077996,7121.29137864508,7.113124758712919,68.0412287029925,0.721,580309,549727.3595063793,473088.4557188148,0.49999999999999994,0.8660254037844387
2017-02-01,IU_Central_3,Central,IU,2,2017,1.12,1.12,1.0,7.532188334698888,58.68972540392772,53.68582221156035,7836.244524842191,6.631678599145386,64.11984748627647,0.721,681815,580308.5583291368,557449.5780600746,0.8660254037844386,0.5000000000000001
2017-03-01,IU_Central_3,Central,IU,3,2017,1.12,1.15,1.0,9.0,45.743578457074975,50.56070468747638,6925.327344992655,7.509094605752144,57.3878522819502,0.721,700460,681815.0011185624,552556.4707051262,1.0,6.123233995736766e-17
2017-04-01,IU_Central_3,Central,IU,4,2017,1.12,1.05,1.0,7.8392258311894425,61.442876436170195,49.83073958739911,7375.641201526621,7.278384410478259,59.10108944232024,0.721,622193,700459.8388341627,484626.96752320026,0.8660254037844387,-0.4999999999999998
2017-05-01,IU_Central_3,Central,IU,5,2017,1.12,0.95,1.0,8.002081923048648,83.41957898195236,47.66111466545704,7977.673193230244,7.348182265841946,68.61260560340912,0.721,432102,622193.0641782321,460384.82212640025,0.49999999999999994,-0.8660254037844387
2017-06-01,IU_Central_3,Central,IU,6,2017,1.12,0.72,1.0,8.611600730556317,103.98762327080958,47.01477877530098,7861.928531697479,6.53574588415833,65.55165100851154,0.721,354840,432102.26041428914,325099.735654354,1.2246467991473532e-16,-1.0
2017-07-01,IU_Central_3,Central,IU,7,2017,1.12,0.65,1.0,8.606400732648838,182.26358772903092,51.91074554400447,8000.152571321458,8.24074185640181,58.66399951704029,0.721,330703,354839.76055647316,290865.51580157306,-0.4999999999999997,-0.8660254037844388
2017-08-01,IU_Central_3,Central,IU,8,2017,1.12,0.68,1.0,6.89696267914666,192.6322554556572,51.853211055216725,7186.969063209278,7.087129553903578,56.53667401530163,0.721,313087,330703.3375020435,246700.86076264913,-0.8660254037844385,-0.5000000000000004
2017-09-01,IU_Central_3,Central,IU,9,2017,1.12,0.82,1.0,7.9276417813587505,192.98470354597603,45.76896189745368,7805.749979605149,6.897835242789466,61.099831461599734,0.721,357718,313087.3605482975,291094.69322170323,-1.0,-1.8369701987210297e-16
2017-10-01,IU_Central_3,Central,IU,10,2017,1.12,1.02,1.0,8.043383033510992,175.7609387071141,51.169287661460444,6974.483644387521,6.0912456155464225,56.19456516804033,0.721,474453,357718.4165447043,288482.48488689226,-0.8660254037844386,0.5000000000000001
2017-11-01,IU_Central_3,Central,IU,11,2017,1.12,1.1,1.0,8.326432275954593,184.15205365852307,50.95115107418753,7328.677042910237,6.622342543881157,62.976662039972,0.721,489590,474452.7812499764,416728.50453328225,-0.5000000000000004,0.8660254037844384
2017-12-01,IU_Central_3,Central,IU,12,2017,1.12,1.15,1.0,8.347066329099944,148.86065085613282,45.65857334495742,7371.030208176593,6.791503808562109,73.40650148734522,0.721,486626,489589.60856687924,549727.3595063793,-2.4492935982947064e-16,1.0
2018-01-01,IU_Central_3,Central,IU,1,2018,1.18,1.08,1.0,9.0,65.65576929560439,55.12137041436753,6088.051581483264,5.66985816286056,58.01217569720332,0.7165,673069,486625.97749456787,580308.5583291368,0.49999999999999994,0.8660254037844387
2018-02-01,IU_Central_3,Central,IU,2,2018,1.18,1.12,1.0,6.149628447075127,55.449590758736214,50.351360621554576,6184.3633823343325,6.06614628338473,63.65589734717515,0.7165,666716,673068.9378612568,681815.0011185624,0.8660254037844386,0.5000000000000001
2018-03-01,IU_Central_3,Central,IU,3,2018,1.18,1.15,1.0,8.736770116017368,37.765676887464124,46.21212109697953,6125.16050959856,6.167359985517592,69.64770630132502,0.7165,710822,666715.8615628576,700459.8388341627,1.0,6.123233995736766e-17
2018-04-01,IU_Central_3,Central,IU,4,2018,1.18,1.05,1.0,8.980711138779492,39.55540658305991,53.01969275892385,5905.102461976606,6.344736528738575,67.39635143320038,0.7165,706363,710821.8859381032,622193.0641782321,0.8660254037844387,-0.4999999999999998
2018-05-01,IU_Central_3,Central,IU,5,2018,1.18,0.95,1.0,8.152000940488053,81.77246984915611,54.27344411576497,6732.565754674974,4.889834407966717,63.80503714080345,0.7165,598611,706363.4891173969,432102.26041428914,0.49999999999999994,-0.8660254037844387
2018-06-01,IU_Central_3,Central,IU,6,2018,1.18,0.72,1.0,6.780281697932131,105.00351995658791,53.15478758535066,6265.077175678947,6.191783567436588,63.814605319327214,0.7165,403301,598610.9886012091,354839.76055647316,1.2246467991473532e-16,-1.0
2018-07-01,IU_Central_3,Central,IU,7,2018,1.18,0.65,1.0,9.0,122.13392253279525,62.10132045156392,6437.826121735147,5.998123053536054,59.77636087030169,0.7165,449493,403301.4308509813,330703.3375020435,-0.4999999999999997,-0.8660254037844388
2018-08-01,IU_Central_3,Central,IU,8,2018,1.18,0.68,1.0,4.930280734091584,167.08661850535879,54.636553687704925,6420.879269009153,6.28329268030008,63.32937691997779,0.7165,339505,449492.5819121522,313087.3605482975,-0.8660254037844385,-0.5000000000000004
2018-09-01,IU_Central_3,Central,IU,9,2018,1.18,0.82,1.0,6.740740135118429,169.1667824625844,53.9414254578961,6371.806568271878,7.128221252944205,65.37376285696052,0.7165,385610,339505.35717319814,357718.4165447043,-1.0,-1.8369701987210297e-16
2018-10-01,IU_Central_3,Central,IU,10,2018,1.18,1.02,1.0,8.966678808447195,170.92110203105833,54.78877390994227,6388.941722697761,7.941916393696965,68.82045417309637,0.7165,562252,385609.5269453045,474452.7812499764,-0.8660254037844386,0.5000000000000001
2018-11-01,IU_Central_3,Central,IU,11,2018,1.18,1.1,1.0,7.116526247672799,128.17878215311146,52.17604298679971,6209.741927958409,6.842701759715702,61.91929750594098,0.7165,531277,562251.7839328507,489589.60856687924,-0.5000000000000004,0.8660254037844384
2018-12-01,IU_Central_3,Central,IU,12,2018,1.18,1.15,1.0,9.0,112.88747804472817,56.28843718628062,6985.458267804057,5.312462262346931,63.640659487746156,0.7165,708124,531276.8035076988,486625.97749456787,-2.4492935982947064e-16,1.0
2019-01-01,IU_Central_3,Central,IU,1,2019,1.24,1.08,1.0,4.685834306385919,71.44101046299232,59.08300583853131,7662.335142735762,5.623674438533973,61.40314607697327,0.712,684742,708123.6010009592,673068.9378612568,0.49999999999999994,0.8660254037844387
2019-02-01,IU_Central_3,Central,IU,2,2019,1.24,1.12,1.0,5.16547772726239,53.57552357040145,58.94551511167747,7328.27191474681,6.376770647064873,66.10130071816202,0.712,672374,684742.4055005098,666715.8615628576,0.8660254037844386,0.5000000000000001
2019-03-01,IU_Central_3,Central,IU,3,2019,1.24,1.15,1.0,5.86203419584763,43.56123391838989,56.12763933139918,7118.825503815122,6.286632397143219,68.33511780123585,0.712,731980,672373.8883846836,710821.8859381032,1.0,6.123233995736766e-17
2019-04-01,IU_Central_3,Central,IU,4,2019,1.24,1.05,1.0,7.000879133043835,52.6970987642749,53.30700902065272,7266.530620771765,6.6898605883624604,67.71859205371958,0.712,670689,731980.3852762973,706363.4891173969,0.8660254037844387,-0.4999999999999998
2019-05-01,IU_Central_3,Central,IU,5,2019,1.24,0.95,1.0,6.233575819543972,77.17466650551789,56.49584173276813,7507.929682367137,5.822119204567524,60.51925169823058,0.712,597501,670689.0940860229,598610.9886012091,0.49999999999999994,-0.8660254037844387
2019-06-01,IU_Central_3,Central,IU,6,2019,1.24,0.72,1.0,5.9115208969250945,115.27630327753833,58.847901568779676,7994.973041641191,5.609199804507596,65.78745283782567,0.712,416962,597500.9021429966,403301.4308509813,1.2246467991473532e-16,-1.0
2019-07-01,IU_Central_3,Central,IU,7,2019,1.24,0.65,1.0,8.204475717318228,139.91020030212724,56.665901560765164,6702.128604900581,7.301939203132831,62.49074988699925,0.712,366070,416962.13931973523,449492.5819121522,-0.4999999999999997,-0.8660254037844388
2019-08-01,IU_Central_3,Central,IU,8,2019,1.24,0.68,1.0,8.31613397046698,166.19924009509523,58.875181501202114,7616.8986413886505,5.94693648269571,69.24420006261134,0.712,397513,366069.6965402287,339505.35717319814,-0.8660254037844385,-0.5000000000000004
2019-09-01,IU_Central_3,Central,IU,9,2019,1.24,0.82,1.0,6.0027442811509335,221.10811604236207,57.302914369431086,7827.025636550236,5.086660499183108,64.55474910890585,0.712,356704,397513.2798878267,385609.5269453045,-1.0,-1.8369701987210297e-16
2019-10-01,IU_Central_3,Central,IU,10,2019,1.24,1.02,1.0,4.4482786312044045,139.32001968460523,59.29173845387957,6650.976688542496,7.080106925626337,59.121946647035664,0.712,551902,356704.35742978036,562251.7839328507,-0.8660254037844386,0.5000000000000001
2019-11-01,IU_Central_3,Central,IU,11,2019,1.24,1.1,1.0,3.9110194049751446,158.06260148048938,55.06952762237406,7238.482105470777,4.703123606884445,64.32078917756907,0.712,520210,551902.4642256093,531276.8035076988,-0.5000000000000004,0.8660254037844384
2019-12-01,IU_Central_3,Central,IU,12,2019,1.24,1.15,1.0,6.787148137736428,114.17647689189839,58.57867003565524,6840.966912112483,3.1039638220091157,67.03389027679553,0.712,703349,520210.23721467337,708123.6010009592,-2.4492935982947064e-16,1.0
2020-01-01,IU_Central_3,Central,IU,1,2020,1.3,1.08,1.0,6.2264865748827365,87.1895852164987,60.57713756094581,8486.558648282446,6.115509406430059,66.9760242525712,0.7075,697694,703349.3509214531,684742.4055005098,0.49999999999999994,0.8660254037844387
2020-02-01,IU_Central_3,Central,IU,2,2020,1.3,1.12,1.0,5.514937170914434,39.87691093573465,57.885151173608094,8131.562403467781,6.228560776819705,63.952815945392075,0.7075,704075,697693.9446424498,672373.8883846836,0.8660254037844386,0.5000000000000001
2020-03-01,IU_Central_3,Central,IU,3,2020,1.3,1.15,1.0,5.354250099723269,40.074884232915636,62.004537630914875,8234.257742931723,5.831210353555753,63.658906440515416,0.7075,810768,704074.6850321509,731980.3852762973,1.0,6.123233995736766e-17
2020-04-01,IU_Central_3,Central,IU,4,2020,1.3,1.05,0.68,4.47388869058728,53.327288009101714,67.10895272145414,8107.845209752466,4.45803513280636,62.049982407134735,0.7075,546015,810768.2858467469,670689.0940860229,0.8660254037844387,-0.4999999999999998
2020-05-01,IU_Central_3,Central,IU,5,2020,1.3,0.95,0.68,6.225315580916785,57.14322537651206,58.124270776462055,8616.8938677735,5.4529041158061435,64.42100151865877,0.7075,468937,546015.1262905115,597500.9021429966,0.49999999999999994,-0.8660254037844387
2020-06-01,IU_Central_3,Central,IU,6,2020,1.3,0.72,0.68,7.453162282898871,100.66209648848873,62.8581767511826,8395.88515529694,5.277465141156903,62.57728413389679,0.7075,389075,468937.20008803473,416962.13931973523,1.2246467991473532e-16,-1.0
2020-07-01,IU_Central_3,Central,IU,7,2020,1.3,0.65,1.0,2.779086615417512,157.79704367649302,64.89273118979267,8396.737366845624,5.070168791286088,69.88034394470925,0.7075,388144,389074.83836348803,366069.6965402287,-0.4999999999999997,-0.8660254037844388
2020-08-01,IU_Central_3,Central,IU,8,2020,1.3,0.68,1.0,5.34633840167492,203.8798480396348,69.40009205543336,8365.100144314434,6.629655544647424,62.395450437073535,0.7075,372898,388143.6062218723,397513.2798878267,-0.8660254037844385,-0.5000000000000004
2020-09-01,IU_Central_3,Central,IU,9,2020,1.3,0.82,1.0,4.2749218089238585,205.474979333381,61.02120105265993,8550.441219231241,4.662667153094649,66.48913784944881,0.7075,404045,372898.16057575593,356704.35742978036,-1.0,-1.8369701987210297e-16
2020-10-01,IU_Central_3,Central,IU,10,2020,1.3,1.02,1.0,3.650780635355557,205.1946203044144,60.60399818618706,8174.932988342434,5.75288356248512,66.21721561330533,0.7075,501663,404045.1339884506,551902.4642256093,-0.8660254037844386,0.5000000000000001
2020-11-01,IU_Central_3,Central,IU,11,2020,1.3,1.1,1.0,4.08336878327888,134.0950596966243,58.9999234121822,9058.168977421197,6.4552375869300604,69.78266979153965,0.7075,601273,501663.1837793111,520210.23721467337,-0.5000000000000004,0.8660254037844384
2020-12-01,IU_Central_3,Central,IU,12,2020,1.3,1.15,1.0,5.8949472550414646,91.40249370489553,65.92154900453866,7737.162684979446,5.80515322025523,70.35747315583349,0.7075,818588,601272.8732415648,703349.3509214531,-2.4492935982947064e-16,1.0
2021-01-01,IU_Central_3,Central,IU,1,2021,1.3599999999999999,1.08,1.0,5.4859546371093995,81.01406966908147,64.39775701228277,6410.516375296127,6.092894697996298,69.5838797731253,0.703,911429,818587.6682102082,697693.9446424498,0.49999999999999994,0.8660254037844387
2021-02-01,IU_Central_3,Central,IU,2,2021,1.3599999999999999,1.12,1.0,6.75234531340976,41.36542302360787,65.88821070467395,6373.273421098611,5.550971777943143,68.21171337316052,0.703,899209,911428.7477571457,704074.6850321509,0.8660254037844386,0.5000000000000001
2021-03-01,IU_Central_3,Central,IU,3,2021,1.3599999999999999,1.15,1.0,5.010537856574554,34.80806604371318,61.45318636788623,6251.365023290873,5.4434797363936225,62.60541541562377,0.703,848059,899209.4225432143,810768.2858467469,1.0,6.123233995736766e-17
2021-04-01,IU_Central_3,Central,IU,4,2021,1.3599999999999999,1.05,1.0,2.8901340441565058,57.81045721998361,69.65191552803557,7490.106093641582,5.393467895065717,62.524519649046965,0.703,846423,848059.304675207,546015.1262905115,0.8660254037844387,-0.4999999999999998
2021-05-01,IU_Central_3,Central,IU,5,2021,1.3599999999999999,0.95,1.0,4.714196549148834,82.26919468120222,70.47477484233409,7435.295141649657,5.59075461332012,63.4172367209402,0.703,704238,846423.0289448962,468937.20008803473,0.49999999999999994,-0.8660254037844387
2021-06-01,IU_Central_3,Central,IU,6,2021,1.3599999999999999,0.72,1.0,3.3363451133410598,109.77339170540255,69.5373251907531,7730.6790982714865,4.791568722070191,69.80768399851166,0.703,501563,704238.4215621819,389074.83836348803,1.2246467991473532e-16,-1.0
2021-07-01,IU_Central_3,Central,IU,7,2021,1.3599999999999999,0.65,1.0,3.5518449362935938,143.24724388861688,62.18402415593884,6711.692480354984,4.05850091850177,67.09331971300254,0.703,411607,501563.0740855204,388143.6062218723,-0.4999999999999997,-0.8660254037844388
2021-08-01,IU_Central_3,Central,IU,8,2021,1.3599999999999999,0.68,1.0,5.696670870087795,206.9114264310409,68.82145312233791,7522.637331607944,5.863234729170647,70.27462896294224,0.703,434430,411606.6646239952,372898.16057575593,-0.8660254037844385,-0.5000000000000004
2021-09-01,IU_Central_3,Central,IU,9,2021,1.3599999999999999,0.82,1.0,5.233017086713304,206.3591280694995,61.981988845828,7212.750504939657,6.029393840404612,70.81121093728032,0.703,467437,434430.163011757,404045.1339884506,-1.0,-1.8369701987210297e-16
2021-10-01,IU_Central_3,Central,IU,10,2021,1.3599999999999999,1.02,1.0,5.705078714522397,154.7979698619077,67.17412090619273,7262.143601592606,5.301583048724835,63.896192398803,0.703,721427,467437.1513683422,501663.1837793111,-0.8660254037844386,0.5000000000000001
2021-11-01,IU_Central_3,Central,IU,11,2021,1.3599999999999999,1.1,1.0,4.571008583273926,113.25223040557728,67.6152327399514,7468.709979879793,4.661299504292503,66.92829731022874,0.703,728850,721427.4965313013,601272.8732415648,-0.5000000000000004,0.8660254037844384
2021-12-01,IU_Central_3,Central,IU,12,2021,1.3599999999999999,1.15,1.0,5.948635476110427,153.8724329875227,67.93054965432479,6846.852888994369,3.8538263067762895,66.74802528526564,0.703,772159,728850.0342603531,818587.6682102082,-2.4492935982947064e-16,1.0
2022-01-01,IU_Central_3,Central,IU,1,2022,1.42,1.08,1.0,4.943256350272046,65.33024929618931,73.1039095979124,9324.262110931671,4.76864567993871,66.28884924150313,0.6985,927835,772158.8769445965,911428.7477571457,0.49999999999999994,0.8660254037844387
2022-02-01,IU_Central_3,Central,IU,2,2022,1.42,1.12,1.0,6.779359227510875,54.73252182849361,71.47589918932218,8759.346136923561,3.620839724225622,65.46062858190115,0.6985,892439,927835.4984916613,899209.4225432143,0.8660254037844386,0.5000000000000001
2022-03-01,IU_Central_3,Central,IU,3,2022,1.42,1.15,1.0,5.85290655558603,49.06415759402904,65.61271146181434,7920.73232070174,3.5088099978896587,72.33902201364423,0.6985,1027701,892439.4088026679,848059.304675207,1.0,6.123233995736766e-17
2022-04-01,IU_Central_3,Central,IU,4,2022,1.42,1.05,1.0,5.190943583638638,51.8408450064857,73.10536302639859,7669.167874024145,4.683414777587445,67.807886906862,0.6985,944968,1027701.3022893048,846423.0289448962,0.8660254037844387,-0.4999999999999998
2022-05-01,IU_Central_3,Central,IU,5,2022,1.42,0.95,1.0,5.693851481231495,72.79475988239354,71.79282442338324,8120.44312718754,4.088984399049588,67.65257915423906,0.6985,813434,944968.0577324224,704238.4215621819,0.49999999999999994,-0.8660254037844387
2022-06-01,IU_Central_3,Central,IU,6,2022,1.42,0.72,1.0,5.417906987050277,94.33111724947719,68.7921406258863,8242.01629961157,4.976247644931815,64.3888893005256,0.6985,510408,813434.0469392426,501563.0740855204,1.2246467991473532e-16,-1.0
2022-07-01,IU_Central_3,Central,IU,7,2022,1.42,0.65,1.0,7.354667646595686,125.43974712831927,66.79180773659017,8639.526866868391,4.5725635179505,70.30084972165402,0.6985,461647,510407.63427035214,411606.6646239952,-0.4999999999999997,-0.8660254037844388
2022-08-01,IU_Central_3,Central,IU,8,2022,1.42,0.68,1.0,5.7338649753147255,199.97726728007186,76.12006655777307,7634.075589793905,4.214692347021911,63.57956999664793,0.6985,476217,461646.7292550728,434430.163011757,-0.8660254037844385,-0.5000000000000004
2022-09-01,IU_Central_3,Central,IU,9,2022,1.42,0.82,1.0,5.437404621346769,243.52928968849952,75.19390161487205,8288.469124439276,3.3360679354168266,69.41962211537873,0.6985,549589,476217.0280379811,467437.1513683422,-1.0,-1.8369701987210297e-16
2022-10-01,IU_Central_3,Central,IU,10,2022,1.42,1.02,1.0,5.15315079975922,178.05403707522836,73.61787222192237,7471.943239012997,4.017689499335713,69.52891744022064,0.6985,642055,549589.2482265024,721427.4965313013,-0.8660254037844386,0.5000000000000001
2022-11-01,IU_Central_3,Central,IU,11,2022,1.42,1.1,1.0,6.451160891314192,146.66270890841525,69.47110026629589,8356.360917034655,4.047090807959127,65.94993980270571,0.6985,849463,642055.4441568664,728850.0342603531,-0.5000000000000004,0.8660254037844384
2022-12-01,IU_Central_3,Central,IU,12,2022,1.42,1.15,1.0,6.2888358350843845,132.55465963460136,63.94901334336545,8111.6231007935285,3.7197538611880296,68.87060832473271,0.6985,797147,849462.604371715,772158.8769445965,-2.4492935982947064e-16,1.0
2023-01-01,IU_Central_3,Central,IU,1,2023,1.48,1.08,1.0,6.1713900436248466,71.76863295314304,78.2940375263057,10004.32621605611,4.036764563806092,69.14267823617796,0.694,1005601,797147.2959389413,927835.4984916613,0.49999999999999994,0.8660254037844387
2023-02-01,IU_Central_3,Central,IU,2,2023,1.48,1.12,1.0,5.11323018245263,52.80614998362652,77.10006032156522,8437.119178128662,3.3821984070602786,68.2425575007594,0.694,1078363,1005600.7244904486,892439.4088026679,0.8660254037844386,0.5000000000000001
2023-03-01,IU_Central_3,Central,IU,3,2023,1.48,1.15,1.0,5.417638233945976,40.250808700513076,74.87601307278346,9749.594094698063,4.169005802167027,68.45177592058094,0.694,1095414,1078362.65097021,1027701.3022893048,1.0,6.123233995736766e-17
2023-04-01,IU_Central_3,Central,IU,4,2023,1.48,1.05,1.0,6.279004952549364,47.60285953204261,79.37441892009363,8366.096222202717,4.492328970934925,68.64712729277409,0.694,1034967,1095414.2871111766,944968.0577324224,0.8660254037844387,-0.4999999999999998
2023-05-01,IU_Central_3,Central,IU,5,2023,1.48,0.95,1.0,8.1187130073429,79.81354209516175,78.54399260188855,8535.575699544588,3.6390640364886577,68.9196466906882,0.694,1001336,1034967.382139553,813434.0469392426,0.49999999999999994,-0.8660254037844387
2023-06-01,IU_Central_3,Central,IU,6,2023,1.48,0.72,1.0,6.199788044903704,151.73673806369962,76.52828646469254,8378.12777171504,4.640326903534867,68.64096812537483,0.694,516321,1001335.8134328558,510407.63427035214,1.2246467991473532e-16,-1.0
2023-07-01,IU_Central_3,Central,IU,7,2023,1.48,0.65,1.0,5.787051668041323,174.50879065842292,76.10517525361334,9245.47899683049,3.210913703001837,63.984543239151435,0.694,483947,516320.7046723094,461646.7292550728,-0.4999999999999997,-0.8660254037844388
2023-08-01,IU_Central_3,Central,IU,8,2023,1.48,0.68,1.0,4.387136824101624,220.30064818105,76.15290315279904,8604.655858188336,3.4102580812829673,67.79115619597759,0.694,462708,483946.5132971277,476217.0280379811,-0.8660254037844385,-0.5000000000000004
2023-09-01,IU_Central_3,Central,IU,9,2023,1.48,0.82,1.0,8.316249722722755,172.43916917239815,78.03981961850424,8526.071145651274,4.2094261619001845,69.45979440478749,0.694,694662,462708.3795340237,549589.2482265024,-1.0,-1.8369701987210297e-16
2023-10-01,IU_Central_3,Central,IU,10,2023,1.48,1.02,1.0,7.182833775177752,220.39818549673723,73.42757096037104,9224.065743758038,4.84963287351091,68.78915491415717,0.694,657192,694661.8697442609,642055.4441568664,-0.8660254037844386,0.5000000000000001
2023-11-01,IU_Central_3,Central,IU,11,2023,1.48,1.1,1.0,7.455211964007029,175.33649141125565,77.27794936535511,9336.119246671127,4.993919633191413,72.21500103758056,0.694,936619,657192.334363053,849462.604371715,-0.5000000000000004,0.8660254037844384
2023-12-01,IU_Central_3,Central,IU,12,2023,1.48,1.15,1.0,7.65402566231525,93.00727026193138,73.23822716659123,9150.752509895163,5.589912497726047,70.88034635799782,0.694,979398,936618.5648285943,797147.2959389413,-2.4492935982947064e-16,1.0
2024-01-01,IU_Central_3,Central,IU,1,2024,1.54,1.08,1.0,7.362983897269065,86.4774888004532,84.5096655152567,7954.181059912869,3.598728900145992,65.71836185978746,0.6895,1180943,979397.9611446848,1005600.7244904486,0.49999999999999994,0.8660254037844387
2024-02-01,IU_Central_3,Central,IU,2,2024,1.54,1.12,1.0,7.662168932276863,46.81313453377735,82.0963857147257,8850.189011569299,3.797998945057356,68.53349156778242,0.6895,1293715,1180942.7438676343,1078362.65097021,0.8660254037844386,0.5000000000000001
2024-03-01,IU_Central_3,Central,IU,3,2024,1.54,1.15,1.0,9.0,30.725177942046304,78.43531521508321,8092.805996781454,3.07385957678561,67.95465338621125,0.6895,1380142,1293714.9494811397,1095414.2871111766,1.0,6.123233995736766e-17
2024-04-01,IU_Central_3,Central,IU,4,2024,1.54,1.05,1.0,7.776157238962785,51.70526190725669,80.74178747208924,8389.74084023758,2.8969869344071815,69.18260605349127,0.6895,1264593,1380142.0390448344,1034967.382139553,0.8660254037844387,-0.4999999999999998
2024-05-01,IU_Central_3,Central,IU,5,2024,1.54,0.95,1.0,8.265690519856614,86.46851109275131,77.93864085991588,8091.49463353305,4.08285766906202,69.1880744006452,0.6895,997449,1264592.7676379147,1001335.8134328558,0.49999999999999994,-0.8660254037844387
2024-06-01,IU_Central_3,Central,IU,6,2024,1.54,0.72,1.0,8.605321032420434,122.72894523560213,85.01233851310239,7533.13534725796,3.2793028004430056,71.6460866769594,0.6895,798866,997449.2739815798,516320.7046723094,1.2246467991473532e-16,-1.0
2024-07-01,IU_Central_3,Central,IU,7,2024,1.54,0.65,1.0,8.332177770686993,157.38067396370187,85.36862795341364,8274.629133828475,4.885903360013832,69.90931345256458,0.6895,649085,798865.8859803135,483946.5132971277,-0.4999999999999997,-0.8660254037844388
2024-08-01,IU_Central_3,Central,IU,8,2024,1.54,0.68,1.0,7.4068571674600285,179.895952595822,82.58867104768855,7732.0708868111615,2.730091414506087,74.12218002083421,0.6895,642406,649084.7933563319,462708.3795340237,-0.8660254037844385,-0.5000000000000004
2024-09-01,IU_Central_3,Central,IU,9,2024,1.54,0.82,1.0,7.519999560403117,273.9976402802467,85.16996970296373,7986.235914854911,4.289082564659757,70.16401255064945,0.6895,699414,642406.1500842082,694661.8697442609,-1.0,-1.8369701987210297e-16
2024-10-01,IU_Central_3,Central,IU,10,2024,1.54,1.02,1.0,8.493828697350951,155.70616172279583,80.9553878466175,8164.61088382461,3.0954086089463764,65.87763791865089,0.6895,993295,699414.2508729205,657192.334363053,-0.8660254037844386,0.5000000000000001
2024-11-01,IU_Central_3,Central,IU,11,2024,1.54,1.1,1.0,8.491863603701493,180.95012757657287,82.79053770152439,7153.541546873578,3.243641226582333,67.33087751932712,0.6895,1096930,993295.2559814913,936618.5648285943,-0.5000000000000004,0.8660254037844384
2024-12-01,IU_Central_3,Central,IU,12,2024,1.54,1.15,1.0,8.962539290603175,120.27761347600172,84.17417356572926,7302.90372122129,4.331289652201624,71.61515628292703,0.6895,1361232,1096929.5579194184,979397.9611446848,-2.4492935982947064e-16,1.0
2025-01-01,IU_Central_3,Central,IU,1,2025,1.6,1.08,1.0,8.661316379971806,69.74640192479562,84.98276921345224,9409.256627623356,2.959295651113673,63.543326941977256,0.6849999999999999,1399117,1361232.0330127499,1180942.7438676343,0.49999999999999994,0.8660254037844387
2025-02-01,IU_Central_3,Central,IU,2,2025,1.6,1.12,1.0,8.715926736310466,50.34976247429127,85.21331157195203,8701.314099029927,3.08737274598408,64.61647834095982,0.6849999999999999,1389363,1399117.1699176955,1293714.9494811397,0.8660254037844386,0.5000000000000001
2025-03-01,IU_Central_3,Central,IU,3,2025,1.6,1.15,1.0,7.464519959858664,31.642404174468297,87.8009698042867,8722.655104900465,2.850273309158745,70.04278882850092,0.6849999999999999,1568158,1389362.8608584015,1380142.0390448344,1.0,6.123233995736766e-17
2025-04-01,IU_Central_3,Central,IU,4,2025,1.6,1.05,1.0,7.302620586713718,46.187658214777535,86.93949389678798,9074.897278816321,4.928023833290753,73.80368847408467,0.6849999999999999,1311776,1568158.3499269246,1264592.7676379147,0.8660254037844387,-0.4999999999999998
2025-05-01,IU_Central_3,Central,IU,5,2025,1.6,0.95,1.0,8.936756809221793,79.43678808997274,82.73361783939684,8826.447331294612,3.006010951135992,75.2281417278195,0.6849999999999999,1188442,1311776.3691097586,997449.2739815798,0.49999999999999994,-0.8660254037844387
2025-06-01,IU_Central_3,Central,IU,6,2025,1.6,0.72,1.0,7.31097791838035,92.07989294521566,78.4395118861856,9187.914771738708,3.5412417739462105,69.13157701191291,0.6849999999999999,769999,1188442.4081270779,798865.8859803135,1.2246467991473532e-16,-1.0
2025-07-01,IU_Central_3,Central,IU,7,2025,1.6,0.65,1.0,7.975158796259765,172.15318092371342,84.47341581220886,8976.995195069583,3.3384691197751404,74.24331474794354,0.6849999999999999,647775,769999.0167357705,649084.7933563319,-0.4999999999999997,-0.8660254037844388
2025-08-01,IU_Central_3,Central,IU,8,2025,1.6,0.68,1.0,9.0,161.91863503106205,78.70925746232446,9089.371327580655,3.677133649379409,70.28907163907559,0.6849999999999999,676327,647775.0676738044,642406.1500842082,-0.8660254037844385,-0.5000000000000004
2025-09-01,IU_Central_3,Central,IU,9,2025,1.6,0.82,1.0,9.0,156.44837125959344,82.02694799168336,8684.163724390439,3.0082104424272518,63.87434007102708,0.6849999999999999,850466,676326.5409202032,699414.2508729205,-1.0,-1.8369701987210297e-16
2025-10-01,IU_Central_3,Central,IU,10,2025,1.6,1.02,1.0,8.36214659695662,158.60648258672484,82.37713912839885,9087.117670475869,3.3393462123666797,69.96769385408652,0.6849999999999999,1031679,850466.2117589577,993295.2559814913,-0.8660254037844386,0.5000000000000001
2025-11-01,IU_Central_3,Central,IU,11,2025,1.6,1.1,1.0,7.6446325041995475,212.22289988405169,83.29407306717962,9497.290089075403,3.815161607195148,67.5243675015138,0.6849999999999999,965242,1031678.8862653736,1096929.5579194184,-0.5000000000000004,0.8660254037844384
2025-12-01,IU_Central_3,Central,IU,12,2025,1.6,1.15,1.0,7.851945307587794,84.39484544636089,87.46131443249062,8744.513302748062,2.8095942895976065,73.67292352191096,0.6849999999999999,1342988,965242.116665253,1361232.0330127499,-2.4492935982947064e-16,1.0
2015-01-01,IU_East_1,East,IU,1,2015,1.0,1.08,1.0,2.9637149368591826,96.4923837418983,44.66284732483308,5240.420022042243,7.220460039491434,63.199179496652654,0.73,441700,,,0.49999999999999994,0.8660254037844387
2015-02-01,IU_East_1,East,IU,2,2015,1.0,1.12,1.0,8.425682014753823,68.13483790089802,44.10934330588714,5496.652394862857,8.222446533389547,55.37744255931967,0.73,566204,441699.8059479029,,0.8660254037844386,0.5000000000000001
2015-03-01,IU_East_1,East,IU,3,2015,1.0,1.15,1.0,7.089204735149304,55.359263525387505,42.203277558429,4434.936618539754,7.6739787864113795,64.5852806525433,0.73,558615,566203.6100554764,,1.0,6.123233995736766e-17
2015-04-01,IU_East_1,East,IU,4,2015,1.0,1.05,1.0,6.895787673042212,53.30803247969089,44.26726886585747,5011.582694026264,8.226281907927897,67.89798947028206,0.73,535084,558615.1992782701,,0.8660254037844387,-0.4999999999999998
2015-05-01,IU_East_1,East,IU,5,2015,1.0,0.95,1.0,6.425868725275327,126.4535869982009,40.160152817437066,5225.006796521326,7.2484449677618965,58.2950435496458,0.73,385691,535083.6741605304,,0.49999999999999994,-0.8660254037844387
2015-06-01,IU_East_1,East,IU,6,2015,1.0,0.72,1.0,6.696113384463358,98.26339935041958,41.884308909501115,6050.556114700998,8.560400175777005,60.952877110629174,0.73,329086,385690.97955771483,,1.2246467991473532e-16,-1.0
2015-07-01,IU_East_1,East,IU,7,2015,1.0,0.65,1.0,5.783265276984503,315.2178491667404,37.95767330102446,5140.9635381046155,7.366811532574763,59.602577179788014,0.73,174735,329086.17484027735,,-0.4999999999999997,-0.8660254037844388
2015-08-01,IU_East_1,East,IU,8,2015,1.0,0.68,1.0,7.239895222768725,324.69337951465155,40.87679636846714,5588.390340796676,6.723048104689607,66.9417271030272,0.73,196037,174734.62667496374,,-0.8660254037844385,-0.5000000000000004
2015-09-01,IU_East_1,East,IU,9,2015,1.0,0.82,1.0,4.931481986721041,269.03763358476283,43.98860273191157,5609.123914891582,9.241856304833778,62.38011154108829,0.73,256880,196036.5300989687,,-1.0,-1.8369701987210297e-16
2015-10-01,IU_East_1,East,IU,10,2015,1.0,1.02,1.0,6.723282118964656,265.36953576765035,38.23172976553933,6091.242104519976,6.040017802431106,68.91331752226533,0.73,297265,256880.29957267834,,-0.8660254037844386,0.5000000000000001
2015-11-01,IU_East_1,East,IU,11,2015,1.0,1.1,1.0,7.173888164685326,234.1798549525327,37.41566971160714,6075.339510106501,6.909009019756058,63.65501681178955,0.73,345914,297265.11943564593,,-0.5000000000000004,0.8660254037844384
2015-12-01,IU_East_1,East,IU,12,2015,1.0,1.15,1.0,6.261597039412516,153.15315822267866,40.29246681707109,5481.303341014921,6.998377718535684,62.969800722543276,0.73,490109,345914.42325161904,,-2.4492935982947064e-16,1.0
2016-01-01,IU_East_1,East,IU,1,2016,1.06,1.08,1.0,8.005701522745051,115.23600167946051,43.820013388828,6266.031866464801,9.106645018445251,63.07282713041134,0.7255,499074,490109.10082788044,441699.8059479029,0.49999999999999994,0.8660254037844387
2016-02-01,IU_East_1,East,IU,2,2016,1.06,1.12,1.0,6.371058901098721,69.47144367047272,46.44744316321126,6181.27510372849,8.545487107317209,66.07196839702934,0.7255,577024,499074.35373049387,566203.6100554764,0.8660254037844386,0.5000000000000001
2016-03-01,IU_East_1,East,IU,3,2016,1.06,1.15,1.0,6.401668046704664,55.208109175259885,43.140221422158874,6371.521549890449,8.295142514913758,55.84925520701862,0.7255,569763,577023.7063333383,558615.1992782701,1.0,6.123233995736766e-17
2016-04-01,IU_East_1,East,IU,4,2016,1.06,1.05,1.0,7.8447207170114925,72.93785541088582,49.65531884680814,6284.68499055443,6.835473070098934,63.14137582208204,0.7255,595920,569762.6934088912,535083.6741605304,0.8660254037844387,-0.4999999999999998
2016-05-01,IU_East_1,East,IU,5,2016,1.06,0.95,1.0,8.374919757325083,89.9327329876529,40.63097170611683,6729.132334211255,9.04094240307342,62.51981422508814,0.7255,450798,595919.7755255371,385690.97955771483,0.49999999999999994,-0.8660254037844387
2016-06-01,IU_East_1,East,IU,6,2016,1.06,0.72,1.0,5.310821385177768,168.99715704816794,48.26120435865921,6669.139417868392,7.394681603072777,65.70167530863107,0.7255,314882,450797.57102910086,329086.17484027735,1.2246467991473532e-16,-1.0
2016-07-01,IU_East_1,East,IU,7,2016,1.06,0.65,1.0,8.187084933912741,229.49184428634726,42.20545231507569,6746.310536015307,7.881810696242497,62.049193576503846,0.7255,226385,314882.300419551,174734.62667496374,-0.4999999999999997,-0.8660254037844388
2016-08-01,IU_East_1,East,IU,8,2016,1.06,0.68,1.0,6.908818371328216,270.1165180441116,39.11205179624793,7046.677670146326,7.243756304884966,58.64506226334932,0.7255,231250,226385.4583371095,196036.5300989687,-0.8660254037844385,-0.5000000000000004
2016-09-01,IU_East_1,East,IU,9,2016,1.06,0.82,1.0,7.329292867010926,270.93510827168154,45.213625469046605,7318.29110463013,7.060426742941399,62.829402699678795,0.7255,307452,231250.18402554773,256880.29957267834,-1.0,-1.8369701987210297e-16
2016-10-01,IU_East_1,East,IU,10,2016,1.06,1.02,1.0,5.953238663501777,310.2238120083221,43.73617604195835,6536.09852703345,6.898577060858896,58.46863788452662,0.7255,301609,307451.5714976709,297265.11943564593,-0.8660254037844386,0.5000000000000001
2016-11-01,IU_East_1,East,IU,11,2016,1.06,1.1,1.0,6.538719483555771,212.11727415597989,41.17117189629091,6974.758697128094,6.93228800526467,55.098951149650055,0.7255,353130,301608.60856282915,345914.42325161904,-0.5000000000000004,0.8660254037844384
2016-12-01,IU_East_1,East,IU,12,2016,1.06,1.15,1.0,8.720010562416194,173.7286128519444,39.455869324854206,6321.752917274654,7.586793318942463,65.70848992594198,0.7255,450223,353129.6123997393,490109.10082788044,-2.4492935982947064e-16,1.0
2017-01-01,IU_East_1,East,IU,1,2017,1.12,1.08,1.0,8.039436048776256,133.7945985699492,48.97491763818563,7986.073465640037,6.993759839020311,65.91624629077869,0.721,563389,450222.8500790191,499074.35373049387,0.49999999999999994,0.8660254037844387
2017-02-01,IU_East_1,East,IU,2,2017,1.12,1.12,1.0,7.54066591794853,70.1597375099916,51.927510674871456,7930.49944375681,6.674822903837053,65.4683637759743,0.721,781699,563388.6321589171,577023.7063333383,0.8660254037844386,0.5000000000000001
2017-03-01,IU_East_1,East,IU,3,2017,1.12,1.15,1.0,7.860213976842759,57.801491446727425,50.754860479259335,7906.607509502026,7.907619194159084,68.81171368778324,0.721,734983,781698.7697820418,569762.6934088912,1.0,6.123233995736766e-17
2017-04-01,IU_East_1,East,IU,4,2017,1.12,1.05,1.0,8.587054189597161,69.97858387320565,49.170119946517794,7495.151751563866,4.326597545007416,60.9398724387843,0.721,577106,734983.3973390445,595919.7755255371,0.8660254037844387,-0.4999999999999998
2017-05-01,IU_East_1,East,IU,5,2017,1.12,0.95,1.0,8.528593395396005,132.78781253186847,50.436542719653204,7152.059149231781,7.107909798336956,57.87554342891498,0.721,509933,577106.2735328601,450797.57102910086,0.49999999999999994,-0.8660254037844387
2017-06-01,IU_East_1,East,IU,6,2017,1.12,0.72,1.0,7.9099675995238385,161.50534104802537,48.91835760286643,6825.282525988216,7.2741909653271835,63.31988089276782,0.721,365593,509932.66923234286,314882.300419551,1.2246467991473532e-16,-1.0
2017-07-01,IU_East_1,East,IU,7,2017,1.12,0.65,1.0,9.0,267.1207137968837,44.71082727090889,7434.803579643186,7.6175702946041355,62.20999880117636,0.721,265720,365593.15739322593,226385.4583371095,-0.4999999999999997,-0.8660254037844388
2017-08-01,IU_East_1,East,IU,8,2017,1.12,0.68,1.0,9.0,260.8773065074975,44.73731804432967,8142.675967039812,6.648102847157311,60.230817132919725,0.721,254562,265720.47491122584,231250.18402554773,-0.8660254037844385,-0.5000000000000004
2017-09-01,IU_East_1,East,IU,9,2017,1.12,0.82,1.0,8.496046434956474,243.9026916151833,48.390494413045964,7313.390117413847,6.866336053907166,63.28060338604882,0.721,358603,254562.07411804696,307451.5714976709,-1.0,-1.8369701987210297e-16
2017-10-01,IU_East_1,East,IU,10,2017,1.12,1.02,1.0,8.065534139492085,291.99940345168676,48.518040140901775,7806.127286484705,7.488758706651777,61.15357941518166,0.721,388179,358602.8520437415,301608.60856282915,-0.8660254037844386,0.5000000000000001
2017-11-01,IU_East_1,East,IU,11,2017,1.12,1.1,1.0,8.788785314143446,213.76316078580996,51.552948035520295,7832.598453261199,7.892933123424144,56.255978866572676,0.721,506060,388178.6334064902,353129.6123997393,-0.5000000000000004,0.8660254037844384
2017-12-01,IU_East_1,East,IU,12,2017,1.12,1.15,1.0,8.37712090616142,183.6366226572989,51.271912671324245,7325.161523610453,6.459571211856986,61.83529323682496,0.721,597100,506059.54851182154,450222.8500790191,-2.4492935982947064e-16,1.0
2018-01-01,IU_East_1,East,IU,1,2018,1.18,1.08,1.0,8.833620257946958,66.14600633328126,55.31539904727685,6939.534853856152,6.513580626502048,59.85449933318458,0.7165,813928,597100.4458341902,563388.6321589171,0.49999999999999994,0.8660254037844387
2018-02-01,IU_East_1,East,IU,2,2018,1.18,1.12,1.0,8.64013382386579,71.06059484011801,52.65915186076846,5038.282341956142,7.642859171479006,65.3265922864437,0.7165,825032,813928.253760167,781698.7697820418,0.8660254037844386,0.5000000000000001
2018-03-01,IU_East_1,East,IU,3,2018,1.18,1.15,1.0,6.3387554900785466,52.13931549043717,49.35804348966958,5796.94205154019,4.600778339296919,61.77586096703739,0.7165,751009,825031.9073614823,734983.3973390445,1.0,6.123233995736766e-17
2018-04-01,IU_East_1,East,IU,4,2018,1.18,1.05,1.0,6.257504366889774,59.68062763550811,54.73621341119807,5935.145143611062,5.747989920148331,68.84652589656422,0.7165,689127,751008.9871871078,577106.2735328601,0.8660254037844387,-0.4999999999999998
2018-05-01,IU_East_1,East,IU,5,2018,1.18,0.95,1.0,6.71916071849493,102.70555116909136,55.075507939786505,5978.3079166820435,7.47266878288237,70.81546426907147,0.7165,629344,689127.3356914879,509932.66923234286,0.49999999999999994,-0.8660254037844387
2018-06-01,IU_East_1,East,IU,6,2018,1.18,0.72,1.0,8.732026599860127,153.5426807638252,46.33440561256694,6498.498005006022,7.174030266886643,67.11752549204763,0.7165,394407,629344.1731891783,365593.15739322593,1.2246467991473532e-16,-1.0
2018-07-01,IU_East_1,East,IU,7,2018,1.18,0.65,1.0,5.669089375654327,222.3876772930205,50.99698544025201,6477.696688346625,6.717956168741355,58.19589527206673,0.7165,302622,394406.7762382816,265720.47491122584,-0.4999999999999997,-0.8660254037844388
2018-08-01,IU_East_1,East,IU,8,2018,1.18,0.68,1.0,8.034369038709412,210.64467562705343,51.42683686781831,6524.475434451122,5.941122501512703,70.42078399551616,0.7165,338649,302622.32555397664,254562.07411804696,-0.8660254037844385,-0.5000000000000004
2018-09-01,IU_East_1,East,IU,9,2018,1.18,0.82,1.0,7.995711881091375,293.283498770908,53.85505060337031,6615.4163493319875,5.594545200811664,70.70288180149507,0.7165,366538,338649.2778493319,358602.8520437415,-1.0,-1.8369701987210297e-16
2018-10-01,IU_East_1,East,IU,10,2018,1.18,1.02,1.0,8.955837842203252,319.3008265560801,51.08991870170292,5919.632620856826,5.827027504606101,64.47516204523177,0.7165,449022,366538.21676736814,388178.6334064902,-0.8660254037844386,0.5000000000000001
2018-11-01,IU_East_1,East,IU,11,2018,1.18,1.1,1.0,7.777066600576486,233.43919749744697,53.38559629352608,5799.000446909075,7.538406576654954,69.69170464134213,0.7165,637189,449021.9303164797,506059.54851182154,-0.5000000000000004,0.8660254037844384
2018-12-01,IU_East_1,East,IU,12,2018,1.18,1.15,1.0,5.94880890307914,188.38651295257102,52.86839517894102,6525.523533875907,5.797245848675723,62.193299447813295,0.7165,596643,637188.8664108852,597100.4458341902,-2.4492935982947064e-16,1.0
2019-01-01,IU_East_1,East,IU,1,2019,1.24,1.08,1.0,5.3487740472222525,130.38864923751177,57.522551585386815,7036.395566858953,5.981138371391727,57.73501626060165,0.712,645808,596642.520604071,813928.253760167,0.49999999999999994,0.8660254037844387
2019-02-01,IU_East_1,East,IU,2,2019,1.24,1.12,1.0,5.081605373722611,84.17472415490009,55.85081711889776,6613.286229584264,5.297033884110603,62.15886224551363,0.712,699300,645808.2437013877,825031.9073614823,0.8660254037844386,0.5000000000000001
2019-03-01,IU_East_1,East,IU,3,2019,1.24,1.15,1.0,5.854467240400232,71.70916501969896,56.08304483779997,7757.104928043517,6.574219224079222,72.11720346417903,0.712,759393,699300.4125633056,751008.9871871078,1.0,6.123233995736766e-17
2019-04-01,IU_East_1,East,IU,4,2019,1.24,1.05,1.0,6.280518119091288,65.68826750332154,54.75919882065792,7947.795857925885,5.469018975722848,59.23568030555411,0.712,801019,759392.6746662023,689127.3356914879,0.8660254037844387,-0.4999999999999998
2019-05-01,IU_East_1,East,IU,5,2019,1.24,0.95,1.0,5.101470168534732,99.92946904929325,59.140202321721496,8020.722400364248,5.821924887876469,65.19808512772597,0.712,606448,801019.0988041204,629344.1731891783,0.49999999999999994,-0.8660254037844387
2019-06-01,IU_East_1,East,IU,6,2019,1.24,0.72,1.0,8.264794388782747,187.74333433778332,59.71330788577411,7404.153474663475,4.55329429356574,65.33657557336085,0.712,478481,606448.1783955232,394406.7762382816,1.2246467991473532e-16,-1.0
2019-07-01,IU_East_1,East,IU,7,2019,1.24,0.65,1.0,4.909662353657071,247.79774498048863,55.68814614962398,7601.669443187657,4.609305411036049,63.14810302412876,0.712,303016,478480.8832257519,302622.32555397664,-0.4999999999999997,-0.8660254037844388
2019-08-01,IU_East_1,East,IU,8,2019,1.24,0.68,1.0,8.115324108634976,295.8273386187014,62.561920288051134,7936.4407005127105,5.906138554657206,63.42591360065154,0.712,368598,303016.0725368457,338649.2778493319,-0.8660254037844385,-0.5000000000000004
2019-09-01,IU_East_1,East,IU,9,2019,1.24,0.82,1.0,7.922195637727208,359.3498630785106,57.056195657673854,7031.362894489305,4.83987427584179,65.48899653694481,0.712,381059,368597.7840904194,366538.21676736814,-1.0,-1.8369701987210297e-16
2019-10-01,IU_East_1,East,IU,10,2019,1.24,1.02,1.0,7.577963059626843,265.4467903071971,62.59055687138968,7819.804957824193,7.584069311467602,62.9513506322611,0.712,548853,381059.4886318996,449021.9303164797,-0.8660254037844386,0.5000000000000001
2019-11-01,IU_East_1,East,IU,11,2019,1.24,1.1,1.0,5.667480071003899,238.31886040411183,56.07361847850519,7443.928305364295,4.250781510310201,59.51176601132828,0.712,532510,548853.0821971601,637188.8664108852,-0.5000000000000004,0.8660254037844384
2019-12-01,IU_East_1,East,IU,12,2019,1.24,1.15,1.0,6.910941055012282,143.29421606261644,51.92026667020169,7731.170243554016,5.259859761068717,66.06012777177382,0.712,730760,532510.104043373,596642.520604071,-2.4492935982947064e-16,1.0
2020-01-01,IU_East_1,East,IU,1,2020,1.3,1.08,1.0,3.9064944679594378,147.8733948827961,63.706593474737055,8376.56218242195,5.5133606938140405,70.29346632977989,0.7075,722296,730760.175062531,645808.2437013877,0.49999999999999994,0.8660254037844387
2020-02-01,IU_East_1,East,IU,2,2020,1.3,1.12,1.0,6.532428270260678,67.4206911432062,63.245635315356964,8876.13584241438,5.207893649763372,69.47829007461368,0.7075,930778,722295.7087010368,699300.4125633056,0.8660254037844386,0.5000000000000001
2020-03-01,IU_East_1,East,IU,3,2020,1.3,1.15,1.0,5.350558090376657,53.41098620344903,62.60318138592275,8393.406016171471,4.616683634668865,62.76105813044075,0.7075,938546,930777.6714061823,759392.6746662023,1.0,6.123233995736766e-17
2020-04-01,IU_East_1,East,IU,4,2020,1.3,1.05,0.68,4.948155570716157,67.31200032419522,60.57330256466803,7625.029746267442,4.733657728403785,60.995088338489296,0.7075,541928,938546.259088341,801019.0988041204,0.8660254037844387,-0.4999999999999998
2020-05-01,IU_East_1,East,IU,5,2020,1.3,0.95,0.68,3.9708460122326557,101.16574957477512,62.39628332354254,8946.187307569404,4.707476738000609,64.86324847138089,0.7075,483768,541928.4715359382,606448.1783955232,0.49999999999999994,-0.8660254037844387
2020-06-01,IU_East_1,East,IU,6,2020,1.3,0.72,0.68,2.466332485865359,149.61818636903925,60.966221626391416,7866.431489590329,5.27062264414395,72.27116603918266,0.7075,284978,483768.44915042236,478480.8832257519,1.2246467991473532e-16,-1.0
2020-07-01,IU_East_1,East,IU,7,2020,1.3,0.65,1.0,4.193090799777272,206.40353609491194,61.592951301004746,8856.696517637542,7.061543271613939,68.58239231583818,0.7075,373751,284977.7808319527,303016.0725368457,-0.4999999999999997,-0.8660254037844388
2020-08-01,IU_East_1,East,IU,8,2020,1.3,0.68,1.0,6.774697662955667,210.70551313967198,65.02489676729523,8252.211026379635,5.562349837246567,68.81585870717693,0.7075,401184,373750.6266366245,368597.7840904194,-0.8660254037844385,-0.5000000000000004
2020-09-01,IU_East_1,East,IU,9,2020,1.3,0.82,1.0,4.955939714050414,247.016647348944,63.05265168859028,8822.025266366747,6.446320391510019,69.55942780714197,0.7075,425638,401183.9147890079,381059.4886318996,-1.0,-1.8369701987210297e-16
2020-10-01,IU_East_1,East,IU,10,2020,1.3,1.02,1.0,5.236145199682122,342.4646219336175,64.32985416199593,8803.466199717825,5.905581076662513,67.68306625007435,0.7075,448240,425638.34303140314,548853.0821971601,-0.8660254037844386,0.5000000000000001
2020-11-01,IU_East_1,East,IU,11,2020,1.3,1.1,1.0,6.226005058166322,248.71801282634996,61.80439448012263,8486.384661469696,6.391089918385776,66.48243419045431,0.7075,660558,448239.84738860716,532510.104043373,-0.5000000000000004,0.8660254037844384
2020-12-01,IU_East_1,East,IU,12,2020,1.3,1.15,1.0,7.606142481959697,191.33278525353847,61.473947962585676,8521.661215959988,3.260028557925131,68.64922758659188,0.7075,641940,660557.6871133826,730760.175062531,-2.4492935982947064e-16,1.0
2021-01-01,IU_East_1,East,IU,1,2021,1.3599999999999999,1.08,1.0,6.590005585934766,131.77710762860417,63.53955240733407,7377.362554709123,4.856433583081416,64.61533558312792,0.703,806590,641940.0335064619,722295.7087010368,0.49999999999999994,0.8660254037844387
2021-02-01,IU_East_1,East,IU,2,2021,1.3599999999999999,1.12,1.0,3.8331979954205746,90.5401060695666,65.88989016229542,6280.958536645983,6.145708338520571,61.142147954534714,0.703,728763,806590.2896956889,930777.6714061823,0.8660254037844386,0.5000000000000001
2021-03-01,IU_East_1,East,IU,3,2021,1.3599999999999999,1.15,1.0,2.6689153142751123,41.120050567871715,57.036656333232585,7240.42827547666,4.642611341800532,69.69198773849729,0.703,781290,728762.9529447722,938546.259088341,1.0,6.123233995736766e-17
2021-04-01,IU_East_1,East,IU,4,2021,1.3599999999999999,1.05,1.0,7.831537110920124,57.90594863252004,65.2293341010831,6684.950797740116,6.5099785318956895,71.7509524229969,0.703,960263,781290.0130981568,541928.4715359382,0.8660254037844387,-0.4999999999999998
2021-05-01,IU_East_1,East,IU,5,2021,1.3599999999999999,0.95,1.0,7.7227899339913435,98.49744249696928,66.75437746842748,7264.213891658017,6.287112123014209,62.32707224257587,0.703,899368,960262.8923215294,483768.44915042236,0.49999999999999994,-0.8660254037844387
2021-06-01,IU_East_1,East,IU,6,2021,1.3599999999999999,0.72,1.0,5.226144315715139,156.16280912846216,68.69102096281047,6672.855531100022,4.7246954270980295,70.08768592966359,0.703,552330,899367.806743105,284977.7808319527,1.2246467991473532e-16,-1.0
2021-07-01,IU_East_1,East,IU,7,2021,1.3599999999999999,0.65,1.0,3.475414105301814,213.90086847633563,66.19396636742513,6653.951303420735,4.697469184762914,73.52306285355276,0.703,380900,552329.6994818684,373750.6266366245,-0.4999999999999997,-0.8660254037844388
2021-08-01,IU_East_1,East,IU,8,2021,1.3599999999999999,0.68,1.0,6.155871840672727,247.22783311020083,68.043020626735,7909.400202761724,4.289115326116424,66.79101519297151,0.703,461877,380899.50177461613,401183.9147890079,-0.8660254037844385,-0.5000000000000004
2021-09-01,IU_East_1,East,IU,9,2021,1.3599999999999999,0.82,1.0,4.870419576784868,289.21097435154627,60.460634015829264,7668.431001628354,4.596324614508961,63.52799126103301,0.703,424201,461877.48511074827,425638.34303140314,-1.0,-1.8369701987210297e-16
2021-10-01,IU_East_1,East,IU,10,2021,1.3599999999999999,1.02,1.0,4.864422652272068,266.3978097150038,66.82948944337915,7185.3155137476,4.1139287486648675,67.29207469410701,0.703,602146,424201.2364176805,448239.84738860716,-0.8660254037844386,0.5000000000000001
2021-11-01,IU_East_1,East,IU,11,2021,1.3599999999999999,1.1,1.0,6.073350611726155,199.71275088201082,61.96149162125979,7270.325569584529,5.443048944346404,64.5978641271972,0.703,668816,602145.7817991654,660557.6871133826,-0.5000000000000004,0.8660254037844384
2021-12-01,IU_East_1,East,IU,12,2021,1.3599999999999999,1.15,1.0,5.401249696247958,113.17617081991322,63.375089453022,7075.617465388114,3.935162805322853,64.3330795601744,0.703,825135,668816.2222949017,641940.0335064619,-2.4492935982947064e-16,1.0
2022-01-01,IU_East_1,East,IU,1,2022,1.42,1.08,1.0,4.016361935002244,95.31980574963787,70.93850335640842,8416.444369190436,5.182986412952177,69.33273626908617,0.6985,862189,825134.9837611541,806590.2896956889,0.49999999999999994,0.8660254037844387
2022-02-01,IU_East_1,East,IU,2,2022,1.42,1.12,1.0,5.049649506121811,65.1553384380179,75.32879196362066,7855.7755350526895,5.202462957520198,61.18508209988041,0.6985,1093743,862188.7832613158,728762.9529447722,0.8660254037844386,0.5000000000000001
2022-03-01,IU_East_1,East,IU,3,2022,1.42,1.15,1.0,6.232723342613795,53.92453273081516,72.61362029041018,8607.183118290233,3.3710364758528613,61.82428431003109,0.6985,1148009,1093742.8019494559,781290.0130981568,1.0,6.123233995736766e-17
2022-04-01,IU_East_1,East,IU,4,2022,1.42,1.05,1.0,6.051642495106202,58.97332285705536,71.55469299141136,8046.110921543302,5.939854885062671,67.67716352149577,0.6985,1110735,1148009.2544029222,960262.8923215294,0.8660254037844387,-0.4999999999999998
2022-05-01,IU_East_1,East,IU,5,2022,1.42,0.95,1.0,5.75375971745035,103.75445136286015,71.4414088315987,7971.068851875599,5.1108874355321765,67.51076584435027,0.6985,863245,1110734.735122004,899367.806743105,0.49999999999999994,-0.8660254037844387
2022-06-01,IU_East_1,East,IU,6,2022,1.42,0.72,1.0,6.559447373591216,139.49911781016323,69.3591133203866,8169.770858317831,5.2997584171558945,68.97421830815973,0.6985,511617,863244.6999694397,552329.6994818684,1.2246467991473532e-16,-1.0
2022-07-01,IU_East_1,East,IU,7,2022,1.42,0.65,1.0,5.005279442839462,219.772469787976,69.86804975988196,7893.983926533127,4.093067838765782,75.10090155393355,0.6985,455292,511616.6288859169,380899.50177461613,-0.4999999999999997,-0.8660254037844388
2022-08-01,IU_East_1,East,IU,8,2022,1.42,0.68,1.0,5.6537435584830655,222.34029465327993,72.7821281364124,8307.907057273069,5.197903294778494,68.01805614430327,0.6985,452927,455291.7424162577,461877.48511074827,-0.8660254037844385,-0.5000000000000004
2022-09-01,IU_East_1,East,IU,9,2022,1.42,0.82,1.0,1.388644908007059,244.34600443244048,67.34391844466651,7918.186834808622,5.601114759777651,69.99268860133917,0.6985,430761,452926.7371883121,424201.2364176805,-1.0,-1.8369701987210297e-16
2022-10-01,IU_East_1,East,IU,10,2022,1.42,1.02,1.0,4.899759595608803,212.97566291309946,73.27916215084906,8370.835621268128,4.621113280796258,63.697868257541465,0.6985,701121,430760.8766698895,602145.7817991654,-0.8660254037844386,0.5000000000000001
2022-11-01,IU_East_1,East,IU,11,2022,1.42,1.1,1.0,6.356023318510952,218.84237662885528,70.33447879864345,8707.202942509815,6.301537967398688,70.67175065406614,0.6985,764303,701120.8914335823,668816.2222949017,-0.5000000000000004,0.8660254037844384
2022-12-01,IU_East_1,East,IU,12,2022,1.42,1.15,1.0,4.970866467679608,146.16551619719957,73.9766712246087,7836.305240935973,4.73525170793035,65.49443653955728,0.6985,879011,764303.3639030744,825134.9837611541,-2.4492935982947064e-16,1.0
2023-01-01,IU_East_1,East,IU,1,2023,1.48,1.08,1.0,5.940527129939466,127.23397568014721,78.88328037169624,9074.061367244689,5.212628640361979,68.68568333032438,0.694,1045301,879011.3652607622,862188.7832613158,0.49999999999999994,0.8660254037844387
2023-02-01,IU_East_1,East,IU,2,2023,1.48,1.12,1.0,5.2502564578702176,75.32777392651307,70.98074796248278,9340.419143893456,4.534407045806923,67.96460549972336,0.694,964167,1045301.2378245529,1093742.8019494559,0.8660254037844386,0.5000000000000001
2023-03-01,IU_East_1,East,IU,3,2023,1.48,1.15,1.0,7.704039071274975,55.4132443072574,74.25525771031835,8936.684513285883,4.768417226285494,72.53189693965614,0.694,1292244,964166.6255678345,1148009.2544029222,1.0,6.123233995736766e-17
2023-04-01,IU_East_1,East,IU,4,2023,1.48,1.05,1.0,7.158155928248685,62.51131760054913,73.43341693617813,9341.764575399515,2.9629341858921823,63.160093782500006,0.694,1239859,1292243.9410928057,1110734.735122004,0.8660254037844387,-0.4999999999999998
2023-05-01,IU_East_1,East,IU,5,2023,1.48,0.95,1.0,7.490497517387702,118.39274112931388,70.56181610478058,9382.749810320798,4.5968429905722905,59.26704546153985,0.694,818222,1239858.8502832975,863244.6999694397,0.49999999999999994,-0.8660254037844387
2023-06-01,IU_East_1,East,IU,6,2023,1.48,0.72,1.0,4.428543245650532,185.40566241158567,72.90240017137177,9620.288122359952,3.712019918994187,67.54626921164831,0.694,535877,818221.7482735697,511616.6288859169,1.2246467991473532e-16,-1.0
2023-07-01,IU_East_1,East,IU,7,2023,1.48,0.65,1.0,6.307459948081239,228.79433064997477,83.32376753579602,8860.124802289305,3.6228813553778494,70.2741250276205,0.694,475482,535877.1853405767,455291.7424162577,-0.4999999999999997,-0.8660254037844388
2023-08-01,IU_East_1,East,IU,8,2023,1.48,0.68,1.0,6.163866790699992,328.7407539700579,77.82852968863732,8708.571464923802,5.695282547572782,69.00907750323,0.694,446310,475481.7824612854,452926.7371883121,-0.8660254037844385,-0.5000000000000004
2023-09-01,IU_East_1,East,IU,9,2023,1.48,0.82,1.0,6.163313952081737,299.30476735914226,81.75186390581726,8994.410497723831,4.12898380155012,73.32881694965565,0.694,620375,446310.4225815549,430760.8766698895,-1.0,-1.8369701987210297e-16
2023-10-01,IU_East_1,East,IU,10,2023,1.48,1.02,1.0,5.760766947538453,301.31002570608314,78.48729532005501,8697.331770231322,3.4973585352196026,70.14949069671867,0.694,738344,620375.0405569216,701120.8914335823,-0.8660254037844386,0.5000000000000001
2023-11-01,IU_East_1,East,IU,11,2023,1.48,1.1,1.0,6.084674873863982,228.4877979620089,73.77447051697457,9386.84451484889,4.0126946975129,66.14460667256057,0.694,832580,738344.0014151148,764303.3639030744,-0.5000000000000004,0.8660254037844384
2023-12-01,IU_East_1,East,IU,12,2023,1.48,1.15,1.0,7.519573739247982,185.0267442220758,74.85468640997787,8610.032237948131,3.2596398168624687,59.098319383441286,0.694,1058725,832579.560538095,879011.3652607622,-2.4492935982947064e-16,1.0
2024-01-01,IU_East_1,East,IU,1,2024,1.54,1.08,1.0,5.265238547762426,98.61407529115785,82.26530854072092,9077.037065186278,5.047107574557016,68.25075106321913,0.6895,1306117,1058725.3893374265,1045301.2378245529,0.49999999999999994,0.8660254037844387
2024-02-01,IU_East_1,East,IU,2,2024,1.54,1.12,1.0,9.0,66.12285776678462,81.8125186104191,8610.347214680756,3.3434554046667877,73.3118360090312,0.6895,1570516,1306117.0197014234,964166.6255678345,0.8660254037844386,0.5000000000000001
2024-03-01,IU_East_1,East,IU,3,2024,1.54,1.15,1.0,8.141269521811575,58.934653849251994,78.767973952875,8032.838773292709,4.323439947154935,67.63180886933155,0.6895,1377058,1570516.236833558,1292243.9410928057,1.0,6.123233995736766e-17
2024-04-01,IU_East_1,East,IU,4,2024,1.54,1.05,1.0,7.509861896987566,74.6487787716659,75.97002048826238,8417.507198821657,4.98488537136826,69.31328105471106,0.6895,1092859,1377058.0681129356,1239858.8502832975,0.8660254037844387,-0.4999999999999998
2024-05-01,IU_East_1,East,IU,5,2024,1.54,0.95,1.0,8.648861147427333,120.52787862544656,90.36328356216622,7290.618838032711,3.4998778550282164,70.88544101722684,0.6895,1186654,1092859.3441779912,818221.7482735697,0.49999999999999994,-0.8660254037844387
2024-06-01,IU_East_1,East,IU,6,2024,1.54,0.72,1.0,5.818458477577699,195.72990088542397,80.07655098297158,9162.697676102369,4.3256179458182284,65.13883050300073,0.6895,605185,1186654.4185504639,535877.1853405767,1.2246467991473532e-16,-1.0
2024-07-01,IU_East_1,East,IU,7,2024,1.54,0.65,1.0,6.7630190855986045,176.12096862700216,79.52278332045213,7761.583101482348,3.075931156076456,71.69294358655527,0.6895,642599,605184.5482551813,475481.7824612854,-0.4999999999999997,-0.8660254037844388
2024-08-01,IU_East_1,East,IU,8,2024,1.54,0.68,1.0,7.415369652911156,226.26110991905955,80.84000339171591,7972.9558407178565,5.856615655290947,75.74848716000683,0.6895,579361,642599.0630935075,446310.4225815549,-0.8660254037844385,-0.5000000000000004
2024-09-01,IU_East_1,East,IU,9,2024,1.54,0.82,1.0,9.0,289.6420509251186,79.77181423206692,7192.009697737772,4.649104107693297,68.50874659242638,0.6895,699962,579360.6819058231,620375.0405569216,-1.0,-1.8369701987210297e-16
2024-10-01,IU_East_1,East,IU,10,2024,1.54,1.02,1.0,7.504864274427952,236.2019509495248,80.86818672311645,8246.008964105971,3.745914848991355,64.6837423126708,0.6895,954199,699961.7798379022,738344.0014151148,-0.8660254037844386,0.5000000000000001
2024-11-01,IU_East_1,East,IU,11,2024,1.54,1.1,1.0,8.100725777201996,337.49301290732257,84.36084185834926,7529.324806287869,3.281733015288829,68.9335958919121,0.6895,871961,954199.0186542614,832579.560538095,-0.5000000000000004,0.8660254037844384
2024-12-01,IU_East_1,East,IU,12,2024,1.54,1.15,1.0,6.8531653766564675,180.99613440308744,80.12635456094073,8072.924769677281,3.808802757728299,60.30246356556453,0.6895,1047498,871961.2521930522,1058725.3893374265,-2.4492935982947064e-16,1.0
2025-01-01,IU_East_1,East,IU,1,2025,1.6,1.08,1.0,8.584210482760989,110.68404173797336,81.51186868201671,8755.07650518341,3.228013022118785,71.34761305590646,0.6849999999999999,1386501,1047498.269002975,1306117.0197014234,0.49999999999999994,0.8660254037844387
2025-02-01,IU_East_1,East,IU,2,2025,1.6,1.12,1.0,9.0,65.51500844849308,84.51506861656416,8515.015229280798,5.062355643199606,71.80909751059431,0.6849999999999999,1378664,1386500.5372316341,1570516.236833558,0.8660254037844386,0.5000000000000001
2025-03-01,IU_East_1,East,IU,3,2025,1.6,1.15,1.0,9.0,51.966636821178426,83.60679465577027,8638.037324206274,2.5195722222280783,76.70254517538226,0.6849999999999999,1570822,1378663.7393411736,1377058.0681129356,1.0,6.123233995736766e-17
2025-04-01,IU_East_1,East,IU,4,2025,1.6,1.05,1.0,7.902252814666545,71.3261761244038,89.27169681174055,9101.604615337938,3.6078411386321627,69.2240208297335,0.6849999999999999,1426627,1570822.2299632253,1092859.3441779912,0.8660254037844387,-0.4999999999999998
2025-05-01,IU_East_1,East,IU,5,2025,1.6,0.95,1.0,8.810589016718563,113.88129646803714,88.51335719421272,8423.329062208482,3.485329546693032,71.63394135258588,0.6849999999999999,1239538,1426626.7889119503,1186654.4185504639,0.49999999999999994,-0.8660254037844387
2025-06-01,IU_East_1,East,IU,6,2025,1.6,0.72,1.0,8.693020345528653,156.49118155372346,85.32257500129239,8663.034748038843,3.4060717597241044,66.55484759045639,0.6849999999999999,844078,1239538.47565294,605184.5482551813,1.2246467991473532e-16,-1.0
2025-07-01,IU_East_1,East,IU,7,2025,1.6,0.65,1.0,8.607905206036731,214.8220845169313,81.16379243554223,9298.473021568467,3.4131066760493263,68.57429151789968,0.6849999999999999,664079,844078.0932067673,642599.0630935075,-0.4999999999999997,-0.8660254037844388
2025-08-01,IU_East_1,East,IU,8,2025,1.6,0.68,1.0,9.0,318.42911766652367,81.32232320968016,10171.115943692894,3.4071433519036134,63.899258253351206,0.6849999999999999,557081,664079.2400877124,579360.6819058231,-0.8660254037844385,-0.5000000000000004
2025-09-01,IU_East_1,East,IU,9,2025,1.6,0.82,1.0,9.0,338.1492084313434,85.04536978475366,9214.914968798304,4.19845285306568,69.22084151486706,0.6849999999999999,671510,557081.4136281161,699961.7798379022,-1.0,-1.8369701987210297e-16
2025-10-01,IU_East_1,East,IU,10,2025,1.6,1.02,1.0,7.847409683750139,275.0130010494565,86.00896890796385,8587.232261019673,3.9871875571939484,68.77876338592574,0.6849999999999999,916805,671510.2283408399,954199.0186542614,-0.8660254037844386,0.5000000000000001
2025-11-01,IU_East_1,East,IU,11,2025,1.6,1.1,1.0,8.770254873773323,178.9336731648456,83.87613154202184,8834.798623466913,3.835129289098229,71.19679906435559,0.6849999999999999,1167535,916805.1579429732,871961.2521930522,-0.5000000000000004,0.8660254037844384
2025-12-01,IU_East_1,East,IU,12,2025,1.6,1.15,1.0,7.5402860946082475,181.5702795473039,83.5594912473783,9014.215052768113,1.0728085102837848,67.50561247866945,0.6849999999999999,1251660,1167535.3479693325,1047498.269002975,-2.4492935982947064e-16,1.0
2015-01-01,IU_East_2,East,IU,1,2015,1.0,1.08,1.0,5.724165824628183,106.07643596931796,39.35329616974315,5130.827335549304,6.812716580759887,60.75748304065248,0.73,413530,,,0.49999999999999994,0.8660254037844387
2015-02-01,IU_East_2,East,IU,2,2015,1.0,1.12,1.0,7.516125330809893,78.47105201625098,40.804500849465924,4667.278008229069,6.920374184772601,61.310429200763075,0.73,473410,413529.90171529603,,0.8660254037844386,0.5000000000000001
2015-03-01,IU_East_2,East,IU,3,2015,1.0,1.15,1.0,6.522798898711845,65.01605748565379,40.819933748755496,6222.632694637446,7.24105379676705,55.65901595708057,0.73,514767,473409.66950426024,,1.0,6.123233995736766e-17
2015-04-01,IU_East_2,East,IU,4,2015,1.0,1.05,1.0,5.874494231772644,79.68217396070992,36.38701051846312,5183.110387312929,7.286762156575402,63.42590841867797,0.73,414551,514766.7680340537,,0.8660254037844387,-0.4999999999999998
2015-05-01,IU_East_2,East,IU,5,2015,1.0,0.95,1.0,7.242088658892961,106.77170074188216,46.16975746212279,5615.649152010584,6.979365075945232,64.59042393026829,0.73,443900,414551.1423499285,,0.49999999999999994,-0.8660254037844387
2015-06-01,IU_East_2,East,IU,6,2015,1.0,0.72,1.0,5.627055290332258,140.50562272670933,38.58745050963315,5778.942345640152,6.893468944400057,63.97414917681507,0.73,269358,443899.9666999408,,1.2246467991473532e-16,-1.0
2015-07-01,IU_East_2,East,IU,7,2015,1.0,0.65,1.0,7.265820848873855,149.82640179344247,41.968348605580815,6187.610254086288,7.316972524864495,66.15490823776874,0.73,285715,269358.1805783518,,-0.4999999999999997,-0.8660254037844388
2015-08-01,IU_East_2,East,IU,8,2015,1.0,0.68,1.0,6.755271345430142,254.54713860281737,42.30764583168715,5437.9256786790975,7.634153227887649,62.80611842313001,0.73,225605,285714.5476835715,,-0.8660254037844385,-0.5000000000000004
2015-09-01,IU_East_2,East,IU,9,2015,1.0,0.82,1.0,5.784410373089695,329.47966947961135,39.581214618652744,5264.436269772345,7.246962770908124,63.91472472260375,0.73,224822,225604.57313794954,,-1.0,-1.8369701987210297e-16
2015-10-01,IU_East_2,East,IU,10,2015,1.0,1.02,1.0,7.134361778401471,220.3101165531701,41.820385075178905,5585.060118829382,8.426933618673042,62.62436295382741,0.73,381452,224822.00006689987,,-0.8660254037844386,0.5000000000000001
2015-11-01,IU_East_2,East,IU,11,2015,1.0,1.1,1.0,7.155907670826366,247.52705087663054,40.73745766544917,6085.015801416663,7.906470171536629,64.75020287836998,0.73,377974,381452.11177292716,,-0.5000000000000004,0.8660254037844384
2015-12-01,IU_East_2,East,IU,12,2015,1.0,1.15,1.0,7.8890235269719495,144.05615624269282,35.74708072831778,5430.602037842281,6.227323314513043,55.69108145547151,0.73,419368,377974.23452342954,,-2.4492935982947064e-16,1.0
2016-01-01,IU_East_2,East,IU,1,2016,1.06,1.08,1.0,8.720036586670975,113.78201928329888,43.503181896249735,6050.308913287216,7.518982212331083,59.225676128087954,0.7255,540927,419368.189301435,413529.90171529603,0.49999999999999994,0.8660254037844387
2016-02-01,IU_East_2,East,IU,2,2016,1.06,1.12,1.0,8.15018899665136,78.54368274299281,42.66234729293782,5786.658986258137,7.584435186068466,69.14759862813236,0.7255,594542,540927.3016355709,473409.66950426024,0.8660254037844386,0.5000000000000001
2016-03-01,IU_East_2,East,IU,3,2016,1.06,1.15,1.0,6.207551030329305,50.4602383305572,43.11476487596162,5930.416176927699,6.752212025500647,52.95825671161518,0.7255,550328,594541.9679756822,514766.7680340537,1.0,6.123233995736766e-17
2016-04-01,IU_East_2,East,IU,4,2016,1.06,1.05,1.0,9.0,72.82094844711972,40.58799046649008,6868.976173833049,5.903841930157475,62.239288280698624,0.7255,569580,550327.6511474798,414551.1423499285,0.8660254037844387,-0.4999999999999998
2016-05-01,IU_East_2,East,IU,5,2016,1.06,0.95,1.0,5.876320718493648,105.02646554301448,47.87930115023809,6335.718985661985,7.1064534075289085,67.48909983843227,0.7255,504879,569580.1309944919,443899.9666999408,0.49999999999999994,-0.8660254037844387
2016-06-01,IU_East_2,East,IU,6,2016,1.06,0.72,1.0,8.699775980918592,185.76974620524206,49.305977963840235,6206.61559053573,7.093833078814204,62.42695733783294,0.7255,332494,504878.53425605025,269358.1805783518,1.2246467991473532e-16,-1.0
2016-07-01,IU_East_2,East,IU,7,2016,1.06,0.65,1.0,8.07820075204338,231.90665686108383,47.43400892799522,6157.814749567276,6.202683010773444,61.179955714197206,0.7255,276562,332493.56794396346,285714.5476835715,-0.4999999999999997,-0.8660254037844388
2016-08-01,IU_East_2,East,IU,8,2016,1.06,0.68,1.0,6.151689324802484,267.2409815897587,48.311587672441426,6518.2706370901315,5.939024626992051,63.317686707261196,0.7255,262697,276561.9570047442,225604.57313794954,-0.8660254037844385,-0.5000000000000004
2016-09-01,IU_East_2,East,IU,9,2016,1.06,0.82,1.0,7.4114990451256215,345.45069832596306,43.46609548897553,6372.245207805538,7.029957162837248,61.38751927999021,0.7255,248698,262696.7912171385,224822.00006689987,-1.0,-1.8369701987210297e-16
2016-10-01,IU_East_2,East,IU,10,2016,1.06,1.02,1.0,7.4661567082862526,291.32100227701187,42.591229495041894,6357.090535326386,6.913538246359342,62.923397971027754,0.7255,356058,248697.94815282238,381452.11177292716,-0.8660254037844386,0.5000000000000001
2016-11-01,IU_East_2,East,IU,11,2016,1.06,1.1,1.0,9.0,200.80417729815667,42.16423885956487,7087.195767514882,6.766187707742085,60.06647585391948,0.7255,458668,356058.2212385434,377974.23452342954,-0.5000000000000004,0.8660254037844384
2016-12-01,IU_East_2,East,IU,12,2016,1.06,1.15,1.0,6.704687091443567,165.8362296998964,46.43219476887167,7172.107326837785,7.03327141220275,67.23469767982289,0.7255,463434,458668.1776099682,419368.189301435,-2.4492935982947064e-16,1.0
2017-01-01,IU_East_2,East,IU,1,2017,1.12,1.08,1.0,7.685665992290775,110.7249004106617,49.68118915943245,6728.310570218632,5.817778900943745,69.29305968426264,0.721,621657,463434.4400371067,540927.3016355709,0.49999999999999994,0.8660254037844387
2017-02-01,IU_East_2,East,IU,2,2017,1.12,1.12,1.0,5.196716473974485,71.86062032901388,48.76833486520472,7600.237052042012,6.352143509707108,63.06643871155351,0.721,564668,621657.4888261398,594541.9679756822,0.8660254037844386,0.5000000000000001
2017-03-01,IU_East_2,East,IU,3,2017,1.12,1.15,1.0,9.0,77.20587792350295,52.88544563258603,7103.232378648054,7.126660024491478,58.05404231723503,0.721,786919,564668.2309291895,550327.6511474798,1.0,6.123233995736766e-17
2017-04-01,IU_East_2,East,IU,4,2017,1.12,1.05,1.0,6.715438108375915,74.95501418228835,50.21482406144603,7341.1073217901885,6.4200239357189695,61.50462731874642,0.721,585280,786919.0946817425,569580.1309944919,0.8660254037844387,-0.4999999999999998
2017-05-01,IU_East_2,East,IU,5,2017,1.12,0.95,1.0,8.39229303708701,77.79683682223977,46.48402708743824,7591.995596334693,5.3624220225659585,62.86404535958815,0.721,538024,585279.8398483371,504878.53425605025,0.49999999999999994,-0.8660254037844387
2017-06-01,IU_East_2,East,IU,6,2017,1.12,0.72,1.0,7.878310604333763,154.32146591273246,46.95727351259291,7357.0963604087665,6.3218461778211426,65.62215550761283,0.721,383390,538023.6398688433,332493.56794396346,1.2246467991473532e-16,-1.0
2017-07-01,IU_East_2,East,IU,7,2017,1.12,0.65,1.0,7.8823988398599925,159.07229786014085,51.045979897762436,7556.527269310115,5.843873229194512,59.56794710731729,0.721,349016,383389.56536364264,276561.9570047442,-0.4999999999999997,-0.8660254037844388
2017-08-01,IU_East_2,East,IU,8,2017,1.12,0.68,1.0,8.97183438184505,251.8856195117131,52.12519855796379,7755.656915742044,6.913709037169385,60.5233507254314,0.721,297184,349016.3188645405,262696.7912171385,-0.8660254037844385,-0.5000000000000004
2017-09-01,IU_East_2,East,IU,9,2017,1.12,0.82,1.0,9.0,196.53297035148998,50.655040696767905,7585.379883270824,6.95506992270434,65.64270455143523,0.721,389845,297183.81739962165,248697.94815282238,-1.0,-1.8369701987210297e-16
2017-10-01,IU_East_2,East,IU,10,2017,1.12,1.02,1.0,8.30179240393039,230.34979792695216,54.69066624361624,7161.74398615225,5.372980299931175,67.35563532815823,0.721,488778,389845.10620547313,356058.2212385434,-0.8660254037844386,0.5000000000000001
2017-11-01,IU_East_2,East,IU,11,2017,1.12,1.1,1.0,8.786093621156631,172.90375660429356,53.905021497194255,7169.680499891035,7.3072103764657514,61.11362381931726,0.721,620107,488778.2899285521,458668.1776099682,-0.5000000000000004,0.8660254037844384
2017-12-01,IU_East_2,East,IU,12,2017,1.12,1.15,1.0,8.39466984407245,177.68083648478043,50.32310750455229,6804.952939549565,5.810250958977154,58.26713178419602,0.721,602914,620107.1601328991,463434.4400371067,-2.4492935982947064e-16,1.0
2018-01-01,IU_East_2,East,IU,1,2018,1.18,1.08,1.0,8.781697880496573,112.00906129216516,50.98425802155549,5962.9155430880455,7.547345832385881,77.53647280515155,0.7165,650608,602914.2375172301,621657.4888261398,0.49999999999999994,0.8660254037844387
2018-02-01,IU_East_2,East,IU,2,2018,1.18,1.12,1.0,7.005160516396228,74.23193760643558,49.5700374648047,7230.110439826706,6.260978988399506,67.53321694835486,0.7165,640903,650608.1876891211,564668.2309291895,0.8660254037844386,0.5000000000000001
2018-03-01,IU_East_2,East,IU,3,2018,1.18,1.15,1.0,8.851128837079518,55.12176833602438,52.33785476495586,5990.778068629509,5.30288520116867,63.331984952931876,0.7165,835989,640902.7877906202,786919.0946817425,1.0,6.123233995736766e-17
2018-04-01,IU_East_2,East,IU,4,2018,1.18,1.05,1.0,8.893260010556682,56.154805642549,55.75964033924847,5810.15921137265,5.386411143445855,67.87612510212337,0.7165,784617,835989.0327434605,585279.8398483371,0.8660254037844387,-0.4999999999999998
2018-05-01,IU_East_2,East,IU,5,2018,1.18,0.95,1.0,8.859704582199313,120.62715900347956,58.97994123793581,6491.147214802517,6.578476233429876,63.90217348114232,0.7165,739200,784617.2325275034,538023.6398688433,0.49999999999999994,-0.8660254037844387
2018-06-01,IU_East_2,East,IU,6,2018,1.18,0.72,1.0,6.76848273097605,216.44005891879019,54.752341103232396,6297.5155352910315,5.986960088081298,67.86862755640075,0.7165,371829,739200.1633832923,383389.56536364264,1.2246467991473532e-16,-1.0
2018-07-01,IU_East_2,East,IU,7,2018,1.18,0.65,1.0,7.358655010695192,237.74954264118,57.00616838269371,6259.162720390217,6.222676872305487,65.03757279110489,0.7165,374016,371829.3115860782,349016.3188645405,-0.4999999999999997,-0.8660254037844388
2018-08-01,IU_East_2,East,IU,8,2018,1.18,0.68,1.0,7.8480205583163425,248.06467173287837,52.76407754143659,6981.250361857809,7.590224186157632,64.7650875926703,0.7165,308791,374015.5453718442,297183.81739962165,-0.8660254037844385,-0.5000000000000004
2018-09-01,IU_East_2,East,IU,9,2018,1.18,0.82,1.0,5.915649717985014,220.0211786035713,55.36830737568265,6594.286680973633,5.7406047486167395,63.94567252707685,0.7165,373935,308790.79094559595,389845.10620547313,-1.0,-1.8369701987210297e-16
2018-10-01,IU_East_2,East,IU,10,2018,1.18,1.02,1.0,9.0,228.89988526844212,55.97007048843152,6108.682857705805,6.347970286156565,58.610474666147645,0.7165,530483,373934.91047780943,488778.2899285521,-0.8660254037844386,0.5000000000000001
2018-11-01,IU_East_2,East,IU,11,2018,1.18,1.1,1.0,7.54592833157721,239.22213246082117,47.56121717244241,6156.165514056068,7.435875589898442,72.15237959757256,0.7165,533610,530482.7049154151,620107.1601328991,-0.5000000000000004,0.8660254037844384
2018-12-01,IU_East_2,East,IU,12,2018,1.18,1.15,1.0,7.901373636905487,195.04257427534424,52.259683592870466,6121.015745714811,6.5164107803731195,60.633864318929035,0.7165,678082,533610.4696827538,602914.2375172301,-2.4492935982947064e-16,1.0
2019-01-01,IU_East_2,East,IU,1,2019,1.24,1.08,1.0,5.807594672327356,116.3825517353292,60.84910115283361,7713.632829710967,4.614717811713596,59.75990569475763,0.712,691000,678082.2296383065,650608.1876891211,0.49999999999999994,0.8660254037844387
2019-02-01,IU_East_2,East,IU,2,2019,1.24,1.12,1.0,4.907746928759573,79.52457289749927,58.823405006909695,7181.333566745939,6.30431120938571,64.34856046897454,0.712,740074,691000.4052620976,640902.7877906202,0.8660254037844386,0.5000000000000001
2019-03-01,IU_East_2,East,IU,3,2019,1.24,1.15,1.0,5.7751641374302745,61.94449724982884,54.4104548555472,6513.0809238954835,4.969597713773245,61.35411274595798,0.712,737024,740074.4285874751,835989.0327434605,1.0,6.123233995736766e-17
2019-04-01,IU_East_2,East,IU,4,2019,1.24,1.05,1.0,6.763045025160306,76.40013770511234,50.709632872817934,7298.2561445693955,7.025446022986372,64.99314883775892,0.712,610320,737023.8493212332,784617.2325275034,0.8660254037844387,-0.4999999999999998
2019-05-01,IU_East_2,East,IU,5,2019,1.24,0.95,1.0,7.308114575304432,100.9376435996109,56.90265776409398,6628.338299492283,5.241705916001618,67.95105539424708,0.712,688540,610320.2172460144,739200.1633832923,0.49999999999999994,-0.8660254037844387
2019-06-01,IU_East_2,East,IU,6,2019,1.24,0.72,1.0,6.6941498487232645,172.38287250177385,57.785242921318364,8302.903770789557,8.275607606196532,69.18121160211689,0.712,431879,688539.7005298221,371829.3115860782,1.2246467991473532e-16,-1.0
2019-07-01,IU_East_2,East,IU,7,2019,1.24,0.65,1.0,6.916068819490341,195.49450578956015,55.34823115051496,6885.449438768597,7.073900790662143,68.45892288648673,0.712,367613,431878.5119193609,374015.5453718442,-0.4999999999999997,-0.8660254037844388
2019-08-01,IU_East_2,East,IU,8,2019,1.24,0.68,1.0,6.095568350382348,265.68763262758904,58.429254811083986,7247.160855588872,5.262709944297617,63.97747178085728,0.712,315705,367612.620358874,308790.79094559595,-0.8660254037844385,-0.5000000000000004
2019-09-01,IU_East_2,East,IU,9,2019,1.24,0.82,1.0,7.095498279494514,293.89626830481035,59.519160241698685,7436.191230615363,5.916011044001289,65.39836731064635,0.712,448014,315704.5676132404,373934.91047780943,-1.0,-1.8369701987210297e-16
2019-10-01,IU_East_2,East,IU,10,2019,1.24,1.02,1.0,8.279399439663088,331.72520350427675,60.0120615121787,7190.103827694197,6.502915425306771,66.83151620358997,0.712,488242,448014.1095216877,530482.7049154151,-0.8660254037844386,0.5000000000000001
2019-11-01,IU_East_2,East,IU,11,2019,1.24,1.1,1.0,7.345747330926784,179.99300566124754,50.93224322520303,7189.486319340064,6.526928379381367,58.16885030423171,0.712,622067,488241.8901947489,533610.4696827538,-0.5000000000000004,0.8660254037844384
2019-12-01,IU_East_2,East,IU,12,2019,1.24,1.15,1.0,7.4714502659035285,180.1339923009809,54.05714470657564,7509.822278772245,6.253869007980958,67.48233880047944,0.712,609004,622066.6252997759,678082.2296383065,-2.4492935982947064e-16,1.0
2020-01-01,IU_East_2,East,IU,1,2020,1.3,1.08,1.0,5.792159507388137,136.8847747392764,61.586132054935796,8979.617504486105,6.501727229572888,60.170802849664675,0.7075,714640,609003.7636681551,691000.4052620976,0.49999999999999994,0.8660254037844387
2020-02-01,IU_East_2,East,IU,2,2020,1.3,1.12,1.0,3.635553744700657,79.08747023587995,64.21651939311239,8638.199409845563,5.401624842692504,74.16138639562595,0.7075,810665,714640.0804632964,740074.4285874751,0.8660254037844386,0.5000000000000001
2020-03-01,IU_East_2,East,IU,3,2020,1.3,1.15,1.0,4.185739991462687,62.996741719730345,63.96770204065011,8958.151568385874,5.2066258651391735,64.38193966143322,0.7075,869734,810665.0763085347,737023.8493212332,1.0,6.123233995736766e-17
2020-04-01,IU_East_2,East,IU,4,2020,1.3,1.05,0.68,5.985190789016791,77.26455989638399,63.91560984363003,7821.841724385704,5.222508809660312,65.26049929122163,0.7075,566581,869733.8276260932,610320.2172460144,0.8660254037844387,-0.4999999999999998
2020-05-01,IU_East_2,East,IU,5,2020,1.3,0.95,0.68,5.426212965868076,133.812019428227,61.349746174093205,8435.633507992692,6.186698585577702,62.92117160304858,0.7075,442659,566581.0628053766,688539.7005298221,0.49999999999999994,-0.8660254037844387
2020-06-01,IU_East_2,East,IU,6,2020,1.3,0.72,0.68,5.967151291987572,140.59555016356833,61.51709968807012,8362.681046454005,5.7921448322421165,63.48011987257724,0.7075,309572,442658.93768432585,431878.5119193609,1.2246467991473532e-16,-1.0
2020-07-01,IU_East_2,East,IU,7,2020,1.3,0.65,1.0,7.451047929633067,177.4328640233997,60.31501219473478,8450.81140428231,5.733026932552205,75.09637427657296,0.7075,428925,309571.861132597,367612.620358874,-0.4999999999999997,-0.8660254037844388
2020-08-01,IU_East_2,East,IU,8,2020,1.3,0.68,1.0,6.31058302729538,264.7430680380246,64.80458238431754,8912.124709813786,6.136187399405745,69.7614787544932,0.7075,386575,428925.1224877961,315704.5676132404,-0.8660254037844385,-0.5000000000000004
2020-09-01,IU_East_2,East,IU,9,2020,1.3,0.82,1.0,6.950003275111565,189.23119164998818,59.73853363678126,8193.465205621354,3.859158073716916,59.80319021940865,0.7075,519686,386575.2873344749,448014.1095216877,-1.0,-1.8369701987210297e-16
2020-10-01,IU_East_2,East,IU,10,2020,1.3,1.02,1.0,5.552957495585055,313.9120643843884,65.05010918556872,8110.34380807844,5.74805505910012,72.01685160274091,0.7075,523466,519686.01315175515,488241.8901947489,-0.8660254037844386,0.5000000000000001
2020-11-01,IU_East_2,East,IU,11,2020,1.3,1.1,1.0,4.470681015238851,265.01603056864684,63.12355971441294,8533.111681866178,5.674855111098973,70.77296910056573,0.7075,531693,523465.5659249926,622066.6252997759,-0.5000000000000004,0.8660254037844384
2020-12-01,IU_East_2,East,IU,12,2020,1.3,1.15,1.0,5.36990043716297,157.07956601186993,62.36486656463454,7492.629095623148,6.8350464650405645,64.87515015084685,0.7075,700250,531692.9394875583,609003.7636681551,-2.4492935982947064e-16,1.0
2021-01-01,IU_East_2,East,IU,1,2021,1.3599999999999999,1.08,1.0,4.034297823537035,105.77105397610345,65.0298688006706,7080.596254867489,3.877129614189066,68.02678776811935,0.703,707991,700249.9594601732,714640.0804632964,0.49999999999999994,0.8660254037844387
2021-02-01,IU_East_2,East,IU,2,2021,1.3599999999999999,1.12,1.0,6.869953948126938,70.23459822553238,62.93337441650762,7126.790716794015,6.345749305901406,66.7402236823157,0.703,1004167,707991.1145344616,810665.0763085347,0.8660254037844386,0.5000000000000001
2021-03-01,IU_East_2,East,IU,3,2021,1.3599999999999999,1.15,1.0,5.948469291842564,56.4369734636928,65.05704173086586,6773.018299634352,5.1603273031397325,74.69031961778772,0.703,1058017,1004166.922029846,869733.8276260932,1.0,6.123233995736766e-17
2021-04-01,IU_East_2,East,IU,4,2021,1.3599999999999999,1.05,1.0,5.6246149959539355,72.35965534852471,66.00997939412534,7662.856232082929,5.491191624528035,63.614839244031636,0.703,927371,1058016.7862363786,566581.0628053766,0.8660254037844387,-0.4999999999999998
2021-05-01,IU_East_2,East,IU,5,2021,1.3599999999999999,0.95,1.0,6.483131842673724,121.3782993955555,59.892927065256245,6709.171534167991,6.440735030087501,67.3840424391029,0.703,720635,927370.5305986657,442658.93768432585,0.49999999999999994,-0.8660254037844387
2021-06-01,IU_East_2,East,IU,6,2021,1.3599999999999999,0.72,1.0,2.5759323025721295,163.64981590418634,66.40793453399601,7126.036805208761,5.548609014404458,65.08741867602878,0.703,410393,720634.8301881915,309571.861132597,1.2246467991473532e-16,-1.0
2021-07-01,IU_East_2,East,IU,7,2021,1.3599999999999999,0.65,1.0,5.705765541611191,255.69129499685388,69.77307210407801,7319.100428367805,5.420294631570048,61.06783838152858,0.703,392992,410393.2034127963,428925.1224877961,-0.4999999999999997,-0.8660254037844388
2021-08-01,IU_East_2,East,IU,8,2021,1.3599999999999999,0.68,1.0,3.427225058834753,282.72092455044356,68.70165371630162,7796.232879636722,5.293832948641854,75.56655302021994,0.703,376867,392992.3391599899,386575.2873344749,-0.8660254037844385,-0.5000000000000004
2021-09-01,IU_East_2,East,IU,9,2021,1.3599999999999999,0.82,1.0,4.991293161841207,254.5075352733493,65.51138237277547,7182.429281276085,4.713217492004498,62.07373368359035,0.703,491358,376867.23352006,519686.01315175515,-1.0,-1.8369701987210297e-16
2021-10-01,IU_East_2,East,IU,10,2021,1.3599999999999999,1.02,1.0,4.625950889039343,318.0645414380308,67.14080889524568,7608.448794330164,5.077208700391686,67.6805167499511,0.703,534683,491358.21634883084,523465.5659249926,-0.8660254037844386,0.5000000000000001
2021-11-01,IU_East_2,East,IU,11,2021,1.3599999999999999,1.1,1.0,5.794083934516338,178.36256526628443,65.331506291734,7502.447605747177,4.5275897871018005,59.83719757447866,0.703,782705,534683.3008212956,531692.9394875583,-0.5000000000000004,0.8660254037844384
2021-12-01,IU_East_2,East,IU,12,2021,1.3599999999999999,1.15,1.0,5.273824746753147,165.6774215672988,67.44628220000709,7242.735577248583,5.064346480459614,65.20371784302762,0.703,830654,782705.2192162169,700249.9594601732,-2.4492935982947064e-16,1.0
2022-01-01,IU_East_2,East,IU,1,2022,1.42,1.08,1.0,7.0534804365543255,128.24421233806785,76.1203234712321,7669.718966276597,2.831255442355922,69.28787528573382,0.6985,1027115,830654.0111956252,707991.1145344616,0.49999999999999994,0.8660254037844387
2022-02-01,IU_East_2,East,IU,2,2022,1.42,1.12,1.0,4.717063235101043,63.303867116829906,74.40549640787462,7514.438612592695,5.043231654054038,64.30106408199055,0.6985,1037690,1027115.3349773503,1004166.922029846,0.8660254037844386,0.5000000000000001
2022-03-01,IU_East_2,East,IU,3,2022,1.42,1.15,1.0,6.2902770957801195,58.60026743284406,73.06238291707825,8207.927430638285,4.602610196973099,69.94720740294261,0.6985,1210858,1037690.2889744793,1058016.7862363786,1.0,6.123233995736766e-17
2022-04-01,IU_East_2,East,IU,4,2022,1.42,1.05,1.0,5.6340076884987775,76.79214160328155,70.02134526284884,7915.786406743476,4.4310370106665875,66.52383563244767,0.6985,938252,1210858.4409085189,927370.5305986657,0.8660254037844387,-0.4999999999999998
2022-05-01,IU_East_2,East,IU,5,2022,1.42,0.95,1.0,3.476991504134316,97.54319901791519,73.74981517883451,8573.667491256232,4.875806467152114,72.24033004959445,0.6985,740375,938252.2201142996,720634.8301881915,0.49999999999999994,-0.8660254037844387
2022-06-01,IU_East_2,East,IU,6,2022,1.42,0.72,1.0,4.33700007799254,166.17356146623032,66.43936914588085,8495.635433144012,3.5531488616276468,73.04704365336089,0.6985,485759,740375.0855974221,410393.2034127963,1.2246467991473532e-16,-1.0
2022-07-01,IU_East_2,East,IU,7,2022,1.42,0.65,1.0,5.259486187993577,218.74147130497056,70.74293955402733,8076.925052502979,6.243415997297025,65.25302095707995,0.6985,448589,485759.2948018721,392992.3391599899,-0.4999999999999997,-0.8660254037844388
2022-08-01,IU_East_2,East,IU,8,2022,1.42,0.68,1.0,6.774090768090252,243.0636922262908,73.25113425947185,7639.02918422608,4.61778603080992,67.90693143757183,0.6985,528502,448588.5391378009,376867.23352006,-0.8660254037844385,-0.5000000000000004
2022-09-01,IU_East_2,East,IU,9,2022,1.42,0.82,1.0,5.995807497288716,376.6703437861325,73.72126364214326,8389.830997322924,4.5833244536222475,68.33381690588892,0.6985,458417,528501.9425708792,491358.21634883084,-1.0,-1.8369701987210297e-16
2022-10-01,IU_East_2,East,IU,10,2022,1.42,1.02,1.0,4.0383388395633215,234.66195772076327,73.50965347064722,7701.922749238834,3.9276830318936615,70.07739718173879,0.6985,685051,458417.0166553546,534683.3008212956,-0.8660254037844386,0.5000000000000001
2022-11-01,IU_East_2,East,IU,11,2022,1.42,1.1,1.0,5.270960354563587,257.76565788068086,72.38449206762908,7818.691234680762,4.719157105959408,67.65752798497705,0.6985,688052,685051.4848431697,782705.2192162169,-0.5000000000000004,0.8660254037844384
2022-12-01,IU_East_2,East,IU,12,2022,1.42,1.15,1.0,7.860707566771815,158.1014143745952,70.91282506274835,7719.262917802832,5.809567912218624,68.36084383737136,0.6985,1038827,688051.9135172726,830654.0111956252,-2.4492935982947064e-16,1.0
2023-01-01,IU_East_2,East,IU,1,2023,1.48,1.08,1.0,6.63346800180903,93.74451202672726,77.61392790947947,9070.494863154538,5.128732967545627,67.42637410081953,0.694,1069907,1038827.3515801392,1027115.3349773503,0.49999999999999994,0.8660254037844387
2023-02-01,IU_East_2,East,IU,2,2023,1.48,1.12,1.0,6.1072093099131255,72.1002059634055,73.1414168782411,9659.406873359269,4.983550200912445,68.86095946788808,0.694,1100497,1069907.3502539333,1037690.2889744793,0.8660254037844386,0.5000000000000001
2023-03-01,IU_East_2,East,IU,3,2023,1.48,1.15,1.0,7.090087568907465,61.452384428855,73.46596821012025,9130.551931426928,4.737119161333817,73.59176077414054,0.694,1311861,1100496.5937372413,1210858.4409085189,1.0,6.123233995736766e-17
2023-04-01,IU_East_2,East,IU,4,2023,1.48,1.05,1.0,7.416071695498364,80.80929350371188,76.18520402938088,8933.371911435053,4.013165977949912,70.98433296484743,0.694,1150267,1311860.8235584581,938252.2201142996,0.8660254037844387,-0.4999999999999998
2023-05-01,IU_East_2,East,IU,5,2023,1.48,0.95,1.0,5.952597983023929,138.24605385900514,76.51959292812624,8446.293604507156,3.139869466370638,71.20502255777348,0.694,798888,1150267.388532022,740375.0855974221,0.49999999999999994,-0.8660254037844387
2023-06-01,IU_East_2,East,IU,6,2023,1.48,0.72,1.0,7.103089729245724,242.22020650636452,70.52315446430606,9381.276386155945,4.139168982506692,71.29228129654231,0.694,476724,798888.1014033258,485759.2948018721,1.2246467991473532e-16,-1.0
2023-07-01,IU_East_2,East,IU,7,2023,1.48,0.65,1.0,6.105332603995029,232.4172772461881,77.36543914284856,8781.638250359634,4.111302828373058,67.78476488847586,0.694,509854,476724.44506991905,448588.5391378009,-0.4999999999999997,-0.8660254037844388
2023-08-01,IU_East_2,East,IU,8,2023,1.48,0.68,1.0,7.363193122195326,238.63744402805565,78.31818513375818,9185.70325164866,5.139035551736993,69.67530817431813,0.694,518223,509853.7004629417,528501.9425708792,-0.8660254037844385,-0.5000000000000004
2023-09-01,IU_East_2,East,IU,9,2023,1.48,0.82,1.0,6.703631789565541,299.0207217253854,75.76814428760112,8973.421945865028,4.547512353967856,64.05930528665702,0.694,593140,518223.4101487823,458417.0166553546,-1.0,-1.8369701987210297e-16
2023-10-01,IU_East_2,East,IU,10,2023,1.48,1.02,1.0,7.078361392463471,254.41308628542396,83.12339884985198,9510.000071847262,5.589849222322838,73.47523062526784,0.694,841457,593139.563703732,685051.4848431697,-0.8660254037844386,0.5000000000000001
2023-11-01,IU_East_2,East,IU,11,2023,1.48,1.1,1.0,5.588979744598995,255.1124619630349,73.95119468105445,9062.063946614668,5.25799083203054,57.268158270627126,0.694,788983,841457.3694499654,688051.9135172726,-0.5000000000000004,0.8660254037844384
2023-12-01,IU_East_2,East,IU,12,2023,1.48,1.15,1.0,5.514456339112569,135.3114597315838,74.91673850983939,9106.303463492142,3.9348035123967233,68.0514064306583,0.694,982157,788982.5653813216,1038827.3515801392,-2.4492935982947064e-16,1.0
2024-01-01,IU_East_2,East,IU,1,2024,1.54,1.08,1.0,8.695256937371095,151.78802031232732,79.31479928161838,8245.765893327525,2.463896642704105,73.7635839086011,0.6895,1260437,982156.9289648477,1069907.3502539333,0.49999999999999994,0.8660254037844387
2024-02-01,IU_East_2,East,IU,2,2024,1.54,1.12,1.0,7.465384514117228,80.12272889594648,80.27143716612694,8975.302758991002,5.008460187153185,63.744528265482636,0.6895,1505054,1260437.3552043429,1100496.5937372413,0.8660254037844386,0.5000000000000001
2024-03-01,IU_East_2,East,IU,3,2024,1.54,1.15,1.0,7.902701862299055,41.854366250512214,79.51382556110113,8426.980795633917,4.987508178584595,70.7991196704674,0.6895,1431176,1505054.0891275764,1311860.8235584581,1.0,6.123233995736766e-17
2024-04-01,IU_East_2,East,IU,4,2024,1.54,1.05,1.0,7.1929856592759975,63.45344873369788,76.27956836618539,7987.3069291156935,2.807030727278219,66.47693421368389,0.6895,1234482,1431176.269356659,1150267.388532022,0.8660254037844387,-0.4999999999999998
2024-05-01,IU_East_2,East,IU,5,2024,1.54,0.95,1.0,8.639132300596193,125.71016154111418,78.86035511129057,8028.618772749448,5.1073920158620005,67.72478693924452,0.6895,1062488,1234482.2545155468,798888.1014033258,0.49999999999999994,-0.8660254037844387
2024-06-01,IU_East_2,East,IU,6,2024,1.54,0.72,1.0,6.831288195744232,197.64387021552065,80.20713791267777,7790.992919826573,4.205693736474014,72.98376384255775,0.6895,664750,1062487.6891542678,476724.44506991905,1.2246467991473532e-16,-1.0
2024-07-01,IU_East_2,East,IU,7,2024,1.54,0.65,1.0,7.3979386838987615,181.25281572500603,84.18571624618599,7599.681610388705,4.028548398500522,69.9922277035406,0.6895,637887,664750.0415019108,509853.7004629417,-0.4999999999999997,-0.8660254037844388
2024-08-01,IU_East_2,East,IU,8,2024,1.54,0.68,1.0,8.50385154702358,293.33707145527035,87.10672982011874,7778.441822792723,5.191826603397862,61.06257652846255,0.6895,572766,637887.3461038249,518223.4101487823,-0.8660254037844385,-0.5000000000000004
2024-09-01,IU_East_2,East,IU,9,2024,1.54,0.82,1.0,8.96822141077694,198.21172534819922,84.50642169355197,7679.712643302194,4.975748138584492,65.29429784107361,0.6895,809403,572766.1541568913,593139.563703732,-1.0,-1.8369701987210297e-16
2024-10-01,IU_East_2,East,IU,10,2024,1.54,1.02,1.0,6.932149022547801,261.4438136473413,78.17386291098218,8321.195449680716,4.421064761596163,73.10134293955504,0.6895,847840,809403.289077703,841457.3694499654,-0.8660254037844386,0.5000000000000001
2024-11-01,IU_East_2,East,IU,11,2024,1.54,1.1,1.0,9.0,261.3647738946677,78.4125711681215,7545.141990931525,4.278573652649587,70.995770872772,0.6895,944486,847839.840580034,788982.5653813216,-0.5000000000000004,0.8660254037844384
2024-12-01,IU_East_2,East,IU,12,2024,1.54,1.15,1.0,7.9365502042121605,154.1018036014049,80.02201426747195,8627.124429593589,4.393115432424287,76.19254229009714,0.6895,1022720,944485.8662367575,982156.9289648477,-2.4492935982947064e-16,1.0
2025-01-01,IU_East_2,East,IU,1,2025,1.6,1.08,1.0,6.748486085829515,86.68370537448138,90.35367666656076,9338.420872627927,3.1799540528939794,76.73059037605319,0.6849999999999999,1418854,1022719.8115296314,1260437.3552043429,0.49999999999999994,0.8660254037844387
2025-02-01,IU_East_2,East,IU,2,2025,1.6,1.12,1.0,8.442862458307962,72.56245541324547,84.50372784345431,9009.225778214903,3.455918840214143,68.63101947941283,0.6849999999999999,1476305,1418854.3977907859,1505054.0891275764,0.8660254037844386,0.5000000000000001
2025-03-01,IU_East_2,East,IU,3,2025,1.6,1.15,1.0,7.540400942619851,50.920361520261984,81.0174775283877,9000.143375158734,2.7781462763243656,80.01295122027796,0.6849999999999999,1587764,1476305.1216036475,1431176.269356659,1.0,6.123233995736766e-17
2025-04-01,IU_East_2,East,IU,4,2025,1.6,1.05,1.0,8.520882184619811,77.7104381596109,83.49646858914089,8749.223410672903,3.233568179408865,70.09791867940764,0.6849999999999999,1397098,1587764.1427570037,1234482.2545155468,0.8660254037844387,-0.4999999999999998
2025-05-01,IU_East_2,East,IU,5,2025,1.6,0.95,1.0,7.948572502807594,97.12651593873659,87.27116800545825,9121.537985105946,3.2066928970648534,66.1493258623639,0.6849999999999999,1113826,1397097.638874941,1062487.6891542678,0.49999999999999994,-0.8660254037844387
2025-06-01,IU_East_2,East,IU,6,2025,1.6,0.72,1.0,8.089128428228173,148.52955038074188,87.06982083068826,9489.641608443317,2.991755704302668,67.46544053635769,0.6849999999999999,732699,1113826.4593357395,664750.0415019108,1.2246467991473532e-16,-1.0
2025-07-01,IU_East_2,East,IU,7,2025,1.6,0.65,1.0,6.906087948096625,156.09432201855822,84.39935000052503,8683.579591984337,3.6093972021187706,60.97309957884232,0.6849999999999999,676456,732699.0947333395,637887.3461038249,-0.4999999999999997,-0.8660254037844388
2025-08-01,IU_East_2,East,IU,8,2025,1.6,0.68,1.0,9.0,271.75001608411225,87.0502440206801,8309.973559986023,3.2408153194395384,76.42807603299713,0.6849999999999999,640014,676456.1495630285,572766.1541568913,-0.8660254037844385,-0.5000000000000004
2025-09-01,IU_East_2,East,IU,9,2025,1.6,0.82,1.0,6.612647159418762,273.24199259238287,78.1804833923595,9316.448214684988,3.901787776281579,76.37904795617546,0.6849999999999999,694728,640014.3003042241,809403.289077703,-1.0,-1.8369701987210297e-16
2025-10-01,IU_East_2,East,IU,10,2025,1.6,1.02,1.0,6.669482125514006,217.75747344048173,85.31148770509809,9145.964688409164,2.202143509364988,65.93797024474672,0.6849999999999999,982657,694728.0637964116,847839.840580034,-0.8660254037844386,0.5000000000000001
2025-11-01,IU_East_2,East,IU,11,2025,1.6,1.1,1.0,8.440832418976983,230.51163678257433,87.58205626410589,8495.910539350922,3.40931616471416,69.08846284647238,0.6849999999999999,1207641,982656.7315059238,944485.8662367575,-0.5000000000000004,0.8660254037844384
2025-12-01,IU_East_2,East,IU,12,2025,1.6,1.15,1.0,9.0,193.8821715762323,82.50141017453639,8669.9738830881,3.6052413121419966,70.38243017645031,0.6849999999999999,1135105,1207641.2022009029,1022719.8115296314,-2.4492935982947064e-16,1.0
2015-01-01,IU_East_3,East,IU,1,2015,1.0,1.08,1.0,7.6583172612565376,95.32332854041343,40.50090287000249,5727.1603273884775,7.708524923764162,62.668011686782954,0.73,489693,,,0.49999999999999994,0.8660254037844387
2015-02-01,IU_East_3,East,IU,2,2015,1.0,1.12,1.0,7.365186984117104,65.15995693851023,44.38204099638741,6580.248687121794,8.55403265521392,64.93339202871272,0.73,564842,489692.85392401775,,0.8660254037844386,0.5000000000000001
2015-03-01,IU_East_3,East,IU,3,2015,1.0,1.15,1.0,4.078119066282564,58.36824814692336,38.167712032804786,5958.6706677393395,7.958925570621372,67.46698694677758,0.73,467079,564841.706522436,,1.0,6.123233995736766e-17
2015-04-01,IU_East_3,East,IU,4,2015,1.0,1.05,1.0,8.087141409512927,75.86721182333946,40.320008966101135,6076.664991610976,7.546203317333783,63.25257209253413,0.73,486944,467079.47614025086,,0.8660254037844387,-0.4999999999999998
2015-05-01,IU_East_3,East,IU,5,2015,1.0,0.95,1.0,6.612150190119623,123.73354225765745,42.24117648347237,5420.7791053549945,8.011790005359115,58.43721565895089,0.73,436747,486944.4159770566,,0.49999999999999994,-0.8660254037844387
2015-06-01,IU_East_3,East,IU,6,2015,1.0,0.72,1.0,6.970453404642207,179.59698156699704,36.036372304431616,5237.087775909101,7.861997164882146,62.22252049506315,0.73,231258,436747.09241881664,,1.2246467991473532e-16,-1.0
2015-07-01,IU_East_3,East,IU,7,2015,1.0,0.65,1.0,5.462124665085893,224.23469318619954,49.28976668842765,5155.817448762086,8.102880887327851,69.2671729466495,0.73,264055,231258.38315042658,,-0.4999999999999997,-0.8660254037844388
2015-08-01,IU_East_3,East,IU,8,2015,1.0,0.68,1.0,8.030296415506367,239.70644910515452,40.08569728833276,5287.4565008591235,5.880854711213645,67.39071234205049,0.73,247469,264055.47280729923,,-0.8660254037844385,-0.5000000000000004
2015-09-01,IU_East_3,East,IU,9,2015,1.0,0.82,1.0,5.076977204913356,296.84780697309765,40.42596835172678,4583.427582045897,6.257235093069387,65.63505391249744,0.73,245299,247468.85860871535,,-1.0,-1.8369701987210297e-16
2015-10-01,IU_East_3,East,IU,10,2015,1.0,1.02,1.0,7.498510422048735,338.7291583770269,43.77063409502477,5180.965972671413,8.30386331958659,65.18274808048955,0.73,331736,245298.86193104074,,-0.8660254037844386,0.5000000000000001
2015-11-01,IU_East_3,East,IU,11,2015,1.0,1.1,1.0,7.484728971090405,258.26960114237255,42.74486599903067,5255.020756745704,6.295776659070848,64.79780036242617,0.73,380037,331736.1530150979,,-0.5000000000000004,0.8660254037844384
2015-12-01,IU_East_3,East,IU,12,2015,1.0,1.15,1.0,5.330999086193334,181.47453953083217,40.114234058189375,5428.268498494955,7.821230908575364,66.63501933803948,0.73,362612,380036.8329415024,,-2.4492935982947064e-16,1.0
2016-01-01,IU_East_3,East,IU,1,2016,1.06,1.08,1.0,9.0,129.29672432022224,44.89038831429413,6539.287549386331,6.818360275174166,60.973484857112375,0.7255,534835,362611.91024519305,489692.85392401775,0.49999999999999994,0.8660254037844387
2016-02-01,IU_East_3,East,IU,2,2016,1.06,1.12,1.0,7.838494348040844,67.05303595554824,39.98755440715606,6643.102890881575,6.303048603523202,57.37965573689997,0.7255,518361,534835.1963888023,564841.706522436,0.8660254037844386,0.5000000000000001
2016-03-01,IU_East_3,East,IU,3,2016,1.06,1.15,1.0,8.34533130410505,51.7305727729001,42.83060266645007,6473.283582400718,7.379719805717978,63.07601400294824,0.7255,596424,518361.2497111713,467079.47614025086,1.0,6.123233995736766e-17
2016-04-01,IU_East_3,East,IU,4,2016,1.06,1.05,1.0,5.728115217376914,63.04066521492277,46.05163064847688,6218.350611145809,7.2608268029732566,59.52967365288923,0.7255,502465,596424.4558430134,486944.4159770566,0.8660254037844387,-0.4999999999999998
2016-05-01,IU_East_3,East,IU,5,2016,1.06,0.95,1.0,9.0,109.89518473747344,45.83167851712866,5596.488610530566,8.788274121677102,58.57991697849126,0.7255,490812,502464.64157071075,436747.09241881664,0.49999999999999994,-0.8660254037844387
2016-06-01,IU_East_3,East,IU,6,2016,1.06,0.72,1.0,6.091191843509713,157.36545140293117,48.16349725001226,6221.111126219243,6.6001510363712885,59.91888569364827,0.7255,316632,490811.51462825865,231258.38315042658,1.2246467991473532e-16,-1.0
2016-07-01,IU_East_3,East,IU,7,2016,1.06,0.65,1.0,8.790523891098937,264.59803128591193,44.13849682533002,6042.397213040897,8.252088096055338,72.74125569813474,0.7255,217492,316632.2435512945,264055.47280729923,-0.4999999999999997,-0.8660254037844388
2016-08-01,IU_East_3,East,IU,8,2016,1.06,0.68,1.0,6.366934110261786,246.10110689886216,40.338140459707404,6689.730036725422,7.381938331507452,63.34449853630338,0.7255,239522,217492.01497566627,247468.85860871535,-0.8660254037844385,-0.5000000000000004
2016-09-01,IU_East_3,East,IU,9,2016,1.06,0.82,1.0,6.817873608362602,246.2856879185535,47.67019129232703,6889.179328512212,6.5711824947658295,64.24763134544395,0.7255,359149,239521.84564857444,245298.86193104074,-1.0,-1.8369701987210297e-16
2016-10-01,IU_East_3,East,IU,10,2016,1.06,1.02,1.0,8.507165024442358,342.2107860498002,48.808268038546046,6902.356980177023,7.739397166013796,57.91054877198298,0.7255,373165,359149.0824482774,331736.1530150979,-0.8660254037844386,0.5000000000000001
2016-11-01,IU_East_3,East,IU,11,2016,1.06,1.1,1.0,8.79372342819001,208.83379223566686,47.194733718568685,6820.628731257569,7.55259080356316,55.42498816482948,0.7255,481947,373165.49681122863,380036.8329415024,-0.5000000000000004,0.8660254037844384
2016-12-01,IU_East_3,East,IU,12,2016,1.06,1.15,1.0,6.035119072842899,171.86891712270884,44.00909898742753,6419.91341904643,7.128674635886439,59.523789427524775,0.7255,471230,481946.9066731031,362611.91024519305,-2.4492935982947064e-16,1.0
2017-01-01,IU_East_3,East,IU,1,2017,1.12,1.08,1.0,9.0,119.5822234556893,52.13315815562974,7217.9403185635265,6.913036285152499,69.35278234083499,0.721,627721,471229.63269026455,534835.1963888023,0.49999999999999994,0.8660254037844387
2017-02-01,IU_East_3,East,IU,2,2017,1.12,1.12,1.0,9.0,58.89849414985051,59.286731434024645,7116.6240838775,6.222410375163575,64.93710186430609,0.721,829891,627720.6780373848,518361.2497111713,0.8660254037844386,0.5000000000000001
2017-03-01,IU_East_3,East,IU,3,2017,1.12,1.15,1.0,6.874455909386129,66.37806366382578,49.34545694332143,6774.445810556893,6.039370299796395,65.99438036577757,0.721,674763,829890.9201091394,596424.4558430134,1.0,6.123233995736766e-17
2017-04-01,IU_East_3,East,IU,4,2017,1.12,1.05,1.0,9.0,77.7909651874269,45.06478992326463,7899.154488256217,7.307553739058067,66.55426415680824,0.721,567138,674763.4306285757,502464.64157071075,0.8660254037844387,-0.4999999999999998
2017-05-01,IU_East_3,East,IU,5,2017,1.12,0.95,1.0,6.251770846102354,138.18085139959715,47.24114485134354,7374.200355959192,6.520848460549381,61.23460248080689,0.721,502539,567137.567655848,490811.51462825865,0.49999999999999994,-0.8660254037844387
2017-06-01,IU_East_3,East,IU,6,2017,1.12,0.72,1.0,7.250272900666862,150.88360718210387,50.876428000912156,6891.967190898287,6.635933601400726,69.15186233589347,0.721,345833,502539.3536949499,316632.2435512945,1.2246467991473532e-16,-1.0
2017-07-01,IU_East_3,East,IU,7,2017,1.12,0.65,1.0,8.574803148910387,227.33062662719897,44.18558706730581,7080.899203958074,6.923857276755422,61.06876960311127,0.721,287564,345832.82801800093,217492.01497566627,-0.4999999999999997,-0.8660254037844388
2017-08-01,IU_East_3,East,IU,8,2017,1.12,0.68,1.0,6.975720458356872,266.5592060543603,49.508209224736206,7062.682267633032,6.912230675827047,69.2249294370502,0.721,277776,287564.03886724537,239521.84564857444,-0.8660254037844385,-0.5000000000000004
2017-09-01,IU_East_3,East,IU,9,2017,1.12,0.82,1.0,8.31658290281521,291.0833167627009,50.14100995094765,7472.181341284488,5.556538823220748,65.36920862454136,0.721,373847,277775.5392668058,359149.0824482774,-1.0,-1.8369701987210297e-16
2017-10-01,IU_East_3,East,IU,10,2017,1.12,1.02,1.0,8.289291294563954,207.17503369992548,53.60536521943796,7933.180856009489,7.729001669163887,56.44381938301471,0.721,521909,373846.7635595357,373165.49681122863,-0.8660254037844386,0.5000000000000001
2017-11-01,IU_East_3,East,IU,11,2017,1.12,1.1,1.0,7.775510876092735,227.72410232405866,52.9305845681629,7296.2250257096675,6.796945721520543,60.60796205359786,0.721,512827,521908.91005879606,481946.9066731031,-0.5000000000000004,0.8660254037844384
2017-12-01,IU_East_3,East,IU,12,2017,1.12,1.15,1.0,8.998880646308672,132.05310943212163,51.593754375255315,6439.180241375038,6.537877389742281,56.460245868511585,0.721,662194,512826.7774423923,471229.63269026455,-2.4492935982947064e-16,1.0
2018-01-01,IU_East_3,East,IU,1,2018,1.18,1.08,1.0,7.286627220590654,118.02001239610827,47.01196296845641,6262.048526150855,6.6446768041357975,69.05312853117684,0.7165,601177,662193.6000856617,627720.6780373848,0.49999999999999994,0.8660254037844387
2018-02-01,IU_East_3,East,IU,2,2018,1.18,1.12,1.0,7.838509454356387,48.33339569356208,56.263159384143776,6276.892421928631,6.48923375489189,64.3010583167904,0.7165,776362,601176.9042994491,829890.9201091394,0.8660254037844386,0.5000000000000001
2018-03-01,IU_East_3,East,IU,3,2018,1.18,1.15,1.0,8.936426424765305,40.44667059195908,55.61654015818074,6245.965573051384,6.913650151591762,55.48663024020088,0.7165,849159,776361.5564214748,674763.4306285757,1.0,6.123233995736766e-17
2018-04-01,IU_East_3,East,IU,4,2018,1.18,1.05,1.0,8.50948362381083,79.72333152153814,54.26783313123504,6064.822152058303,6.730386937720753,65.90298752687863,0.7165,659457,849159.1795470944,567137.567655848,0.8660254037844387,-0.4999999999999998
2018-05-01,IU_East_3,East,IU,5,2018,1.18,0.95,1.0,8.50388092075687,102.81311395272766,48.309333621563546,6445.027263298998,6.874276983197014,62.25134295044673,0.7165,546144,659456.5380130246,502539.3536949499,0.49999999999999994,-0.8660254037844387
2018-06-01,IU_East_3,East,IU,6,2018,1.18,0.72,1.0,6.181644649119685,143.10597654446752,51.169678272438816,6376.943178789419,7.380795124582013,58.464776579866715,0.7165,394563,546143.9353739283,345832.82801800093,1.2246467991473532e-16,-1.0
2018-07-01,IU_East_3,East,IU,7,2018,1.18,0.65,1.0,8.190411262381406,266.7004128681384,49.9995316913978,6336.006035615377,7.006899639176778,71.11186334787479,0.7165,303457,394562.7435695997,287564.03886724537,-0.4999999999999997,-0.8660254037844388
2018-08-01,IU_East_3,East,IU,8,2018,1.18,0.68,1.0,6.506461622616415,278.0177340366903,47.45497468147873,6532.868289621703,6.1716110237371495,64.82914346438632,0.7165,246449,303457.49682287546,277775.5392668058,-0.8660254037844385,-0.5000000000000004
2018-09-01,IU_East_3,East,IU,9,2018,1.18,0.82,1.0,6.02296219604619,316.6277882124189,53.491254545755616,6153.754906555834,5.401679075138533,63.22627439074675,0.7165,335566,246448.9742461895,373846.7635595357,-1.0,-1.8369701987210297e-16
2018-10-01,IU_East_3,East,IU,10,2018,1.18,1.02,1.0,7.474612556237859,258.3868513902044,51.10653363567166,6128.216125607075,7.634238346403611,62.80230087605594,0.7165,488540,335566.4130262795,521908.91005879606,-0.8660254037844386,0.5000000000000001
2018-11-01,IU_East_3,East,IU,11,2018,1.18,1.1,1.0,6.475505947797913,314.03552411504006,61.37591674080674,6968.235157285799,6.1098213013223095,58.346882123368914,0.7165,506810,488539.74958344654,512826.7774423923,-0.5000000000000004,0.8660254037844384
2018-12-01,IU_East_3,East,IU,12,2018,1.18,1.15,1.0,8.509401434387794,152.76625071389316,52.99368418168627,6598.889611344315,5.921514069311582,59.18180440166357,0.7165,659683,506810.0150432523,662193.6000856617,-2.4492935982947064e-16,1.0
2019-01-01,IU_East_3,East,IU,1,2019,1.24,1.08,1.0,7.477442551634389,141.30752522924612,61.88125946759788,7692.125727424111,4.510618545788449,70.33966713950034,0.712,725336,659683.3245259383,601176.9042994491,0.49999999999999994,0.8660254037844387
2019-02-01,IU_East_3,East,IU,2,2019,1.24,1.12,1.0,4.21684851628227,70.35155899984886,53.292702925920324,7871.747063400182,6.1707784842496896,63.30446852085713,0.712,666838,725335.9462568187,776361.5564214748,0.8660254037844386,0.5000000000000001
2019-03-01,IU_East_3,East,IU,3,2019,1.24,1.15,1.0,5.506036952507732,42.10211268273294,56.40973124198539,7556.674881281011,6.019109283163017,65.28827080374745,0.712,790586,666838.1607394665,849159.1795470944,1.0,6.123233995736766e-17
2019-04-01,IU_East_3,East,IU,4,2019,1.24,1.05,1.0,4.748255993698401,76.1478672649395,58.29069362810294,7737.774905611128,4.687908051000416,57.0226780951957,0.712,707457,790586.2458966774,659456.5380130246,0.8660254037844387,-0.4999999999999998
2019-05-01,IU_East_3,East,IU,5,2019,1.24,0.95,1.0,5.9448448680885315,117.28801103244676,55.275538154176985,6609.294677068234,6.262619233706541,59.92763185681798,0.712,675339,707456.6021308977,546143.9353739283,0.49999999999999994,-0.8660254037844387
2019-06-01,IU_East_3,East,IU,6,2019,1.24,0.72,1.0,7.046210803842589,141.50669028117142,56.733397945585764,7411.869242398063,5.50144646343885,67.63925007949902,0.712,437309,675338.768631137,394562.7435695997,1.2246467991473532e-16,-1.0
2019-07-01,IU_East_3,East,IU,7,2019,1.24,0.65,1.0,6.209254282185934,193.01343228827358,57.34614728126938,7237.776692183404,8.052252005830955,66.71084704045533,0.712,362107,437308.70392570755,303457.49682287546,-0.4999999999999997,-0.8660254037844388
2019-08-01,IU_East_3,East,IU,8,2019,1.24,0.68,1.0,5.792288911199438,264.0131330078519,57.29827604366532,8074.957840904765,5.444511046327306,72.21350079489727,0.712,328911,362106.6135692462,246448.9742461895,-0.8660254037844385,-0.5000000000000004
2019-09-01,IU_East_3,East,IU,9,2019,1.24,0.82,1.0,8.060211832175767,294.6894082404152,63.56535571910604,7737.440489311336,5.551845334241766,70.5718253265249,0.712,428594,328910.8404118312,335566.4130262795,-1.0,-1.8369701987210297e-16
2019-10-01,IU_East_3,East,IU,10,2019,1.24,1.02,1.0,3.7341713928844538,166.78789008682315,59.13467885629453,7036.29966414292,5.200179020596506,64.27715611006072,0.712,603338,428594.3601474945,488539.74958344654,-0.8660254037844386,0.5000000000000001
2019-11-01,IU_East_3,East,IU,11,2019,1.24,1.1,1.0,7.98424627222187,259.38488080479976,59.43853168882391,7487.757371337993,6.922301216833578,67.09181425885309,0.712,524661,603338.2945469116,506810.0150432523,-0.5000000000000004,0.8660254037844384
2019-12-01,IU_East_3,East,IU,12,2019,1.24,1.15,1.0,5.846854048213418,155.5386510598626,59.618964323035215,7395.456600052009,5.6017793644281975,63.93358622838771,0.712,688360,524661.2429001188,659683.3245259383,-2.4492935982947064e-16,1.0
2020-01-01,IU_East_3,East,IU,1,2020,1.3,1.08,1.0,5.345609016084832,89.62664226211065,64.33787913201134,8497.269467946282,4.9200686769876025,74.2192392745546,0.7075,844533,688360.2664866261,725335.9462568187,0.49999999999999994,0.8660254037844387
2020-02-01,IU_East_3,East,IU,2,2020,1.3,1.12,1.0,4.806503822956048,81.02824119721716,62.25133904837541,7834.3412118091865,6.065564007936434,70.5960587842096,0.7075,807045,844533.0059769864,666838.1607394665,0.8660254037844386,0.5000000000000001
2020-03-01,IU_East_3,East,IU,3,2020,1.3,1.15,1.0,7.290805554867121,55.80160897288497,61.537760885563465,8454.827732384982,4.395717651669452,66.678740363431,0.7075,902105,807045.3602308953,790586.2458966774,1.0,6.123233995736766e-17
2020-04-01,IU_East_3,East,IU,4,2020,1.3,1.05,0.68,3.9621656320538676,83.95826065822367,63.000448178554834,8190.152215848074,6.000088436999158,66.8015791395054,0.7075,518356,902105.2716551406,707456.6021308977,0.8660254037844387,-0.4999999999999998
2020-05-01,IU_East_3,East,IU,5,2020,1.3,0.95,0.68,5.453423471886502,119.35759801805989,65.97041184674042,8419.9227168528,6.925119773280686,71.77940114903923,0.7075,493682,518355.79695665196,675338.768631137,0.49999999999999994,-0.8660254037844387
2020-06-01,IU_East_3,East,IU,6,2020,1.3,0.72,0.68,6.072266210452175,167.96183452570924,65.87871456530915,7966.846998722803,5.953286266268071,68.31831138845538,0.7075,339712,493681.8442183317,437308.70392570755,1.2246467991473532e-16,-1.0
2020-07-01,IU_East_3,East,IU,7,2020,1.3,0.65,1.0,3.5061365067579784,218.86827384866677,61.77880457293477,8029.54189589931,6.01031865300794,72.23451206828034,0.7075,334806,339711.77479166765,362106.6135692462,-0.4999999999999997,-0.8660254037844388
2020-08-01,IU_East_3,East,IU,8,2020,1.3,0.68,1.0,4.335462023684794,284.1823042145303,64.80353108400433,8821.049232192796,6.196048173525988,57.22540829496451,0.7075,354302,334805.6034406617,328910.8404118312,-0.8660254037844385,-0.5000000000000004
2020-09-01,IU_East_3,East,IU,9,2020,1.3,0.82,1.0,5.261525588022304,262.6316871300081,61.916246010881,7819.623921774707,6.867766422940415,67.8449130459952,0.7075,428902,354301.81451777404,428594.3601474945,-1.0,-1.8369701987210297e-16
2020-10-01,IU_East_3,East,IU,10,2020,1.3,1.02,1.0,4.37534178659893,231.1057440443099,62.601611648305735,7852.8308425588575,6.467915168015283,63.93826054127446,0.7075,586609,428902.4824593353,603338.2945469116,-0.8660254037844386,0.5000000000000001
2020-11-01,IU_East_3,East,IU,11,2020,1.3,1.1,1.0,4.460629702757199,244.49294652119602,61.07942985533741,8269.60875728077,5.851735777818419,73.02551195051197,0.7075,626788,586609.2874866549,524661.2429001188,-0.5000000000000004,0.8660254037844384
2020-12-01,IU_East_3,East,IU,12,2020,1.3,1.15,1.0,5.019504632528454,164.35890639560037,61.9550645832813,7945.4696541941,6.223113120508801,72.18559474875931,0.7075,622484,626788.4549906144,688360.2664866261,-2.4492935982947064e-16,1.0
2021-01-01,IU_East_3,East,IU,1,2021,1.3599999999999999,1.08,1.0,5.779497597975408,112.5639364875593,71.02399020864904,6788.916792454209,4.391252059627911,66.93134323640523,0.703,924238,622484.0447987724,844533.0059769864,0.49999999999999994,0.8660254037844387
2021-02-01,IU_East_3,East,IU,2,2021,1.3599999999999999,1.12,1.0,4.5887386677462265,82.6078923575679,67.27726344201771,7234.463864016201,5.7210348725978575,72.94252391524412,0.703,826325,924237.9913046228,807045.3602308953,0.8660254037844386,0.5000000000000001
2021-03-01,IU_East_3,East,IU,3,2021,1.3599999999999999,1.15,1.0,6.294111433367536,55.043436495019776,67.40584752565695,6509.900041365801,4.295555223053001,73.93245807997002,0.703,1204581,826325.0080464234,902105.2716551406,1.0,6.123233995736766e-17
2021-04-01,IU_East_3,East,IU,4,2021,1.3599999999999999,1.05,1.0,3.802690660808774,71.16527770764105,62.65834666222612,6733.596671261332,4.806382065094699,67.09762668770459,0.703,785179,1204580.7807452397,518355.79695665196,0.8660254037844387,-0.4999999999999998
2021-05-01,IU_East_3,East,IU,5,2021,1.3599999999999999,0.95,1.0,3.497693287431857,101.92588820762434,66.07226827710181,8111.522689288108,2.6339502598854097,76.68773508972743,0.703,726294,785179.4477419602,493681.8442183317,0.49999999999999994,-0.8660254037844387
2021-06-01,IU_East_3,East,IU,6,2021,1.3599999999999999,0.72,1.0,7.311614486865361,178.85464633634263,66.27605528876582,7393.943453508523,5.42114372749397,66.67463538932111,0.703,535197,726293.9008560099,339711.77479166765,1.2246467991473532e-16,-1.0
2021-07-01,IU_East_3,East,IU,7,2021,1.3599999999999999,0.65,1.0,4.210450246801386,235.75421786605094,64.51256954366978,6851.226168451009,4.584902391113317,65.94191619865636,0.703,368325,535197.0737907332,334805.6034406617,-0.4999999999999997,-0.8660254037844388
2021-08-01,IU_East_3,East,IU,8,2021,1.3599999999999999,0.68,1.0,3.4269055915134086,300.7999602184079,67.06499623511068,7375.376462192257,5.98891617216357,70.26349035433736,0.703,338395,368324.54907309817,354301.81451777404,-0.8660254037844385,-0.5000000000000004
2021-09-01,IU_East_3,East,IU,9,2021,1.3599999999999999,0.82,1.0,2.9095352698738037,255.6765888457112,65.71245312931704,7442.478391616452,5.412154088484322,65.38483707543074,0.703,487761,338394.93087149324,428902.4824593353,-1.0,-1.8369701987210297e-16
2021-10-01,IU_East_3,East,IU,10,2021,1.3599999999999999,1.02,1.0,6.2901241445707265,246.79697467424617,67.23998756573074,7634.666166013076,5.9992767157613,67.14135910317957,0.703,688714,487760.83121310687,586609.2874866549,-0.8660254037844386,0.5000000000000001
2021-11-01,IU_East_3,East,IU,11,2021,1.3599999999999999,1.1,1.0,4.590434582407929,250.61581661128776,67.3645090294568,7129.95946371694,4.233122764261969,72.43773769620364,0.703,735960,688713.8243068096,626788.4549906144,-0.5000000000000004,0.8660254037844384
2021-12-01,IU_East_3,East,IU,12,2021,1.3599999999999999,1.15,1.0,4.695548317920322,174.35576768474417,64.13273692653206,7626.603643220269,5.930708829727706,66.87687540886908,0.703,765029,735960.1100857786,622484.0447987724,-2.4492935982947064e-16,1.0
2022-01-01,IU_East_3,East,IU,1,2022,1.42,1.08,1.0,5.248297774316211,96.77553547996274,70.30389465255043,7242.699063802674,6.384685075490661,60.81992882809877,0.6985,968269,765028.578798498,924237.9913046228,0.49999999999999994,0.8660254037844387
2022-02-01,IU_East_3,East,IU,2,2022,1.42,1.12,1.0,6.654871289823916,84.92096584657594,71.7321228482825,7684.661341285563,5.311326639945515,69.06927755139678,0.6985,1056932,968268.6486041358,826325.0080464234,0.8660254037844386,0.5000000000000001
2022-03-01,IU_East_3,East,IU,3,2022,1.42,1.15,1.0,5.223904027449074,41.733015225437896,75.05289829347018,8233.742130781056,5.332279206953831,64.81482568379042,0.6985,1147092,1056932.4126706475,1204580.7807452397,1.0,6.123233995736766e-17
2022-04-01,IU_East_3,East,IU,4,2022,1.42,1.05,1.0,8.252204362819331,79.35839382025213,72.27015751838722,8308.335089763157,4.835678141115947,71.06108462917818,0.6985,1007540,1147092.0978497535,785179.4477419602,0.8660254037844387,-0.4999999999999998
2022-05-01,IU_East_3,East,IU,5,2022,1.42,0.95,1.0,5.599852517085254,90.74443779523028,69.51419446024772,7749.697970548763,4.280264975547708,70.38475886330498,0.6985,847769,1007540.2916352297,726293.9008560099,0.49999999999999994,-0.8660254037844387
2022-06-01,IU_East_3,East,IU,6,2022,1.42,0.72,1.0,6.713481548570164,215.5218706154353,72.69701427773155,8276.738996068074,5.3089538981612066,73.48560139266608,0.6985,523687,847768.8665285931,535197.0737907332,1.2246467991473532e-16,-1.0
2022-07-01,IU_East_3,East,IU,7,2022,1.42,0.65,1.0,6.405627657705467,172.10144917597108,76.62264666796528,7879.271888090385,3.4951336716783445,71.23012920317078,0.6985,569708,523687.3516990506,368324.54907309817,-0.4999999999999997,-0.8660254037844388
2022-08-01,IU_East_3,East,IU,8,2022,1.42,0.68,1.0,5.395603043910533,310.7959176966732,74.25011941776705,8035.368407597427,4.365795900063346,71.96097713463226,0.6985,428658,569708.4296313274,338394.93087149324,-0.8660254037844385,-0.5000000000000004
2022-09-01,IU_East_3,East,IU,9,2022,1.42,0.82,1.0,4.734974644995623,276.57135687952774,73.14257959130686,8621.148210298907,3.2831545581302537,64.92361295944914,0.6985,528363,428658.0754344478,487760.83121310687,-1.0,-1.8369701987210297e-16
2022-10-01,IU_East_3,East,IU,10,2022,1.42,1.02,1.0,5.837696542500043,250.42267653589423,73.67677052644696,8569.021873599522,4.137074898147933,70.815945983562,0.6985,776514,528363.0666985316,688713.8243068096,-0.8660254037844386,0.5000000000000001
2022-11-01,IU_East_3,East,IU,11,2022,1.42,1.1,1.0,6.051458305668906,230.2293276573168,75.81986212428589,7711.322852686184,5.213636073514849,75.47380515744115,0.6985,830128,776513.9008284813,735960.1100857786,-0.5000000000000004,0.8660254037844384
2022-12-01,IU_East_3,East,IU,12,2022,1.42,1.15,1.0,4.752236570468346,183.92388854677688,74.72688038205298,7684.236842090605,5.10431470097637,64.84540036545293,0.6985,927983,830128.0991926014,765028.578798498,-2.4492935982947064e-16,1.0
2023-01-01,IU_East_3,East,IU,1,2023,1.48,1.08,1.0,6.699606639140787,96.80607156084139,77.70028114335297,8947.792295028523,4.340730956428378,75.5989531669084,0.694,1234473,927983.0925715984,968268.6486041358,0.49999999999999994,0.8660254037844387
2023-02-01,IU_East_3,East,IU,2,2023,1.48,1.12,1.0,7.983445973911516,62.316384722632066,79.20592665877025,9120.784487499699,4.436320795249609,66.20259963519469,0.694,1389513,1234473.2507586882,1056932.4126706475,0.8660254037844386,0.5000000000000001
2023-03-01,IU_East_3,East,IU,3,2023,1.48,1.15,1.0,8.983937286883615,61.45668086694824,72.75504671120781,8836.766003168883,2.7913083057086325,64.99211501980011,0.694,1368794,1389512.5019960403,1147092.0978497535,1.0,6.123233995736766e-17
2023-04-01,IU_East_3,East,IU,4,2023,1.48,1.05,1.0,7.525243184419305,52.82063217416586,71.49320424297916,9601.109422287367,4.001950175543268,69.58480177341936,0.694,1088935,1368794.344384811,1007540.2916352297,0.8660254037844387,-0.4999999999999998
2023-05-01,IU_East_3,East,IU,5,2023,1.48,0.95,1.0,8.735311623656338,102.18495123437296,76.4712959519315,9289.145751796366,3.754918714851832,71.26364166451525,0.694,1028197,1088934.9245611413,847768.8665285931,0.49999999999999994,-0.8660254037844387
2023-06-01,IU_East_3,East,IU,6,2023,1.48,0.72,1.0,5.744750946552253,244.6253112448179,76.20604212895161,9315.55862247101,3.7727522475883672,72.04700049588907,0.694,497031,1028196.7149814193,523687.3516990506,1.2246467991473532e-16,-1.0
2023-07-01,IU_East_3,East,IU,7,2023,1.48,0.65,1.0,7.3422587024711525,191.47476438980016,74.36826983946023,8562.877850002278,4.779662902251003,64.5529503169072,0.694,573167,497031.2012709222,569708.4296313274,-0.4999999999999997,-0.8660254037844388
2023-08-01,IU_East_3,East,IU,8,2023,1.48,0.68,1.0,8.106223410297527,310.61911869634014,78.47755800948313,9658.101145850216,3.6115941387957515,70.13816038901717,0.694,504782,573166.5539633313,428658.0754344478,-0.8660254037844385,-0.5000000000000004
2023-09-01,IU_East_3,East,IU,9,2023,1.48,0.82,1.0,5.4244000004336055,255.3900677140199,70.4114092406463,7863.744353019205,3.816255319898071,65.65778171406599,0.694,566694,504782.31707059516,528363.0666985316,-1.0,-1.8369701987210297e-16
2023-10-01,IU_East_3,East,IU,10,2023,1.48,1.02,1.0,5.917291865545989,285.22899612747847,74.3956832318266,9508.145276359732,2.6303446034323867,62.4443109757177,0.694,732779,566693.8178176467,776513.9008284813,-0.8660254037844386,0.5000000000000001
2023-11-01,IU_East_3,East,IU,11,2023,1.48,1.1,1.0,8.5854857142023,245.9863512040329,74.54513336536715,9553.260604979363,4.064701455699064,64.68505473786887,0.694,821675,732778.5595080928,830128.0991926014,-0.5000000000000004,0.8660254037844384
2023-12-01,IU_East_3,East,IU,12,2023,1.48,1.15,1.0,5.329881373055672,196.44970972661028,71.09109464470163,8938.239788752433,3.429729961829104,65.39639853617673,0.694,950543,821675.2246917175,927983.0925715984,-2.4492935982947064e-16,1.0
2024-01-01,IU_East_3,East,IU,1,2024,1.54,1.08,1.0,5.951304132592968,108.63573570954537,84.98419302180791,8599.989274733909,3.9633623429517146,71.28638064141003,0.6895,1254323,950542.5255364835,1234473.2507586882,0.49999999999999994,0.8660254037844387
2024-02-01,IU_East_3,East,IU,2,2024,1.54,1.12,1.0,9.0,92.18831401714506,76.42239619401003,7998.785778143112,3.139113562606028,73.80885465227468,0.6895,1299107,1254323.4213421773,1389512.5019960403,0.8660254037844386,0.5000000000000001
2024-03-01,IU_East_3,East,IU,3,2024,1.54,1.15,1.0,8.996776041756346,51.049572857484485,78.73497982807694,8055.273943469917,3.983633796439373,63.30717348049894,0.6895,1465665,1299107.2171203515,1368794.344384811,1.0,6.123233995736766e-17
2024-04-01,IU_East_3,East,IU,4,2024,1.54,1.05,1.0,8.079204464560345,73.4997832840482,83.2239392734154,8179.967631304466,3.7842513914061255,70.60784429683223,0.6895,1351136,1465665.1463078791,1088934.9245611413,0.8660254037844387,-0.4999999999999998
2024-05-01,IU_East_3,East,IU,5,2024,1.54,0.95,1.0,7.505807266204828,116.1206524612558,82.43813603028619,9461.138387287543,5.237633418433857,64.49320725691638,0.6895,1140143,1351135.7286809573,1028196.7149814193,0.49999999999999994,-0.8660254037844387
2024-06-01,IU_East_3,East,IU,6,2024,1.54,0.72,1.0,7.034430765053843,139.72640337727472,77.17547591054576,8632.17493560992,4.297774384362555,71.716341636056,0.6895,723978,1140143.3476349174,497031.2012709222,1.2246467991473532e-16,-1.0
2024-07-01,IU_East_3,East,IU,7,2024,1.54,0.65,1.0,7.898998820350682,214.39469223270154,82.54746762778191,8342.68871729338,2.4282897019501575,66.70907767598501,0.6895,627530,723977.863045102,573166.5539633313,-0.4999999999999997,-0.8660254037844388
2024-08-01,IU_East_3,East,IU,8,2024,1.54,0.68,1.0,9.0,271.4148819336939,81.36935343597466,7616.41765800203,2.888088924717833,64.99468392790689,0.6895,609237,627529.7663641333,504782.31707059516,-0.8660254037844385,-0.5000000000000004
2024-09-01,IU_East_3,East,IU,9,2024,1.54,0.82,1.0,7.846939523150312,261.8509161885644,87.4991066863344,8091.79509843834,3.9441664071938667,72.39865806139031,0.6895,834457,609237.3506976555,566693.8178176467,-1.0,-1.8369701987210297e-16
2024-10-01,IU_East_3,East,IU,10,2024,1.54,1.02,1.0,9.0,362.01968548826085,81.71182124820491,7661.273834741694,3.1561216412858792,66.85230957821962,0.6895,762055,834456.7462509265,732778.5595080928,-0.8660254037844386,0.5000000000000001
2024-11-01,IU_East_3,East,IU,11,2024,1.54,1.1,1.0,6.483129789011544,195.82224456705578,80.0762745367944,8397.129558249833,1.5253052558113183,67.9361441945892,0.6895,1008738,762054.5038264919,821675.2246917175,-0.5000000000000004,0.8660254037844384
2024-12-01,IU_East_3,East,IU,12,2024,1.54,1.15,1.0,7.537043266585898,197.72149659713875,77.93049412864173,8090.3898160532535,4.9796370510669945,60.3200436497745,0.6895,1157761,1008738.4296230068,950542.5255364835,-2.4492935982947064e-16,1.0
2025-01-01,IU_East_3,East,IU,1,2025,1.6,1.08,1.0,7.5523295988033015,126.38852486089962,82.76726989913328,8493.9652441732,4.076179213524326,73.7862054456939,0.6849999999999999,1254704,1157761.4263975709,1254323.4213421773,0.49999999999999994,0.8660254037844387
2025-02-01,IU_East_3,East,IU,2,2025,1.6,1.12,1.0,6.697830148205201,70.85751232524234,82.52269271359553,9036.50606253778,3.9167814987934175,73.28363408467644,0.6849999999999999,1455880,1254703.9925792152,1299107.2171203515,0.8660254037844386,0.5000000000000001
2025-03-01,IU_East_3,East,IU,3,2025,1.6,1.15,1.0,7.816299520388413,48.73224394764112,89.11329644173577,8617.762138627115,3.014141563623268,70.02183137712525,0.6849999999999999,1554129,1455879.9393990664,1465665.1463078791,1.0,6.123233995736766e-17
2025-04-01,IU_East_3,East,IU,4,2025,1.6,1.05,1.0,8.500795161992528,62.82264158634094,85.05390974504941,9068.047299601349,3.8421414168079435,63.88967623457697,0.6849999999999999,1404774,1554129.0962434744,1351135.7286809573,0.8660254037844387,-0.4999999999999998
2025-05-01,IU_East_3,East,IU,5,2025,1.6,0.95,1.0,8.629076215942437,103.29814937316263,86.69574137192419,8613.415207635087,2.9365117406232946,74.83747671333906,0.6849999999999999,1329178,1404773.962890226,1140143.3476349174,0.49999999999999994,-0.8660254037844387
2025-06-01,IU_East_3,East,IU,6,2025,1.6,0.72,1.0,9.0,122.99931969495418,89.54274279994266,9012.369435011818,3.6638858401741525,67.33494645455684,0.6849999999999999,895286,1329177.9903925024,723977.863045102,1.2246467991473532e-16,-1.0
2025-07-01,IU_East_3,East,IU,7,2025,1.6,0.65,1.0,8.557360963668271,190.28356169314384,77.9246075733776,9337.711437870244,2.763533419330818,68.18658619959764,0.6849999999999999,641655,895286.1076481497,627529.7663641333,-0.4999999999999997,-0.8660254037844388
2025-08-01,IU_East_3,East,IU,8,2025,1.6,0.68,1.0,9.0,206.06755001333838,88.83662129410112,8976.126603633154,4.713030760444811,79.24817622543813,0.6849999999999999,762090,641654.7930541497,609237.3506976555,-0.8660254037844385,-0.5000000000000004
2025-09-01,IU_East_3,East,IU,9,2025,1.6,0.82,1.0,8.07931309555877,336.5267501334641,85.16619073535,8824.100279771877,2.2438106767345243,67.18545422356308,0.6849999999999999,635356,762090.35036734,834456.7462509265,-1.0,-1.8369701987210297e-16
2025-10-01,IU_East_3,East,IU,10,2025,1.6,1.02,1.0,9.0,289.578247116011,86.30514511492133,9091.47429947531,4.4858270636086655,72.968839849706,0.6849999999999999,922684,635356.4226426696,762054.5038264919,-0.8660254037844386,0.5000000000000001
2025-11-01,IU_East_3,East,IU,11,2025,1.6,1.1,1.0,9.0,250.40872972187947,82.51479033475525,9313.732179356237,3.531132662413864,72.24836904833047,0.6849999999999999,1053895,922683.5407818651,1008738.4296230068,-0.5000000000000004,0.8660254037844384
2025-12-01,IU_East_3,East,IU,12,2025,1.6,1.15,1.0,8.63730215717114,182.8385651788571,82.73462680465444,8501.76752855266,3.1084264037264075,71.56068877152035,0.6849999999999999,1243726,1053895.1341728917,1157761.4263975709,-2.4492935982947064e-16,1.0
2015-01-01,IU_North_1,North,IU,1,2015,1.0,1.08,1.0,7.0960569836134795,60.52711989175807,39.24229554582052,4736.269138881738,7.707778001377186,59.70535197247906,0.73,598025,,,0.49999999999999994,0.8660254037844387
2015-02-01,IU_North_1,North,IU,2,2015,1.0,1.12,1.0,6.334082838594578,48.88882308333342,36.256650454105454,6116.422245347069,6.776546699916473,59.81256423503843,0.73,522202,598024.7091920024,,0.8660254037844386,0.5000000000000001
2015-03-01,IU_North_1,North,IU,3,2015,1.0,1.15,1.0,7.277226245720831,31.03510913513746,44.897233911794906,5455.636746608955,8.0108739670219,61.868986919136006,0.73,686222,522201.5697530343,,1.0,6.123233995736766e-17
2015-04-01,IU_North_1,North,IU,4,2015,1.0,1.05,1.0,8.32763582768963,56.258456544201714,35.7095758661181,6064.1970173606915,6.170783950184832,59.82630091546494,0.73,582237,686221.709627547,,0.8660254037844387,-0.4999999999999998
2015-05-01,IU_North_1,North,IU,5,2015,1.0,0.95,1.0,6.219015950331997,63.540864442768644,38.67986653990905,4789.687230515168,7.447136161082147,59.148616869291345,0.73,493185,582237.4314732364,,0.49999999999999994,-0.8660254037844387
2015-06-01,IU_North_1,North,IU,6,2015,1.0,0.72,1.0,6.219035651660984,102.78260343746805,40.39222173185827,5237.460916643436,6.5311870401900345,62.42572091076759,0.73,371612,493184.84965251485,,1.2246467991473532e-16,-1.0
2015-07-01,IU_North_1,North,IU,7,2015,1.0,0.65,1.0,8.39505537860887,161.57197189518487,44.323819867198345,5509.539341845816,6.978531113758272,60.98009113031658,0.73,335370,371612.26962707157,,-0.4999999999999997,-0.8660254037844388
2015-08-01,IU_North_1,North,IU,8,2015,1.0,0.68,1.0,7.42092167498349,138.90146166649893,35.69241354646168,5528.320944166768,7.537918937053131,68.01597195433075,0.73,300756,335370.16371476086,,-0.8660254037844385,-0.5000000000000004
2015-09-01,IU_North_1,North,IU,9,2015,1.0,0.82,1.0,5.936630736878057,186.1414182343115,43.48949125646488,5304.650214806974,6.8116693077728385,51.396120766427956,0.73,386221,300755.98295214225,,-1.0,-1.8369701987210297e-16
2015-10-01,IU_North_1,North,IU,10,2015,1.0,1.02,1.0,7.1510720523031575,203.75534507293347,40.03069918305876,5787.462146529007,7.19235556461614,66.36602740768984,0.73,418371,386220.6880705578,,-0.8660254037844386,0.5000000000000001
2015-11-01,IU_North_1,North,IU,11,2015,1.0,1.1,1.0,5.943898768625045,109.27836213347749,37.05547404685615,5026.750483750466,8.305034247371552,66.98434076999051,0.73,506561,418371.30828222976,,-0.5000000000000004,0.8660254037844384
2015-12-01,IU_North_1,North,IU,12,2015,1.0,1.15,1.0,5.941124295715692,110.99106850822334,41.38631042278981,5443.108908713051,7.038486504381481,53.7064390703674,0.73,552376,506561.27561114857,,-2.4492935982947064e-16,1.0
2016-01-01,IU_North_1,North,IU,1,2016,1.06,1.08,1.0,7.851014897659062,74.80673417788299,45.09717908672041,6534.133034270404,7.768553689652113,61.4292496236786,0.7255,659687,552375.5082178131,598024.7091920024,0.49999999999999994,0.8660254037844387
2016-02-01,IU_North_1,North,IU,2,2016,1.06,1.12,1.0,5.2647238781904635,50.99925399354922,42.69934936852361,6711.497475326487,6.196234516273905,61.31423653601683,0.7255,628328,659686.67043608,522201.5697530343,0.8660254037844386,0.5000000000000001
2016-03-01,IU_North_1,North,IU,3,2016,1.06,1.15,1.0,5.490758772764181,29.32046616125836,44.709406254970055,6800.226695140051,7.523843342332226,57.169953221128715,0.7255,720509,628327.9985504915,686221.709627547,1.0,6.123233995736766e-17
2016-04-01,IU_North_1,North,IU,4,2016,1.06,1.05,1.0,6.885915136690654,36.60510268803749,43.344059209414716,5973.9110586730085,8.25325489652632,59.6887332496365,0.7255,648696,720509.0035097606,582237.4314732364,0.8660254037844387,-0.4999999999999998
2016-05-01,IU_North_1,North,IU,5,2016,1.06,0.95,1.0,6.345262827378512,77.6369689086625,44.840552035753745,5789.64862316902,5.122684399898168,58.357696618136686,0.7255,604523,648696.1012846236,493184.84965251485,0.49999999999999994,-0.8660254037844387
2016-06-01,IU_North_1,North,IU,6,2016,1.06,0.72,1.0,7.937756970894149,112.81115170637761,46.48639202356314,7054.954569854379,6.462483795623618,69.80908177369449,0.7255,407560,604522.7302826897,371612.26962707157,1.2246467991473532e-16,-1.0
2016-07-01,IU_North_1,North,IU,7,2016,1.06,0.65,1.0,6.471031281154368,149.4106455674709,49.25805044843606,6629.541305390866,7.561657701744432,66.54271357258985,0.7255,359148,407560.2711491346,335370.16371476086,-0.4999999999999997,-0.8660254037844388
2016-08-01,IU_North_1,North,IU,8,2016,1.06,0.68,1.0,5.8658957301774715,179.20664593194672,40.78655350351945,6143.1810585496005,6.937563691165606,67.88622037997663,0.7255,299310,359147.94387600623,300755.98295214225,-0.8660254037844385,-0.5000000000000004
2016-09-01,IU_North_1,North,IU,9,2016,1.06,0.82,1.0,9.0,161.63933251738075,50.8991001239688,7178.018388985185,7.396916698697047,65.68668825617294,0.7255,535650,299310.18586570316,386220.6880705578,-1.0,-1.8369701987210297e-16
2016-10-01,IU_North_1,North,IU,10,2016,1.06,1.02,1.0,7.2897286111959785,176.28862506662216,38.643736601432494,6532.053585431837,6.616811850627343,58.28379291513108,0.7255,469157,535650.2508869721,418371.30828222976,-0.8660254037844386,0.5000000000000001
2016-11-01,IU_North_1,North,IU,11,2016,1.06,1.1,1.0,7.64169401740533,150.33036542325152,44.04464471489325,7010.683732828772,7.169271829978319,60.7019189348809,0.7255,614741,469157.47822804196,506561.27561114857,-0.5000000000000004,0.8660254037844384
2016-12-01,IU_North_1,North,IU,12,2016,1.06,1.15,1.0,5.850962348323673,96.42750702797285,46.26495161945373,6510.383316634599,6.975458211686336,64.75749824491167,0.7255,605202,614741.127648927,552375.5082178131,-2.4492935982947064e-16,1.0
2017-01-01,IU_North_1,North,IU,1,2017,1.12,1.08,1.0,7.346740730569781,92.15036472036337,49.8429756032051,8380.156889224574,7.634225649327846,58.71148876443222,0.721,725924,605202.1971787164,659686.67043608,0.49999999999999994,0.8660254037844387
2017-02-01,IU_North_1,North,IU,2,2017,1.12,1.12,1.0,8.133107107651838,48.890469702374276,47.13190144053822,8242.723702127123,6.9035366746409705,66.45199372068956,0.721,828405,725923.7539661484,628327.9985504915,0.8660254037844386,0.5000000000000001
2017-03-01,IU_North_1,North,IU,3,2017,1.12,1.15,1.0,6.618807707093237,29.5669611151057,48.375633248928175,7340.786456212098,6.970082129660162,62.638698407367464,0.721,828942,828405.0776083106,720509.0035097606,1.0,6.123233995736766e-17
2017-04-01,IU_North_1,North,IU,4,2017,1.12,1.05,1.0,8.450837622014806,50.14154466393744,47.5209971960235,7890.0272509571405,6.370498427102026,62.100716769801615,0.721,799649,828941.7557524585,648696.1012846236,0.8660254037844387,-0.4999999999999998
2017-05-01,IU_North_1,North,IU,5,2017,1.12,0.95,1.0,7.279233572097434,61.47343796154493,47.231905729167366,7743.2395003409965,6.309915020742006,66.44383987281397,0.721,624042,799648.9428995581,604522.7302826897,0.49999999999999994,-0.8660254037844387
2017-06-01,IU_North_1,North,IU,6,2017,1.12,0.72,1.0,7.649967500248068,120.75077058062772,51.54880629106307,8068.704523917238,6.353953449744304,65.37705324594415,0.721,508902,624041.6617244938,407560.2711491346,1.2246467991473532e-16,-1.0
2017-07-01,IU_North_1,North,IU,7,2017,1.12,0.65,1.0,7.277952065324723,169.0256645065599,50.07104645789514,7018.604765766633,7.015561713902637,62.15613533672368,0.721,431736,508902.34032437194,359147.94387600623,-0.4999999999999997,-0.8660254037844388
2017-08-01,IU_North_1,North,IU,8,2017,1.12,0.68,1.0,9.0,149.38287276498556,46.92127121421804,7761.543480026978,6.3632124153437895,68.237319213457,0.721,404993,431735.9299176004,299310.18586570316,-0.8660254037844385,-0.5000000000000004
2017-09-01,IU_North_1,North,IU,9,2017,1.12,0.82,1.0,7.983803330314479,206.0111554895967,51.69879962629975,7929.111342109994,6.931819885517131,59.27574668960041,0.721,457141,404992.6146897461,535650.2508869721,-1.0,-1.8369701987210297e-16
2017-10-01,IU_North_1,North,IU,10,2017,1.12,1.02,1.0,6.73074688525292,180.9016507932376,49.92189856262983,6661.387554137279,8.36032063891635,66.06374242777706,0.721,625818,457140.7704342331,469157.47822804196,-0.8660254037844386,0.5000000000000001
2017-11-01,IU_North_1,North,IU,11,2017,1.12,1.1,1.0,8.987053894523827,161.75649945588097,51.43858635651688,6920.353992328081,7.396899762745354,65.97240503187354,0.721,773293,625818.0958028873,614741.127648927,-0.5000000000000004,0.8660254037844384
2017-12-01,IU_North_1,North,IU,12,2017,1.12,1.15,1.0,6.534987620034773,138.72804631899396,50.888886525770836,6535.165843035635,6.439181174265728,62.36181424274404,0.721,691659,773293.1612851613,605202.1971787164,-2.4492935982947064e-16,1.0
2018-01-01,IU_North_1,North,IU,1,2018,1.18,1.08,1.0,7.811296485785528,69.349808347169,51.01301496723379,6225.9466014723175,7.260971137731156,65.70453208896848,0.7165,820042,691659.4099881181,725923.7539661484,0.49999999999999994,0.8660254037844387
2018-02-01,IU_North_1,North,IU,2,2018,1.18,1.12,1.0,5.2090560231240906,40.485395458643076,51.81945687940909,6670.073692080552,5.973539701582759,59.3955456944588,0.7165,828939,820042.0757353157,828405.0776083106,0.8660254037844386,0.5000000000000001
2018-03-01,IU_North_1,North,IU,3,2018,1.18,1.15,1.0,5.966836913101704,31.196622080022173,55.74188081536978,7023.240350415581,4.669500371857716,68.0961080768276,0.7165,882400,828939.4151369833,828941.7557524585,1.0,6.123233995736766e-17
2018-04-01,IU_North_1,North,IU,4,2018,1.18,1.05,1.0,7.796893654822769,40.06037857072619,55.33111079630039,6380.522328161268,5.493530951266076,63.66039145422805,0.7165,869226,882400.2985063543,799648.9428995581,0.8660254037844387,-0.4999999999999998
2018-05-01,IU_North_1,North,IU,5,2018,1.18,0.95,1.0,8.446820067774313,71.16730153832768,53.43729521810756,7080.05667247945,4.803366463179315,62.309107917923846,0.7165,727503,869226.2410278311,624041.6617244938,0.49999999999999994,-0.8660254037844387
2018-06-01,IU_North_1,North,IU,6,2018,1.18,0.72,1.0,7.7663021092077855,113.52666199202963,53.85198214992634,5726.1340207756675,6.0187892127669524,68.59603690334757,0.7165,519931,727503.0014555247,508902.34032437194,1.2246467991473532e-16,-1.0
2018-07-01,IU_North_1,North,IU,7,2018,1.18,0.65,1.0,7.421882232913933,149.97652126552842,57.33299468736527,5580.657579262549,6.314734703351641,61.58262523782897,0.7165,477277,519930.5887815904,431735.9299176004,-0.4999999999999997,-0.8660254037844388
2018-08-01,IU_North_1,North,IU,8,2018,1.18,0.68,1.0,7.1993357370726745,191.49090414516476,51.72528583349251,6322.18321246889,7.641149849820226,58.766154814545764,0.7165,424937,477277.17033287836,404992.6146897461,-0.8660254037844385,-0.5000000000000004
2018-09-01,IU_North_1,North,IU,9,2018,1.18,0.82,1.0,5.786433783338908,180.35105108070348,55.141292143510114,6520.009128995057,6.56154189901133,58.17348330590439,0.7165,559467,424937.150389487,457140.7704342331,-1.0,-1.8369701987210297e-16
2018-10-01,IU_North_1,North,IU,10,2018,1.18,1.02,1.0,6.6968471217061705,207.49609343214192,52.89342204269832,6332.467040330027,6.124719576952908,66.82403980538257,0.7165,578044,559467.1546637549,625818.0958028873,-0.8660254037844386,0.5000000000000001
2018-11-01,IU_North_1,North,IU,11,2018,1.18,1.1,1.0,7.007893646628076,138.28341240206015,52.84695639031834,5416.830731954424,6.963524464946791,59.278282590014875,0.7165,806386,578043.6216563667,773293.1612851613,-0.5000000000000004,0.8660254037844384
2018-12-01,IU_North_1,North,IU,12,2018,1.18,1.15,1.0,8.82920684324252,152.06674049875184,56.79633055596157,6307.075659191614,4.531091752793691,71.41917672793747,0.7165,856762,806386.4805588735,691659.4099881181,-2.4492935982947064e-16,1.0
2019-01-01,IU_North_1,North,IU,1,2019,1.24,1.08,1.0,6.912341947482154,78.75720735586206,60.47624904696409,6732.9887247726665,6.088491646486853,56.872282368465115,0.712,955043,856762.3584127182,820042.0757353157,0.49999999999999994,0.8660254037844387
2019-02-01,IU_North_1,North,IU,2,2019,1.24,1.12,1.0,4.384351813564719,39.77727687772141,60.440528908001916,7621.352646973368,6.516692155109574,71.98582547316016,0.712,994540,955042.7041379443,828939.4151369833,0.8660254037844386,0.5000000000000001
2019-03-01,IU_North_1,North,IU,3,2019,1.24,1.15,1.0,6.888900763273754,30.21718051046999,61.91643642146299,7484.969210743433,4.717131003376127,66.04406986881048,0.712,1051607,994540.4374069382,882400.2985063543,1.0,6.123233995736766e-17
2019-04-01,IU_North_1,North,IU,4,2019,1.24,1.05,1.0,6.03790126350042,48.949623677621034,58.06301152489828,6897.054096152541,6.815003234565544,64.81314755251843,0.712,938642,1051606.9468087319,869226.2410278311,0.8660254037844387,-0.4999999999999998
2019-05-01,IU_North_1,North,IU,5,2019,1.24,0.95,1.0,5.6876935996328495,69.58660191848081,60.04585891388489,7088.759887198339,6.170797125995532,63.020323652764205,0.712,818498,938642.4163871007,727503.0014555247,0.49999999999999994,-0.8660254037844387
2019-06-01,IU_North_1,North,IU,6,2019,1.24,0.72,1.0,7.234011546609041,119.56680800429189,57.06919973021963,6843.353915149823,5.567769668879359,66.79654445740829,0.712,586634,818497.5167051391,519930.5887815904,1.2246467991473532e-16,-1.0
2019-07-01,IU_North_1,North,IU,7,2019,1.24,0.65,1.0,7.737199426995141,154.22193269078855,58.97249905746533,7291.7944062269235,6.406225492885028,65.0494611903006,0.712,510674,586634.3450456519,477277.17033287836,-0.4999999999999997,-0.8660254037844388
2019-08-01,IU_North_1,North,IU,8,2019,1.24,0.68,1.0,7.617536142939438,168.49282645173707,57.60957083689695,7749.814044225408,7.716554286243517,69.61320752806608,0.712,564558,510673.8749890801,424937.150389487,-0.8660254037844385,-0.5000000000000004
2019-09-01,IU_North_1,North,IU,9,2019,1.24,0.82,1.0,5.492938972132833,157.13656961215307,58.29098789497815,6876.423279148856,6.045493004046796,65.65691059464817,0.712,561077,564557.7817046653,559467.1546637549,-1.0,-1.8369701987210297e-16
2019-10-01,IU_North_1,North,IU,10,2019,1.24,1.02,1.0,6.128945148978542,131.64482529472122,59.78547107631074,7546.820931982881,6.098576469040269,65.80120704584752,0.712,760051,561076.8202260117,578043.6216563667,-0.8660254037844386,0.5000000000000001
2019-11-01,IU_North_1,North,IU,11,2019,1.24,1.1,1.0,6.897516117684277,134.35527703535234,55.54533795029958,7081.384071732253,5.532511280367805,63.74555115114458,0.712,790749,760051.0859115747,806386.4805588735,-0.5000000000000004,0.8660254037844384
2019-12-01,IU_North_1,North,IU,12,2019,1.24,1.15,1.0,7.670654152546831,121.87366046804027,64.27716182705637,6963.207225481796,5.220124504428167,64.97221750511574,0.712,983603,790748.965829635,856762.3584127182,-2.4492935982947064e-16,1.0
2020-01-01,IU_North_1,North,IU,1,2020,1.3,1.08,1.0,4.864330742805831,74.3122124366062,59.48194785550089,8244.656661048228,6.164268653235396,67.23120707556824,0.7075,875019,983602.8636677318,955042.7041379443,0.49999999999999994,0.8660254037844387
2020-02-01,IU_North_1,North,IU,2,2020,1.3,1.12,1.0,5.216549056223599,37.116690143901224,58.8574341616368,7826.961277939061,4.815132939272906,59.1593264293735,0.7075,1082872,875018.8761364889,994540.4374069382,0.8660254037844386,0.5000000000000001
2020-03-01,IU_North_1,North,IU,3,2020,1.3,1.15,1.0,4.111737859412945,36.93517699959638,65.9743326205002,8043.678135621548,5.557252989775514,60.60725831157715,0.7075,1182505,1082871.5773871534,1051606.9468087319,1.0,6.123233995736766e-17
2020-04-01,IU_North_1,North,IU,4,2020,1.3,1.05,0.68,4.003891879323374,48.28441037398744,64.8749880818888,7753.775271362798,5.117874042587907,68.97305637609087,0.7075,637498,1182505.0737652811,938642.4163871007,0.8660254037844387,-0.4999999999999998
2020-05-01,IU_North_1,North,IU,5,2020,1.3,0.95,0.68,6.414370815093217,62.45433968902777,64.37235945115647,9176.946632840154,5.883183860597113,66.68346175251176,0.7075,588175,637498.259591547,818497.5167051391,0.49999999999999994,-0.8660254037844387
2020-06-01,IU_North_1,North,IU,6,2020,1.3,0.72,0.68,7.066827862505167,110.49034671631755,64.38503652779283,8308.688921415058,5.7669296842295585,65.26406665458929,0.7075,455802,588174.9539079778,586634.3450456519,1.2246467991473532e-16,-1.0
2020-07-01,IU_North_1,North,IU,7,2020,1.3,0.65,1.0,5.352927682323778,145.25730831843362,62.463259681459256,7977.943844431116,6.330031955406319,66.07373573226157,0.7075,495633,455802.20034099,510673.8749890801,-0.4999999999999997,-0.8660254037844388
2020-08-01,IU_North_1,North,IU,8,2020,1.3,0.68,1.0,6.643579305690608,141.14742405974573,59.808236885542506,8389.111282858179,5.0919868809162026,67.39032682144668,0.7075,559720,495633.3218038538,564557.7817046653,-0.8660254037844385,-0.5000000000000004
2020-09-01,IU_North_1,North,IU,9,2020,1.3,0.82,1.0,5.87330305827734,189.66025872940364,62.72741367458118,8242.272700666907,5.284100051765303,63.840961278762556,0.7075,613027,559720.4699569141,561076.8202260117,-1.0,-1.8369701987210297e-16
2020-10-01,IU_North_1,North,IU,10,2020,1.3,1.02,1.0,4.66519612269403,184.68359777519345,60.46851486546367,8193.384003237828,4.716989027374154,62.88678109839075,0.7075,647994,613026.7088250342,760051.0859115747,-0.8660254037844386,0.5000000000000001
2020-11-01,IU_North_1,North,IU,11,2020,1.3,1.1,1.0,5.8730145548302755,167.39390685258599,65.42535920025325,8569.19533804732,5.1445653919391106,66.78338102039072,0.7075,946381,647994.4177245983,790748.965829635,-0.5000000000000004,0.8660254037844384
2020-12-01,IU_North_1,North,IU,12,2020,1.3,1.15,1.0,7.284983707979342,125.07159324296545,62.05882785549358,8633.698792549067,5.801840394435882,62.08650888953987,0.7075,1086154,946380.636288452,983602.8636677318,-2.4492935982947064e-16,1.0
2021-01-01,IU_North_1,North,IU,1,2021,1.3599999999999999,1.08,1.0,4.957008753068058,57.12117082606342,64.52350840962247,6948.454160547732,5.705590893316281,68.43301102285788,0.703,1034642,1086153.6940885792,875018.8761364889,0.49999999999999994,0.8660254037844387
2021-02-01,IU_North_1,North,IU,2,2021,1.3599999999999999,1.12,1.0,6.877572386976807,39.22495261670927,66.03584247504102,6928.061468682363,4.3622677406579,59.989665583048634,0.703,1225756,1034641.5332197618,1082871.5773871534,0.8660254037844386,0.5000000000000001
2021-03-01,IU_North_1,North,IU,3,2021,1.3599999999999999,1.15,1.0,1.856305875092307,38.781190442926764,68.23879436282687,7063.406413254229,5.795684736084528,70.91662254930257,0.703,1108252,1225755.8344547963,1182505.0737652811,1.0,6.123233995736766e-17
2021-04-01,IU_North_1,North,IU,4,2021,1.3599999999999999,1.05,1.0,5.986283005250269,49.164025127845015,65.30882634158807,6151.3151528414555,6.1845102870439606,68.69038992965217,0.703,1141183,1108252.024255814,637498.259591547,0.8660254037844387,-0.4999999999999998
2021-05-01,IU_North_1,North,IU,5,2021,1.3599999999999999,0.95,1.0,5.104456481885806,77.56251501210532,64.5333388133007,6505.343698983121,5.43074792257896,67.8241189372555,0.703,952266,1141183.4815915113,588174.9539079778,0.49999999999999994,-0.8660254037844387
2021-06-01,IU_North_1,North,IU,6,2021,1.3599999999999999,0.72,1.0,4.641191179440959,170.41425014860647,67.73106163447574,7802.273097322505,6.601436650046453,70.73076393578205,0.703,656709,952266.3654069846,455802.20034099,1.2246467991473532e-16,-1.0
2021-07-01,IU_North_1,North,IU,7,2021,1.3599999999999999,0.65,1.0,5.110112931842603,156.3312350309724,67.73489971332617,7927.415148048047,4.480968640717141,73.46189777785031,0.703,550708,656709.0937412769,495633.3218038538,-0.4999999999999997,-0.8660254037844388
2021-08-01,IU_North_1,North,IU,8,2021,1.3599999999999999,0.68,1.0,2.6149173024789287,199.3710223176656,65.47917047388661,7075.113459172098,4.104276237350866,70.85748026007252,0.703,460436,550707.7748847691,559720.4699569141,-0.8660254037844385,-0.5000000000000004
2021-09-01,IU_North_1,North,IU,9,2021,1.3599999999999999,0.82,1.0,4.736393734594985,205.75804761431644,65.58688508314503,7446.630310347564,3.6770238008765768,59.43650307467342,0.703,573684,460435.5645323355,613026.7088250342,-1.0,-1.8369701987210297e-16
2021-10-01,IU_North_1,North,IU,10,2021,1.3599999999999999,1.02,1.0,5.4285350858140955,186.9988781551181,67.6961498120729,7327.24224651706,6.296835449191346,61.68169213305719,0.703,808871,573684.2093720797,647994.4177245983,-0.8660254037844386,0.5000000000000001
2021-11-01,IU_North_1,North,IU,11,2021,1.3599999999999999,1.1,1.0,6.773472853689819,137.19018431576853,62.65574697550803,8572.676040777325,5.623492525083246,64.30072568921729,0.703,957654,808870.6781926337,946380.636288452,-0.5000000000000004,0.8660254037844384
2021-12-01,IU_North_1,North,IU,12,2021,1.3599999999999999,1.15,1.0,4.378075738071623,120.29530137199094,62.77760867687034,7690.988387118028,5.055532263271636,66.90436420084333,0.703,1057571,957654.0032699266,1086153.6940885792,-2.4492935982947064e-16,1.0
2022-01-01,IU_North_1,North,IU,1,2022,1.42,1.08,1.0,4.469147504748354,63.653487682994225,69.3446673362427,8102.437083833307,4.923974901055855,69.67063608187648,0.6985,1099882,1057571.262305937,1034641.5332197618,0.49999999999999994,0.8660254037844387
2022-02-01,IU_North_1,North,IU,2,2022,1.42,1.12,1.0,4.837231375918735,44.02469153720966,70.85965854486446,7730.00680172946,3.799608762161298,64.69702474738614,0.6985,1278442,1099881.6944635785,1225755.8344547963,0.8660254037844386,0.5000000000000001
2022-03-01,IU_North_1,North,IU,3,2022,1.42,1.15,1.0,6.537822369462668,33.37903684172284,72.43272269679402,7437.099155883744,6.65660158369346,68.3470670579083,0.6985,1436700,1278441.5035068018,1108252.024255814,1.0,6.123233995736766e-17
2022-04-01,IU_North_1,North,IU,4,2022,1.42,1.05,1.0,5.833841159811801,46.206757071666175,75.92606865084866,8251.558636139902,4.803376945580181,64.57846827058671,0.6985,1370365,1436699.9733714096,1141183.4815915113,0.8660254037844387,-0.4999999999999998
2022-05-01,IU_North_1,North,IU,5,2022,1.42,0.95,1.0,4.803627583699733,96.9983125200739,74.07297886960606,7819.642164621715,4.787515835683914,65.1539287880322,0.6985,1148443,1370365.1285800864,952266.3654069846,0.49999999999999994,-0.8660254037844387
2022-06-01,IU_North_1,North,IU,6,2022,1.42,0.72,1.0,6.055260747956206,77.75030388001369,71.02018441010972,7519.985830680698,5.2806132991189525,61.97335561260711,0.6985,779275,1148443.1905638222,656709.0937412769,1.2246467991473532e-16,-1.0
2022-07-01,IU_North_1,North,IU,7,2022,1.42,0.65,1.0,5.555832887437828,158.8232201120895,71.44295137629193,7869.042202090514,5.08480738538937,63.90706701555638,0.6985,598403,779275.2380770206,550707.7748847691,-0.4999999999999997,-0.8660254037844388
2022-08-01,IU_North_1,North,IU,8,2022,1.42,0.68,1.0,6.601713816859646,129.14398049301204,68.49241190608657,7673.303398373174,4.879107219423305,62.193261577534656,0.6985,721012,598402.8448129747,460435.5645323355,-0.8660254037844385,-0.5000000000000004
2022-09-01,IU_North_1,North,IU,9,2022,1.42,0.82,1.0,4.5968761155673565,167.2578396236853,71.44446059202284,8919.213735782305,4.06762043564375,63.69650698809066,0.6985,752980,721011.5914362515,573684.2093720797,-1.0,-1.8369701987210297e-16
2022-10-01,IU_North_1,North,IU,10,2022,1.42,1.02,1.0,5.046145252302857,198.1798646521026,70.63402408323958,8556.737890626904,5.077174685708796,71.81456718643135,0.6985,952664,752979.8130334477,808870.6781926337,-0.8660254037844386,0.5000000000000001
2022-11-01,IU_North_1,North,IU,11,2022,1.42,1.1,1.0,4.9688100444615895,145.388448412462,72.46815568101427,8156.412311407174,6.205619597180027,63.80240444467222,0.6985,1085269,952663.8600095363,957654.0032699266,-0.5000000000000004,0.8660254037844384
2022-12-01,IU_North_1,North,IU,12,2022,1.42,1.15,1.0,3.6831218904616367,90.54053459754526,69.01830716934303,8825.974862500163,5.776336036923982,78.12952825934956,0.6985,1076115,1085269.1432710283,1057571.262305937,-2.4492935982947064e-16,1.0
2023-01-01,IU_North_1,North,IU,1,2023,1.48,1.08,1.0,6.855344332477491,64.27471993999234,77.55803954272352,9167.636061468944,5.574549301311517,70.37327160352356,0.694,1434277,1076114.7715760209,1099881.6944635785,0.49999999999999994,0.8660254037844387
2023-02-01,IU_North_1,North,IU,2,2023,1.48,1.12,1.0,6.813266326615867,50.29932617899496,80.59821673900774,8745.242432429797,3.8910274588550515,69.13934449477951,0.694,1628099,1434276.7746573768,1278441.5035068018,0.8660254037844386,0.5000000000000001
2023-03-01,IU_North_1,North,IU,3,2023,1.48,1.15,1.0,6.506136147970953,32.056020188727466,75.67371955462943,9818.226157798861,3.508316143793135,64.96656887927516,0.694,1568842,1628099.1837593848,1436699.9733714096,1.0,6.123233995736766e-17
2023-04-01,IU_North_1,North,IU,4,2023,1.48,1.05,1.0,6.218495439949824,47.12824679433875,77.20513516629683,9375.329842685613,4.199370463920281,71.20123951763597,0.694,1390284,1568841.8762634716,1370365.1285800864,0.8660254037844387,-0.4999999999999998
2023-05-01,IU_North_1,North,IU,5,2023,1.48,0.95,1.0,4.801555109539503,72.49217587096119,78.07043197513333,8666.05955358061,4.344579929830956,66.09744869504891,0.694,1200116,1390283.5915553246,1148443.1905638222,0.49999999999999994,-0.8660254037844387
2023-06-01,IU_North_1,North,IU,6,2023,1.48,0.72,1.0,5.995225612681569,97.44407436878576,74.7963385843425,9047.167917889892,5.1753532147767585,68.88803925858146,0.694,875188,1200115.8880071086,779275.2380770206,1.2246467991473532e-16,-1.0
2023-07-01,IU_North_1,North,IU,7,2023,1.48,0.65,1.0,6.088742580167876,190.30919232942702,76.67227744543125,8738.792109004375,2.9460282962281443,78.64033815307519,0.694,695838,875188.2007847199,598402.8448129747,-0.4999999999999997,-0.8660254037844388
2023-08-01,IU_North_1,North,IU,8,2023,1.48,0.68,1.0,5.537267276934058,186.55240898854296,76.03777720234538,8510.560444093564,5.523640255568491,68.0157604011014,0.694,689154,695838.4346028633,721011.5914362515,-0.8660254037844385,-0.5000000000000004
2023-09-01,IU_North_1,North,IU,9,2023,1.48,0.82,1.0,6.306457146000789,125.32115016024461,76.2930282956465,9549.600219416754,4.173593681136809,72.99709330514271,0.694,900341,689153.6676812174,752979.8130334477,-1.0,-1.8369701987210297e-16
2023-10-01,IU_North_1,North,IU,10,2023,1.48,1.02,1.0,6.984861028177446,175.11831004268822,73.6809706484336,9992.057811239074,3.9584951440420637,65.58729429949645,0.694,1028390,900340.837701428,952663.8600095363,-0.8660254037844386,0.5000000000000001
2023-11-01,IU_North_1,North,IU,11,2023,1.48,1.1,1.0,8.763423081452636,129.70541236100283,76.07353052277684,8503.464914808903,3.4903164997918656,68.26004603801216,0.694,1420803,1028390.0088603022,1085269.1432710283,-0.5000000000000004,0.8660254037844384
2023-12-01,IU_North_1,North,IU,12,2023,1.48,1.15,1.0,6.709493375398207,121.80942002369886,77.49399487373636,9386.156479538273,2.976114662507384,75.48320254254205,0.694,1262112,1420803.1259297729,1076114.7715760209,-2.4492935982947064e-16,1.0
2024-01-01,IU_North_1,North,IU,1,2024,1.54,1.08,1.0,7.869720640647138,63.44077602492683,84.85343082338512,7734.390520867746,4.558536467169532,66.69213176884894,0.6895,1688381,1262111.883188089,1434276.7746573768,0.49999999999999994,0.8660254037844387
2024-02-01,IU_North_1,North,IU,2,2024,1.54,1.12,1.0,7.47132507286042,44.86057904469839,83.37781247825562,7807.973254278455,3.958654373750723,76.44979423198772,0.6895,1685356,1688381.2035519728,1628099.1837593848,0.8660254037844386,0.5000000000000001
2024-03-01,IU_North_1,North,IU,3,2024,1.54,1.15,1.0,5.258134713420971,38.726931306494464,86.95954737253467,7760.602411065077,2.868031280207157,72.03100774182191,0.6895,1719649,1685355.576872436,1568841.8762634716,1.0,6.123233995736766e-17
2024-04-01,IU_North_1,North,IU,4,2024,1.54,1.05,1.0,7.528843521240761,51.573932363692116,78.19795731133586,7638.383830616651,2.8639369823491068,66.95013289642293,0.6895,1623623,1719649.4151822117,1390283.5915553246,0.8660254037844387,-0.4999999999999998
2024-05-01,IU_North_1,North,IU,5,2024,1.54,0.95,1.0,7.632936423709053,59.036798803797616,83.11696191016203,8049.01440954774,3.6313722405678974,71.72963095622208,0.6895,1437971,1623622.9503288805,1200115.8880071086,0.49999999999999994,-0.8660254037844387
2024-06-01,IU_North_1,North,IU,6,2024,1.54,0.72,1.0,9.0,102.58107997937663,81.05002601721506,7653.2521245876005,5.235217220231514,73.09021779850693,0.6895,1029541,1437971.3601960617,875188.2007847199,1.2246467991473532e-16,-1.0
2024-07-01,IU_North_1,North,IU,7,2024,1.54,0.65,1.0,7.329827014042474,133.74118127892334,87.06940879965302,8148.885248573495,3.692326918909116,71.68723984886878,0.6895,810145,1029541.471028036,695838.4346028633,-0.4999999999999997,-0.8660254037844388
2024-08-01,IU_North_1,North,IU,8,2024,1.54,0.68,1.0,7.922516982580156,153.65925861039213,78.07510514393455,8004.5725277204565,2.697485637505515,62.91910112043818,0.6895,856419,810144.686411963,689153.6676812174,-0.8660254037844385,-0.5000000000000004
2024-09-01,IU_North_1,North,IU,9,2024,1.54,0.82,1.0,7.519006048133529,227.66726448758965,77.98083447345768,7919.6530558826835,3.7034055487312445,66.29145129670053,0.6895,887263,856418.7633011674,900340.837701428,-1.0,-1.8369701987210297e-16
2024-10-01,IU_North_1,North,IU,10,2024,1.54,1.02,1.0,6.158246526636383,180.70235684745808,78.70182206366793,7618.776029053849,3.6818211442018636,68.20992545779399,0.6895,1253680,887262.9324349002,1028390.0088603022,-0.8660254037844386,0.5000000000000001
2024-11-01,IU_North_1,North,IU,11,2024,1.54,1.1,1.0,8.932047549197845,116.76490658636303,74.12831282707057,7767.632578216818,1.7424906856467426,68.90226628359981,0.6895,1387740,1253680.3356369354,1420803.1259297729,-0.5000000000000004,0.8660254037844384
2024-12-01,IU_North_1,North,IU,12,2024,1.54,1.15,1.0,8.46297981100395,122.86936354228739,78.92273493495772,8367.105728594159,3.85656410678575,71.68268839020271,0.6895,1520641,1387740.1590093782,1262111.883188089,-2.4492935982947064e-16,1.0
2025-01-01,IU_North_1,North,IU,1,2025,1.6,1.08,1.0,8.949238336451657,94.91928692773644,82.72260201533891,9225.412734430423,3.3152523758330577,70.71080400373302,0.6849999999999999,1631282,1520640.6248524657,1688381.2035519728,0.49999999999999994,0.8660254037844387
2025-02-01,IU_North_1,North,IU,2,2025,1.6,1.12,1.0,6.908735054246313,52.715383791497096,85.45118135942862,8560.100139840104,4.056965091850735,64.65862256515959,0.6849999999999999,1899463,1631282.1330161872,1685355.576872436,0.8660254037844386,0.5000000000000001
2025-03-01,IU_North_1,North,IU,3,2025,1.6,1.15,1.0,9.0,27.795402183848328,86.02526792733148,9044.699537442604,4.979164875956276,71.52079140402385,0.6849999999999999,1998440,1899463.41092551,1719649.4151822117,1.0,6.123233995736766e-17
2025-04-01,IU_North_1,North,IU,4,2025,1.6,1.05,1.0,6.317778724649263,42.33065623867308,90.62851251764766,9338.124205516757,4.401252023638206,72.4423429811353,0.6849999999999999,1726594,1998440.4198183133,1623622.9503288805,0.8660254037844387,-0.4999999999999998
2025-05-01,IU_North_1,North,IU,5,2025,1.6,0.95,1.0,8.704228512560324,85.68264041121552,87.85127151455815,8248.767623494836,3.2848890475561356,72.23916179172416,0.6849999999999999,1578079,1726593.9586805585,1437971.3601960617,0.49999999999999994,-0.8660254037844387
2025-06-01,IU_North_1,North,IU,6,2025,1.6,0.72,1.0,9.0,96.53575465697575,83.2692890330128,9244.512086570423,2.614779273006664,74.32312290221849,0.6849999999999999,1088273,1578079.1542178234,1029541.471028036,1.2246467991473532e-16,-1.0
2025-07-01,IU_North_1,North,IU,7,2025,1.6,0.65,1.0,6.8113564098431745,153.58649964795853,82.30475598595493,8701.819308473821,5.5586878425998885,73.33568861819562,0.6849999999999999,794458,1088273.0943778257,810144.686411963,-0.4999999999999997,-0.8660254037844388
2025-08-01,IU_North_1,North,IU,8,2025,1.6,0.68,1.0,7.320442724476674,190.1481106422231,86.47575751451951,9256.769400866375,3.5473747472115904,71.83672031691374,0.6849999999999999,848937,794458.0547043558,856418.7633011674,-0.8660254037844385,-0.5000000000000004
2025-09-01,IU_North_1,North,IU,9,2025,1.6,0.82,1.0,8.119581638105169,154.97287726739177,81.03930037893808,8656.53337955532,3.511143433530357,69.71933715416542,0.6849999999999999,1120363,848937.4334053014,887262.9324349002,-1.0,-1.8369701987210297e-16
2025-10-01,IU_North_1,North,IU,10,2025,1.6,1.02,1.0,7.395829215060561,168.83277322267506,90.49437629756306,8187.803054700419,3.480699930311997,63.356156265936036,0.6849999999999999,1309847,1120362.8836514605,1253680.3356369354,-0.8660254037844386,0.5000000000000001
2025-11-01,IU_North_1,North,IU,11,2025,1.6,1.1,1.0,6.139203882720641,73.98862545450804,88.53832036216386,8267.60590295203,3.658467808614284,71.71847287653034,0.6849999999999999,1678185,1309846.5763763192,1387740.1590093782,-0.5000000000000004,0.8660254037844384
2025-12-01,IU_North_1,North,IU,12,2025,1.6,1.15,1.0,8.082275569767233,91.40492021038452,83.59247304368589,9021.638225997074,3.3845116704608462,70.83075074865245,0.6849999999999999,1631411,1678184.9256964775,1520640.6248524657,-2.4492935982947064e-16,1.0
2015-01-01,IU_North_2,North,IU,1,2015,1.0,1.08,1.0,7.934055954709811,71.72401603329239,41.65015629707366,5532.672143176332,7.692602543590855,63.71526600132229,0.73,625264,,,0.49999999999999994,0.8660254037844387
2015-02-01,IU_North_2,North,IU,2,2015,1.0,1.12,1.0,4.67217571425947,53.67575931723687,37.094966635409094,5745.541416433162,9.581346491344316,64.77242242905258,0.73,541665,625263.765347659,,0.8660254037844386,0.5000000000000001
2015-03-01,IU_North_2,North,IU,3,2015,1.0,1.15,1.0,5.829293783274094,38.93544083480993,40.316126518437876,5475.455226846042,7.952407716505236,62.7057662211089,0.73,654409,541664.6103449342,,1.0,6.123233995736766e-17
2015-04-01,IU_North_2,North,IU,4,2015,1.0,1.05,1.0,6.952654250077425,43.10860215493174,35.99792351524539,5726.105416694424,6.091389792675345,60.53188864366671,0.73,530907,654408.583799472,,0.8660254037844387,-0.4999999999999998
2015-05-01,IU_North_2,North,IU,5,2015,1.0,0.95,1.0,8.378628835081209,80.33434607500213,38.19589706814636,5536.193163637187,8.102673296883626,58.68963911740512,0.73,520052,530906.8640554508,,0.49999999999999994,-0.8660254037844387
2015-06-01,IU_North_2,North,IU,6,2015,1.0,0.72,1.0,6.421099686712415,61.85360954579278,40.95934580242761,4618.219722113391,7.804926707906223,62.3445755321855,0.73,390340,520051.7976272298,,1.2246467991473532e-16,-1.0
2015-07-01,IU_North_2,North,IU,7,2015,1.0,0.65,1.0,5.833760567968162,168.81333912803746,35.221018799404995,5084.478749754194,8.531802203266196,57.71144395205757,0.73,266954,390340.1025460842,,-0.4999999999999997,-0.8660254037844388
2015-08-01,IU_North_2,North,IU,8,2015,1.0,0.68,1.0,8.757388483328707,125.8987935167293,41.321424213881194,5442.340276897907,8.038545081015966,50.314598066021574,0.73,370788,266954.27331150824,,-0.8660254037844385,-0.5000000000000004
2015-09-01,IU_North_2,North,IU,9,2015,1.0,0.82,1.0,4.762383319500508,170.21409458211545,39.94108660321996,4962.817042694135,7.389235212812981,63.74623921663067,0.73,323643,370788.09825756744,,-1.0,-1.8369701987210297e-16
2015-10-01,IU_North_2,North,IU,10,2015,1.0,1.02,1.0,3.8614328520559016,141.74282099546812,41.65746986325144,5777.147605470926,6.520561410968507,65.61573936434478,0.73,466637,323642.9826144317,,-0.8660254037844386,0.5000000000000001
2015-11-01,IU_North_2,North,IU,11,2015,1.0,1.1,1.0,7.0280173400639985,116.03488012442844,40.671742402193985,6196.017551527297,7.33278139417118,52.54827025783265,0.73,528636,466637.05942559236,,-0.5000000000000004,0.8660254037844384
2015-12-01,IU_North_2,North,IU,12,2015,1.0,1.15,1.0,5.8975349307768665,126.80539395553203,44.09242128992153,6055.622510236426,6.81958363663256,57.96107718116025,0.73,597438,528635.8636271374,,-2.4492935982947064e-16,1.0
2016-01-01,IU_North_2,North,IU,1,2016,1.06,1.08,1.0,6.335180791222966,66.94882702583158,44.87567350794372,6383.9507080814565,6.635581240156221,65.27661704402078,0.7255,662855,597437.6510040858,625263.765347659,0.49999999999999994,0.8660254037844387
2016-02-01,IU_North_2,North,IU,2,2016,1.06,1.12,1.0,8.410687908539044,48.01865723939985,43.21178337662424,7150.826761582528,7.570862723536488,71.0299818788468,0.7255,791006,662855.3502558197,541664.6103449342,0.8660254037844386,0.5000000000000001
2016-03-01,IU_North_2,North,IU,3,2016,1.06,1.15,1.0,7.85322102830526,35.746628874052405,44.86689250909685,6546.900355741001,8.435923603481125,62.88317483070163,0.7255,759476,791005.9092420543,654408.583799472,1.0,6.123233995736766e-17
2016-04-01,IU_North_2,North,IU,4,2016,1.06,1.05,1.0,6.883765814895747,48.91243399834527,46.129894087109165,6328.311312996932,7.415737223858384,59.88798823508346,0.7255,666959,759475.7094163356,530906.8640554508,0.8660254037844387,-0.4999999999999998
2016-05-01,IU_North_2,North,IU,5,2016,1.06,0.95,1.0,6.024294893374748,72.82967642345075,44.64658021097711,6203.968801406627,6.143293550371852,62.06841423558063,0.7255,558015,666959.3218890583,520051.7976272298,0.49999999999999994,-0.8660254037844387
2016-06-01,IU_North_2,North,IU,6,2016,1.06,0.72,1.0,8.607608965715995,87.21552596814517,44.621775073611644,6343.8886410803925,7.455682134576112,68.29950567659273,0.7255,441855,558014.8595434362,390340.1025460842,1.2246467991473532e-16,-1.0
2016-07-01,IU_North_2,North,IU,7,2016,1.06,0.65,1.0,8.340901585330213,165.51936330005822,42.39402493657973,6305.320431656497,8.057305189316521,60.21614328350186,0.7255,350820,441854.77702073904,266954.27331150824,-0.4999999999999997,-0.8660254037844388
2016-08-01,IU_North_2,North,IU,8,2016,1.06,0.68,1.0,7.441649135244561,157.7368303867885,42.51129724734716,6556.687300069019,6.612173676544494,59.603231973398984,0.7255,314687,350820.25191880384,370788.09825756744,-0.8660254037844385,-0.5000000000000004
2016-09-01,IU_North_2,North,IU,9,2016,1.06,0.82,1.0,9.0,137.97228873618673,40.29218418460092,6552.258291472489,6.992786266661666,60.86902591127187,0.7255,411060,314686.6710603515,323642.9826144317,-1.0,-1.8369701987210297e-16
2016-10-01,IU_North_2,North,IU,10,2016,1.06,1.02,1.0,6.276558452188437,159.414170529301,49.74873022956082,6481.370709069087,7.111750555783357,58.98668556696515,0.7255,528114,411059.5775771928,466637.05942559236,-0.8660254037844386,0.5000000000000001
2016-11-01,IU_North_2,North,IU,11,2016,1.06,1.1,1.0,5.730029966670134,176.4164114777011,40.76841029382614,6676.622176385908,6.472081349534207,63.29068126397918,0.7255,517870,528113.5378378445,528635.8636271374,-0.5000000000000004,0.8660254037844384
2016-12-01,IU_North_2,North,IU,12,2016,1.06,1.15,1.0,6.730370487922328,121.7735922222386,42.42128440661228,7015.790823653903,7.6186243470750865,69.29871383387824,0.7255,659739,517869.58969250345,597437.6510040858,-2.4492935982947064e-16,1.0
2017-01-01,IU_North_2,North,IU,1,2017,1.12,1.08,1.0,7.945296780373402,68.23455694839512,46.84477820329241,7880.119683976276,6.603241481113775,64.89231709246411,0.721,727302,659739.2203432511,662855.3502558197,0.49999999999999994,0.8660254037844387
2017-02-01,IU_North_2,North,IU,2,2017,1.12,1.12,1.0,8.29200733918723,43.25482939715956,51.68477313083332,6784.616237225224,7.035625955125623,62.59058599149485,0.721,873533,727301.95788732,791005.9092420543,0.8660254037844386,0.5000000000000001
2017-03-01,IU_North_2,North,IU,3,2017,1.12,1.15,1.0,7.7105167305724045,34.263170723426136,48.11515096512392,6303.555812321801,5.99000625775832,62.43275492433783,0.721,862416,873532.8626782624,759475.7094163356,1.0,6.123233995736766e-17
2017-04-01,IU_North_2,North,IU,4,2017,1.12,1.05,1.0,8.422466475817156,59.865509942170654,52.7432262180212,7873.264283085354,6.350033359741272,57.347236765213374,0.721,856901,862415.6362157536,666959.3218890583,0.8660254037844387,-0.4999999999999998
2017-05-01,IU_North_2,North,IU,5,2017,1.12,0.95,1.0,6.498152690971467,76.12490288410078,46.979528127268395,6837.724908740741,7.277905086262217,67.13243910858864,0.721,583427,856901.3449933938,558014.8595434362,0.49999999999999994,-0.8660254037844387
2017-06-01,IU_North_2,North,IU,6,2017,1.12,0.72,1.0,9.0,114.96667468449532,49.8369824866714,7351.675892175973,6.4017334783265865,63.288651211948796,0.721,497525,583427.2293558795,441854.77702073904,1.2246467991473532e-16,-1.0
2017-07-01,IU_North_2,North,IU,7,2017,1.12,0.65,1.0,7.901418585928917,166.2541226070878,46.49395884022073,6926.269461300969,8.081571080986723,62.8780803456375,0.721,391634,497525.1756615868,350820.25191880384,-0.4999999999999997,-0.8660254037844388
2017-08-01,IU_North_2,North,IU,8,2017,1.12,0.68,1.0,9.0,176.45562620965416,55.43544738332017,6641.929126116672,6.380291051508318,76.37243027137944,0.721,469461,391634.49318742973,314686.6710603515,-0.8660254037844385,-0.5000000000000004
2017-09-01,IU_North_2,North,IU,9,2017,1.12,0.82,1.0,8.411270415653245,173.005862062841,45.43720474291146,7696.478550719835,6.879747780601509,64.79501163346275,0.721,462208,469460.6228271676,411059.5775771928,-1.0,-1.8369701987210297e-16
2017-10-01,IU_North_2,North,IU,10,2017,1.12,1.02,1.0,8.54810386298454,165.3364867780652,49.92946213068108,7794.440145163871,7.446072665498472,60.592835799619266,0.721,657166,462207.5188330067,528113.5378378445,-0.8660254037844386,0.5000000000000001
2017-11-01,IU_North_2,North,IU,11,2017,1.12,1.1,1.0,8.683720736278644,142.4534127966562,50.901330642796296,7193.390642700657,5.565307413653574,61.89456961517783,0.721,613308,657166.0236794001,517869.58969250345,-0.5000000000000004,0.8660254037844384
2017-12-01,IU_North_2,North,IU,12,2017,1.12,1.15,1.0,8.537250272020778,107.39699976854058,50.24139729235449,6286.851291562471,5.291352950415379,68.19378283678702,0.721,830895,613308.3873358078,659739.2203432511,-2.4492935982947064e-16,1.0
2018-01-01,IU_North_2,North,IU,1,2018,1.18,1.08,1.0,8.331927483620873,79.85839907127938,52.94413702336688,6101.369675258751,5.079474948343924,64.85308164215107,0.7165,833707,830894.8330533376,727301.95788732,0.49999999999999994,0.8660254037844387
2018-02-01,IU_North_2,North,IU,2,2018,1.18,1.12,1.0,9.0,46.00184054490164,53.11053790079972,6523.491479403515,7.310067282741746,58.64688808673054,0.7165,872752,833706.5264830944,873532.8626782624,0.8660254037844386,0.5000000000000001
2018-03-01,IU_North_2,North,IU,3,2018,1.18,1.15,1.0,7.796485575421585,39.95625641696412,53.63143441593733,5681.669471024011,5.858513483286043,68.07691573830083,0.7165,1016015,872751.8155870003,862415.6362157536,1.0,6.123233995736766e-17
2018-04-01,IU_North_2,North,IU,4,2018,1.18,1.05,1.0,8.411464680886036,45.093510505672235,53.058993995114534,6429.6916408729885,8.3465594285346,61.72742365784403,0.7165,962185,1016014.7038905171,856901.3449933938,0.8660254037844387,-0.4999999999999998
2018-05-01,IU_North_2,North,IU,5,2018,1.18,0.95,1.0,7.452977338635149,72.84926005541378,56.39163735038473,6340.290244844521,5.8486019210740885,71.89319110487018,0.7165,778295,962184.8558544166,583427.2293558795,0.49999999999999994,-0.8660254037844387
2018-06-01,IU_North_2,North,IU,6,2018,1.18,0.72,1.0,9.0,75.62914891057986,60.13156900477405,6607.860851792859,6.447641042557629,68.7201922628586,0.7165,687374,778294.5779924381,497525.1756615868,1.2246467991473532e-16,-1.0
2018-07-01,IU_North_2,North,IU,7,2018,1.18,0.65,1.0,6.748989409308697,163.7926777735736,51.8275246449765,6400.990842758738,7.533687962054301,62.610712417365,0.7165,452021,687374.0324228695,391634.49318742973,-0.4999999999999997,-0.8660254037844388
2018-08-01,IU_North_2,North,IU,8,2018,1.18,0.68,1.0,9.0,179.20767486228618,49.39059106126277,5909.298653575669,7.9048743105272985,69.52406544694045,0.7165,473605,452020.7782980844,469460.6228271676,-0.8660254037844385,-0.5000000000000004
2018-09-01,IU_North_2,North,IU,9,2018,1.18,0.82,1.0,7.512470631006609,206.9462729662106,53.23515385494623,6885.63685272139,7.949202861309118,64.67142204210963,0.7165,550063,473604.51040757797,462207.5188330067,-1.0,-1.8369701987210297e-16
2018-10-01,IU_North_2,North,IU,10,2018,1.18,1.02,1.0,5.843730049238163,96.34560002542098,61.23912801296296,6275.841369110232,7.266692984474513,67.81109470048888,0.7165,850334,550062.9561740462,657166.0236794001,-0.8660254037844386,0.5000000000000001
2018-11-01,IU_North_2,North,IU,11,2018,1.18,1.1,1.0,7.714385469672768,189.10889362326373,51.088976296090806,6334.892634192899,7.11925002064917,66.3389312691779,0.7165,689500,850333.7629237208,613308.3873358078,-0.5000000000000004,0.8660254037844384
2018-12-01,IU_North_2,North,IU,12,2018,1.18,1.15,1.0,6.743398182809964,105.7386480238862,58.417350416332205,5927.20909538943,6.774021559360946,61.01457338003651,0.7165,824496,689500.1580069532,830894.8330533376,-2.4492935982947064e-16,1.0
2019-01-01,IU_North_2,North,IU,1,2019,1.24,1.08,1.0,7.508772258786469,83.96837442076517,63.03310244222932,7120.522986963671,6.522688860933311,62.62580067073016,0.712,982463,824496.392705706,833706.5264830944,0.49999999999999994,0.8660254037844387
2019-02-01,IU_North_2,North,IU,2,2019,1.24,1.12,1.0,5.716851224837131,38.52601237280338,56.33923527487602,6921.838778687746,5.459051426937173,69.31984327032465,0.712,918859,982462.762541729,872751.8155870003,0.8660254037844386,0.5000000000000001
2019-03-01,IU_North_2,North,IU,3,2019,1.24,1.15,1.0,5.9645798801422645,39.308979087337875,59.706949237555826,7242.17427303431,5.245440893262154,63.86089867157384,0.712,1164077,918858.7186075528,1016014.7038905171,1.0,6.123233995736766e-17
2019-04-01,IU_North_2,North,IU,4,2019,1.24,1.05,1.0,4.232551122865363,38.433512899370186,62.88518986938561,8090.268816063905,5.897300434071239,63.58540614703202,0.712,910216,1164077.1397660917,962184.8558544166,0.8660254037844387,-0.4999999999999998
2019-05-01,IU_North_2,North,IU,5,2019,1.24,0.95,1.0,5.957232416901108,65.2632952244853,56.86261677703754,6702.64448568074,5.763852301980058,61.37950968260259,0.712,799525,910215.503847918,778294.5779924381,0.49999999999999994,-0.8660254037844387
2019-06-01,IU_North_2,North,IU,6,2019,1.24,0.72,1.0,3.591344808045252,139.00730793264194,57.389258919692914,6593.8973709553175,5.53741756053818,66.89439626237385,0.712,501756,799524.7634717698,687374.0324228695,1.2246467991473532e-16,-1.0
2019-07-01,IU_North_2,North,IU,7,2019,1.24,0.65,1.0,4.599316611817132,139.88126014351172,56.25495725815407,7982.026647371975,6.457109957965373,73.45009967697258,0.712,440590,501755.9968467828,452020.7782980844,-0.4999999999999997,-0.8660254037844388
2019-08-01,IU_North_2,North,IU,8,2019,1.24,0.68,1.0,7.4124975873731564,175.90990744933907,54.9557298079214,7225.804345281511,6.664244166856409,60.929868342982914,0.712,517009,440590.0949266105,473604.51040757797,-0.8660254037844385,-0.5000000000000004
2019-09-01,IU_North_2,North,IU,9,2019,1.24,0.82,1.0,7.442960190380998,203.49182872859637,56.05216736480198,7018.917267602888,5.970725509033478,65.29687782669103,0.712,534712,517008.67249994725,550062.9561740462,-1.0,-1.8369701987210297e-16
2019-10-01,IU_North_2,North,IU,10,2019,1.24,1.02,1.0,7.010549074141958,183.02002521518097,54.32817919971323,7787.957109328086,7.08202406484421,70.84888222166173,0.712,685905,534712.3327042208,850333.7629237208,-0.8660254037844386,0.5000000000000001
2019-11-01,IU_North_2,North,IU,11,2019,1.24,1.1,1.0,5.339628628244944,147.24904835110124,58.10225040477768,7047.473007118262,4.986648708693196,64.88143443501714,0.712,753430,685905.46122892,689500.1580069532,-0.5000000000000004,0.8660254037844384
2019-12-01,IU_North_2,North,IU,12,2019,1.24,1.15,1.0,6.442746372629625,113.91236823995285,55.69008030682407,8141.704371095972,5.745072432576226,67.00948718499893,0.712,799410,753429.8061549139,824496.392705706,-2.4492935982947064e-16,1.0
2020-01-01,IU_North_2,North,IU,1,2020,1.3,1.08,1.0,5.435016781311497,97.95688832057337,63.20135773537224,8597.88696513045,4.926542143517756,61.75042588741248,0.7075,896489,799410.082619059,982462.762541729,0.49999999999999994,0.8660254037844387
2020-02-01,IU_North_2,North,IU,2,2020,1.3,1.12,1.0,4.0493022011891275,45.25165930881545,57.832313061389115,8073.260189362213,4.006770706341552,67.7132283888306,0.7075,939697,896489.2964274269,918858.7186075528,0.8660254037844386,0.5000000000000001
2020-03-01,IU_North_2,North,IU,3,2020,1.3,1.15,1.0,7.24341779034076,37.08593485226082,63.49264069664337,9263.609018997256,5.433855451325841,65.25142293998181,0.7075,1139474,939696.7611574192,1164077.1397660917,1.0,6.123233995736766e-17
2020-04-01,IU_North_2,North,IU,4,2020,1.3,1.05,0.68,6.492174576910985,52.83992344940755,65.00058688482677,8020.248607676277,5.4026019932933735,69.94291998271945,0.7075,686150,1139473.913026869,910215.503847918,0.8660254037844387,-0.4999999999999998
2020-05-01,IU_North_2,North,IU,5,2020,1.3,0.95,0.68,5.1741828196245825,83.93968007594621,56.51879307228563,8626.763240431968,6.710759794593705,70.749544206259,0.7075,474464,686149.6026948184,799524.7634717698,0.49999999999999994,-0.8660254037844387
2020-06-01,IU_North_2,North,IU,6,2020,1.3,0.72,0.68,5.471602835013616,127.22989095007816,63.62216970954272,8427.501984210701,6.004649347643822,76.35825456807446,0.7075,400917,474464.45189410687,501755.9968467828,1.2246467991473532e-16,-1.0
2020-07-01,IU_North_2,North,IU,7,2020,1.3,0.65,1.0,5.689399197757242,157.79657279583037,66.18300697741988,8878.603903257239,4.680650540536636,68.3185326928543,0.7075,480079,400916.62892736396,440590.0949266105,-0.4999999999999997,-0.8660254037844388
2020-08-01,IU_North_2,North,IU,8,2020,1.3,0.68,1.0,2.9892579861110304,141.1465395426356,58.87107694392638,8995.500361554863,6.983274053067351,67.30318526632867,0.7075,480956,480078.61905308237,517008.67249994725,-0.8660254037844385,-0.5000000000000004
2020-09-01,IU_North_2,North,IU,9,2020,1.3,0.82,1.0,5.142726969195463,224.1026513721296,67.51771716051312,8307.222190107375,6.4768269564202825,66.77753720630935,0.7075,591951,480956.4538963357,534712.3327042208,-1.0,-1.8369701987210297e-16
2020-10-01,IU_North_2,North,IU,10,2020,1.3,1.02,1.0,4.620958730622821,141.0611800014301,63.75705702809814,7953.782281371997,5.965678162774893,64.58733482875725,0.7075,736198,591950.9032149609,685905.46122892,-0.8660254037844386,0.5000000000000001
2020-11-01,IU_North_2,North,IU,11,2020,1.3,1.1,1.0,4.237395816346281,150.53692604916313,60.38496443272477,8499.807787350383,5.318812720920135,67.35393537384677,0.7075,779591,736197.5353868153,753429.8061549139,-0.5000000000000004,0.8660254037844384
2020-12-01,IU_North_2,North,IU,12,2020,1.3,1.15,1.0,5.102019476757033,95.78073122968642,62.332692767026884,7987.848406639332,4.7324486106212165,64.81839435944389,0.7075,937266,779591.4224045565,799410.082619059,-2.4492935982947064e-16,1.0
2021-01-01,IU_North_2,North,IU,1,2021,1.3599999999999999,1.08,1.0,7.157223832219427,71.30730585679568,68.67498073756516,8093.203938359449,4.802234579143157,67.47384390507845,0.703,1188891,937265.5528467091,896489.2964274269,0.49999999999999994,0.8660254037844387
2021-02-01,IU_North_2,North,IU,2,2021,1.3599999999999999,1.12,1.0,5.7690114335204115,47.89718270380885,67.22801617423724,7248.620575959701,5.970998895763349,72.07039014243183,0.703,1286158,1188891.003253459,939696.7611574192,0.8660254037844386,0.5000000000000001
2021-03-01,IU_North_2,North,IU,3,2021,1.3599999999999999,1.15,1.0,4.314585212260644,37.73532896343147,68.6162679773391,7022.7849788820195,6.607669044747687,62.77382973888143,0.703,1086805,1286157.9359275645,1139473.913026869,1.0,6.123233995736766e-17
2021-04-01,IU_North_2,North,IU,4,2021,1.3599999999999999,1.05,1.0,5.68709933762739,48.535030957374246,64.2379792207619,7270.285814611678,6.334594822617751,71.35951424451618,0.703,1083341,1086805.2120494214,686149.6026948184,0.8660254037844387,-0.4999999999999998
2021-05-01,IU_North_2,North,IU,5,2021,1.3599999999999999,0.95,1.0,6.6792265239032025,89.42808170583339,67.50808247210823,6580.972846684105,4.708920462570981,72.06846026935946,0.703,978236,1083341.053007232,474464.45189410687,0.49999999999999994,-0.8660254037844387
2021-06-01,IU_North_2,North,IU,6,2021,1.3599999999999999,0.72,1.0,6.109560419495322,115.34725568452649,62.75885650928506,6749.953359642675,4.204306053368791,66.32772589203569,0.703,681229,978235.6830977978,400916.62892736396,1.2246467991473532e-16,-1.0
2021-07-01,IU_North_2,North,IU,7,2021,1.3599999999999999,0.65,1.0,5.071556443904209,138.726216677722,66.66632181595389,7727.36593554746,5.212708997528963,58.31258040396562,0.703,574038,681229.067419186,480078.61905308237,-0.4999999999999997,-0.8660254037844388
2021-08-01,IU_North_2,North,IU,8,2021,1.3599999999999999,0.68,1.0,4.223675866753311,194.98922017411442,64.28827707560563,6891.577251435341,3.6852485075497183,64.36871205162227,0.703,489505,574038.3902591539,480956.4538963357,-0.8660254037844385,-0.5000000000000004
2021-09-01,IU_North_2,North,IU,9,2021,1.3599999999999999,0.82,1.0,5.837867976336308,212.1157032009653,64.7934101722307,6716.069734765596,5.3585341713478245,71.98797818624443,0.703,628298,489504.9381046162,591950.9032149609,-1.0,-1.8369701987210297e-16
2021-10-01,IU_North_2,North,IU,10,2021,1.3599999999999999,1.02,1.0,5.472182462506099,138.98467528629652,70.70827952563131,7428.673415609747,4.981917930961065,66.70852775080446,0.703,911302,628297.7817279936,736197.5353868153,-0.8660254037844386,0.5000000000000001
2021-11-01,IU_North_2,North,IU,11,2021,1.3599999999999999,1.1,1.0,6.074231864033279,156.90384150875693,70.2739303617828,7720.746546570817,4.727170798505406,62.802791070820355,0.703,1066770,911302.0910618593,779591.4224045565,-0.5000000000000004,0.8660254037844384
2021-12-01,IU_North_2,North,IU,12,2021,1.3599999999999999,1.15,1.0,5.762206162018363,119.35899842543658,68.82741436272153,7510.7086667717485,3.824237546186563,64.78090031508712,0.703,1099592,1066770.3104463103,937265.5528467091,-2.4492935982947064e-16,1.0
2022-01-01,IU_North_2,North,IU,1,2022,1.42,1.08,1.0,6.698803086603381,68.78631416371209,68.22306170598226,8608.221458612268,5.110880085255772,70.9624801060182,0.6985,1314585,1099592.3754755333,1188891.003253459,0.49999999999999994,0.8660254037844387
2022-02-01,IU_North_2,North,IU,2,2022,1.42,1.12,1.0,4.797057574347497,55.0655331795069,70.5507746509156,7819.442210143395,4.27383932827047,69.78693427280551,0.6985,1225880,1314584.960603692,1286157.9359275645,0.8660254037844386,0.5000000000000001
2022-03-01,IU_North_2,North,IU,3,2022,1.42,1.15,1.0,7.02021270698137,35.18969983002436,75.13929309993755,7520.185199965822,3.764066531431769,66.64427160332122,0.6985,1443081,1225880.449779095,1086805.2120494214,1.0,6.123233995736766e-17
2022-04-01,IU_North_2,North,IU,4,2022,1.42,1.05,1.0,5.676459353851058,46.505983566465495,71.92515074091972,8835.600143379621,2.4021902293746797,66.13270235274125,0.6985,1109345,1443081.2051407702,1083341.053007232,0.8660254037844387,-0.4999999999999998
2022-05-01,IU_North_2,North,IU,5,2022,1.42,0.95,1.0,7.929652875370497,70.13082429773421,78.45798861994508,8014.794072520691,4.67798807595949,66.03296740382471,0.6985,1114265,1109344.9828043743,978235.6830977978,0.49999999999999994,-0.8660254037844387
2022-06-01,IU_North_2,North,IU,6,2022,1.42,0.72,1.0,4.6123144465126975,108.25238057081978,72.67995351818311,8047.12514259488,6.117801277335794,63.91035926200598,0.6985,665616,1114264.6493132166,681229.067419186,1.2246467991473532e-16,-1.0
2022-07-01,IU_North_2,North,IU,7,2022,1.42,0.65,1.0,7.522496392018478,120.32045812306363,72.07614734947009,8757.687363831728,6.029007371638295,74.06150275787776,0.6985,711932,665616.0796118706,574038.3902591539,-0.4999999999999997,-0.8660254037844388
2022-08-01,IU_North_2,North,IU,8,2022,1.42,0.68,1.0,5.676832768375356,133.55610178610831,70.57265060739249,8410.303504229949,4.334322994730982,66.31071812315463,0.6985,682319,711931.8823306102,489504.9381046162,-0.8660254037844385,-0.5000000000000004
2022-09-01,IU_North_2,North,IU,9,2022,1.42,0.82,1.0,4.657638223882841,223.05163670707424,71.90062271434685,8365.149497436376,4.218230351710575,72.46863408330198,0.6985,609121,682319.47983565,628297.7817279936,-1.0,-1.8369701987210297e-16
2022-10-01,IU_North_2,North,IU,10,2022,1.42,1.02,1.0,4.858676827354993,148.71136275811702,71.04259049085837,9134.251055205139,5.075019404860019,73.6852642076898,0.6985,981012,609121.065117522,911302.0910618593,-0.8660254037844386,0.5000000000000001
2022-11-01,IU_North_2,North,IU,11,2022,1.42,1.1,1.0,5.054923058386995,122.58592525174376,73.62432603006577,7870.416796328587,3.901291648649366,71.59324359259183,0.6985,1089018,981012.4508214805,1066770.3104463103,-0.5000000000000004,0.8660254037844384
2022-12-01,IU_North_2,North,IU,12,2022,1.42,1.15,1.0,5.948338963902478,73.11508015961984,74.37010695038376,8577.52805763621,4.941433519855572,65.8735187491278,0.6985,1328205,1089018.3420523386,1099592.3754755333,-2.4492935982947064e-16,1.0
2023-01-01,IU_North_2,North,IU,1,2023,1.48,1.08,1.0,7.127402585642599,65.09921312495338,73.64203161847615,9158.476229231204,4.912864222707752,70.01492036134644,0.694,1458822,1328205.4952142406,1314584.960603692,0.49999999999999994,0.8660254037844387
2023-02-01,IU_North_2,North,IU,2,2023,1.48,1.12,1.0,5.811559995273705,36.587073498169964,72.00630113932667,9253.686848515981,5.281546579107446,68.30321757443635,0.694,1436093,1458822.4330329152,1225880.449779095,0.8660254037844386,0.5000000000000001
2023-03-01,IU_North_2,North,IU,3,2023,1.48,1.15,1.0,6.47077448928682,44.866881864736385,70.49138388069011,9820.631114913154,4.219876738816038,64.7851925570795,0.694,1359337,1436092.6535269078,1443081.2051407702,1.0,6.123233995736766e-17
2023-04-01,IU_North_2,North,IU,4,2023,1.48,1.05,1.0,9.0,52.56031344737018,77.52397398073764,9361.346413357847,4.137060999858427,69.69743712688641,0.694,1404205,1359337.0731098922,1109344.9828043743,0.8660254037844387,-0.4999999999999998
2023-05-01,IU_North_2,North,IU,5,2023,1.48,0.95,1.0,8.573051804120853,64.56797627208059,72.68990018147838,9375.053558599851,3.597613930594751,63.6838408353608,0.694,1076106,1404205.2613502278,1114264.6493132166,0.49999999999999994,-0.8660254037844387
2023-06-01,IU_North_2,North,IU,6,2023,1.48,0.72,1.0,7.023588403608839,144.48946004657782,69.54132822114255,9615.448624816927,3.638495716768112,73.15071755384626,0.694,701133,1076105.6441624323,665616.0796118706,1.2246467991473532e-16,-1.0
2023-07-01,IU_North_2,North,IU,7,2023,1.48,0.65,1.0,6.5456041738018405,165.20613451901846,77.16573581359289,8968.591594733218,4.118816886478778,66.54153081080644,0.694,680857,701133.3551763541,711931.8823306102,-0.4999999999999997,-0.8660254037844388
2023-08-01,IU_North_2,North,IU,8,2023,1.48,0.68,1.0,6.644037592061913,162.05338857493885,83.47899855229838,8755.175972724963,4.593892405452943,69.20463862349136,0.694,738176,680856.888827574,682319.47983565,-0.8660254037844385,-0.5000000000000004
2023-09-01,IU_North_2,North,IU,9,2023,1.48,0.82,1.0,7.2362215672765,112.51604569841352,75.98178726538032,8662.656185718051,5.030867700986599,69.53315148618458,0.694,963315,738175.7878897917,609121.065117522,-1.0,-1.8369701987210297e-16
2023-10-01,IU_North_2,North,IU,10,2023,1.48,1.02,1.0,5.272648921761913,228.8944549863781,78.51547232335493,8247.959857808315,3.657456839455724,67.3643801051837,0.694,949213,963315.208766329,981012.4508214805,-0.8660254037844386,0.5000000000000001
2023-11-01,IU_North_2,North,IU,11,2023,1.48,1.1,1.0,6.191148155091986,113.98523471790632,76.2454880756427,10058.113531500661,5.494150855167617,70.7467752059011,0.694,1213328,949212.5276601546,1089018.3420523386,-0.5000000000000004,0.8660254037844384
2023-12-01,IU_North_2,North,IU,12,2023,1.48,1.15,1.0,4.497699111346893,81.34454029929836,75.70333104042658,8636.37655845276,4.083101119165945,66.50038537350991,0.694,1254795,1213328.125546946,1328205.4952142406,-2.4492935982947064e-16,1.0
2024-01-01,IU_North_2,North,IU,1,2024,1.54,1.08,1.0,8.039727918906156,83.04376066570411,83.2572294489633,7927.61554635897,3.882906164521251,72.68518918982898,0.6895,1590368,1254795.4265036408,1458822.4330329152,0.49999999999999994,0.8660254037844387
2024-02-01,IU_North_2,North,IU,2,2024,1.54,1.12,1.0,8.33729529942311,62.35097423160917,79.62917636743404,7902.613692022554,3.302230656681741,63.816081279013005,0.6895,1689266,1590368.261327,1436092.6535269078,0.8660254037844386,0.5000000000000001
2024-03-01,IU_North_2,North,IU,3,2024,1.54,1.15,1.0,6.980836417020572,43.4750732199568,81.30217694221571,8165.512690986663,1.9606077917816465,69.70551831818565,0.6895,1595233,1689266.2415980815,1359337.0731098922,1.0,6.123233995736766e-17
2024-04-01,IU_North_2,North,IU,4,2024,1.54,1.05,1.0,9.0,49.50721473974507,81.46509341858804,8394.261422615251,4.60723631708884,76.95571599623314,0.6895,1763269,1595233.1118506824,1404205.2613502278,0.8660254037844387,-0.4999999999999998
2024-05-01,IU_North_2,North,IU,5,2024,1.54,0.95,1.0,6.089741376177011,78.42334688998508,78.49572863907085,8414.392746734453,4.489475117673947,65.1986747015777,0.6895,1226769,1763268.7064639786,1076105.6441624323,0.49999999999999994,-0.8660254037844387
2024-06-01,IU_North_2,North,IU,6,2024,1.54,0.72,1.0,5.803410315528037,121.825332052241,83.47612704860957,7764.794829616546,3.6749379543054292,66.4890201179006,0.6895,912174,1226768.5418875485,701133.3551763541,1.2246467991473532e-16,-1.0
2024-07-01,IU_North_2,North,IU,7,2024,1.54,0.65,1.0,7.830002354051787,160.39285753939413,79.97512072991377,7951.974905768683,3.9535925737798974,71.25563139863566,0.6895,822045,912173.8214589974,680856.888827574,-0.4999999999999997,-0.8660254037844388
2024-08-01,IU_North_2,North,IU,8,2024,1.54,0.68,1.0,8.817178134914407,177.5391344388085,78.23276452152146,8154.340654692302,4.3127513741632795,69.91832712775839,0.6895,821488,822045.1879950179,738175.7878897917,-0.8660254037844385,-0.5000000000000004
2024-09-01,IU_North_2,North,IU,9,2024,1.54,0.82,1.0,9.0,182.81342980670067,82.10952953071121,7915.268670189972,2.6499633144907655,70.60252039709424,0.6895,1073000,821487.7218108168,963315.208766329,-1.0,-1.8369701987210297e-16
2024-10-01,IU_North_2,North,IU,10,2024,1.54,1.02,1.0,7.009999056337093,168.75438222078355,77.80459605462688,8750.485186181564,3.476757858122964,71.15674852059065,0.6895,1165791,1072999.576124713,949212.5276601546,-0.8660254037844386,0.5000000000000001
2024-11-01,IU_North_2,North,IU,11,2024,1.54,1.1,1.0,8.855077171897376,127.71436488047979,80.58454347210738,8248.118405209781,4.535411743697462,71.73888587424709,0.6895,1422129,1165790.5684839147,1213328.125546946,-0.5000000000000004,0.8660254037844384
2024-12-01,IU_North_2,North,IU,12,2024,1.54,1.15,1.0,7.514450008378972,103.45306375475828,80.47264301006739,8357.874680694986,2.8965684614646,73.6387993678249,0.6895,1563666,1422129.305963801,1254795.4265036408,-2.4492935982947064e-16,1.0
2025-01-01,IU_North_2,North,IU,1,2025,1.6,1.08,1.0,7.7928472400710165,53.71606640668983,88.25768669749473,9298.296570899789,3.7348463457333034,71.63927462771404,0.6849999999999999,1651749,1563665.9390741384,1590368.261327,0.49999999999999994,0.8660254037844387
2025-02-01,IU_North_2,North,IU,2,2025,1.6,1.12,1.0,9.0,44.972846815477155,86.42409469863986,9528.063235867849,2.414734556301276,69.03496938152583,0.6849999999999999,1901573,1651749.2730549981,1689266.2415980815,0.8660254037844386,0.5000000000000001
2025-03-01,IU_North_2,North,IU,3,2025,1.6,1.15,1.0,8.782787454096104,30.661608021385046,84.92491912376457,9081.45970141612,3.873143985946821,72.69029480481092,0.6849999999999999,1957974,1901572.961194249,1595233.1118506824,1.0,6.123233995736766e-17
2025-04-01,IU_North_2,North,IU,4,2025,1.6,1.05,1.0,6.108329411618901,38.08997693640793,87.45329889760086,8416.425623419322,3.471486814162013,77.59952773958086,0.6849999999999999,1653540,1957973.6224116369,1763268.7064639786,0.8660254037844387,-0.4999999999999998
2025-05-01,IU_North_2,North,IU,5,2025,1.6,0.95,1.0,9.0,73.94285683245758,89.17062264705194,9179.859578288142,2.2078945472755924,69.4694650144697,0.6849999999999999,1561221,1653539.8238500091,1226768.5418875485,0.49999999999999994,-0.8660254037844387
2025-06-01,IU_North_2,North,IU,6,2025,1.6,0.72,1.0,9.0,130.5504370387825,86.67343091905559,8706.88939779313,4.431791483565737,66.10188278131743,0.6849999999999999,948267,1561220.743416766,912173.8214589974,1.2246467991473532e-16,-1.0
2025-07-01,IU_North_2,North,IU,7,2025,1.6,0.65,1.0,7.249324758188565,163.83563868964995,85.03105785953014,8762.122493212062,2.9123267385615605,74.42832267714789,0.6849999999999999,808881,948267.4339696657,822045.1879950179,-0.4999999999999997,-0.8660254037844388
2025-08-01,IU_North_2,North,IU,8,2025,1.6,0.68,1.0,8.47496424012489,130.22271036430226,81.06449130294952,9263.863808439244,2.851798050388495,69.5184753441856,0.6849999999999999,924269,808880.7170869238,821487.7218108168,-0.8660254037844385,-0.5000000000000004
2025-09-01,IU_North_2,North,IU,9,2025,1.6,0.82,1.0,8.592836223539287,153.2800403126009,81.80465901077389,9557.227382144589,3.6604553577847545,61.30932181594385,0.6849999999999999,1080786,924268.6721587649,1072999.576124713,-1.0,-1.8369701987210297e-16
2025-10-01,IU_North_2,North,IU,10,2025,1.6,1.02,1.0,8.312808518988689,194.39342519570832,84.084325886936,9009.572209530681,4.418909879542972,73.38968670860169,0.6849999999999999,1194894,1080785.8749715805,1165790.5684839147,-0.8660254037844386,0.5000000000000001
2025-11-01,IU_North_2,North,IU,11,2025,1.6,1.1,1.0,7.339633815385496,122.77827229957252,83.17146339352215,9138.974855668986,2.6873425448172825,67.85868725618431,0.6849999999999999,1590377,1194893.9797489382,1422129.305963801,-0.5000000000000004,0.8660254037844384
2025-12-01,IU_North_2,North,IU,12,2025,1.6,1.15,1.0,7.194051958474338,104.36094297004821,84.43908609104366,9765.99672508531,3.549343879878377,69.63786687078336,0.6849999999999999,1527659,1590376.529878327,1563665.9390741384,-2.4492935982947064e-16,1.0
2015-01-01,IU_North_3,North,IU,1,2015,1.0,1.08,1.0,7.663348640632084,61.50610726695412,40.122757526187165,6234.9253357085145,7.212185083368731,56.595702535167916,0.73,655692,,,0.49999999999999994,0.8660254037844387
2015-02-01,IU_North_3,North,IU,2,2015,1.0,1.12,1.0,7.012633234246022,36.200027942820284,36.993437632655585,5554.139848858079,6.43916185113437,56.71016817302572,0.73,594858,655691.9143545589,,0.8660254037844386,0.5000000000000001
2015-03-01,IU_North_3,North,IU,3,2015,1.0,1.15,1.0,5.724527228187436,32.61572698721419,42.222473036260375,5102.726855227225,7.169227871101379,63.92746424687397,0.73,630000,594858.0673313544,,1.0,6.123233995736766e-17
2015-04-01,IU_North_3,North,IU,4,2015,1.0,1.05,1.0,8.630373071131414,51.55091490459461,38.460359300585246,4908.538545390088,7.708224405266309,64.18905918951187,0.73,580585,630000.3260143811,,0.8660254037844387,-0.4999999999999998
2015-05-01,IU_North_3,North,IU,5,2015,1.0,0.95,1.0,5.067635801892224,82.29375049006174,39.31420025397995,5422.0755011229685,6.728992859031512,64.19553534126946,0.73,432166,580584.9432337428,,0.49999999999999994,-0.8660254037844387
2015-06-01,IU_North_3,North,IU,6,2015,1.0,0.72,1.0,7.602985008332002,116.31198380557613,37.01695187617446,5921.92222733864,6.734279268083966,60.98017682578521,0.73,325497,432165.6957805546,,1.2246467991473532e-16,-1.0
2015-07-01,IU_North_3,North,IU,7,2015,1.0,0.65,1.0,7.700698781651574,159.6620689959167,32.31299902361407,5449.782572802743,7.775030305239908,61.4981829599884,0.73,254872,325497.0885663945,,-0.4999999999999997,-0.8660254037844388
2015-08-01,IU_North_3,North,IU,8,2015,1.0,0.68,1.0,5.695255749108026,183.54377122659562,39.42691671219949,6187.19939558394,7.4610781187436395,63.31151809663743,0.73,256519,254872.39982761856,,-0.8660254037844385,-0.5000000000000004
2015-09-01,IU_North_3,North,IU,9,2015,1.0,0.82,1.0,8.170958360077194,162.67999692898027,47.23784626483875,4854.150616449432,7.52623759632927,62.34357202517332,0.73,444262,256519.24205107745,,-1.0,-1.8369701987210297e-16
2015-10-01,IU_North_3,North,IU,10,2015,1.0,1.02,1.0,6.199944182481257,181.39077797466985,42.353812863694074,5501.739650441908,6.893203732239945,53.12279850900986,0.73,477038,444261.6303809297,,-0.8660254037844386,0.5000000000000001
2015-11-01,IU_North_3,North,IU,11,2015,1.0,1.1,1.0,6.846432355135828,161.28884574491795,39.942218860796814,4943.60262698673,7.315679428635386,61.080801477699225,0.73,476358,477037.94381191855,,-0.5000000000000004,0.8660254037844384
2015-12-01,IU_North_3,North,IU,12,2015,1.0,1.15,1.0,6.812386206525465,120.21951954297991,39.2113275123752,5670.814024153869,6.760613484585356,58.594374262958745,0.73,596055,476358.32263360696,,-2.4492935982947064e-16,1.0
2016-01-01,IU_North_3,North,IU,1,2016,1.06,1.08,1.0,7.399489682015163,84.84026441192614,44.56739767843614,6879.099325543835,7.8121587288998295,63.50084567563405,0.7255,662558,596055.0581928048,655691.9143545589,0.49999999999999994,0.8660254037844387
2016-02-01,IU_North_3,North,IU,2,2016,1.06,1.12,1.0,8.53363009957156,50.495874699214426,46.14135734552563,6290.657192843576,7.9281994677790015,74.74103601041364,0.7255,808452,662557.657396054,594858.0673313544,0.8660254037844386,0.5000000000000001
2016-03-01,IU_North_3,North,IU,3,2016,1.06,1.15,1.0,8.512846636442477,37.89782032072455,40.957561554073465,5308.103764517839,5.623049710209525,64.26992666189722,0.7255,716889,808451.5663247303,630000.3260143811,1.0,6.123233995736766e-17
2016-04-01,IU_North_3,North,IU,4,2016,1.06,1.05,1.0,5.462421803894005,52.97341003196817,47.842965084006615,6569.526666058473,6.356391311846071,61.545881255310405,0.7255,688977,716888.8211197569,580584.9432337428,0.8660254037844387,-0.4999999999999998
2016-05-01,IU_North_3,North,IU,5,2016,1.06,0.95,1.0,9.0,71.71357040011016,46.64614394632373,6676.53234828013,5.902776595927937,66.48720600790901,0.7255,597671,688977.3461438492,432165.6957805546,0.49999999999999994,-0.8660254037844387
2016-06-01,IU_North_3,North,IU,6,2016,1.06,0.72,1.0,5.565669786137012,93.71363065011097,46.654557177123806,6661.932639732814,6.579980852474481,64.73075154883685,0.7255,432333,597671.0546978296,325497.0885663945,1.2246467991473532e-16,-1.0
2016-07-01,IU_North_3,North,IU,7,2016,1.06,0.65,1.0,8.79971561698981,140.4777535788147,45.815427216429185,7036.101986320019,7.033249624167711,64.48037796180736,0.7255,378152,432333.4776447282,254872.39982761856,-0.4999999999999997,-0.8660254037844388
2016-08-01,IU_North_3,North,IU,8,2016,1.06,0.68,1.0,8.91270633597292,151.31927639813023,44.55884997308197,5998.025844157978,5.940283824241176,65.22740237286268,0.7255,395118,378151.51845254685,256519.24205107745,-0.8660254037844385,-0.5000000000000004
2016-09-01,IU_North_3,North,IU,9,2016,1.06,0.82,1.0,6.251500455521583,161.7701865756917,46.51858370790046,6786.0972474527525,6.362512149499749,71.02617425931817,0.7255,396423,395118.4662940984,444261.6303809297,-1.0,-1.8369701987210297e-16
2016-10-01,IU_North_3,North,IU,10,2016,1.06,1.02,1.0,7.067683026234319,166.6609327331516,46.27544240122413,7016.628380615139,6.296834102334801,58.27644625869633,0.7255,507330,396423.2842693965,477037.94381191855,-0.8660254037844386,0.5000000000000001
2016-11-01,IU_North_3,North,IU,11,2016,1.06,1.1,1.0,6.233814569596698,126.88372970640084,43.43787786717693,5679.635587197117,7.2658138635191545,64.69452830724582,0.7255,602581,507330.3606960423,476358.32263360696,-0.5000000000000004,0.8660254037844384
2016-12-01,IU_North_3,North,IU,12,2016,1.06,1.15,1.0,7.302754935433339,103.01102321984756,42.7791946813093,6623.843321663589,7.155475469629,59.09447548007385,0.7255,610392,602581.4630335409,596055.0581928048,-2.4492935982947064e-16,1.0
2017-01-01,IU_North_3,North,IU,1,2017,1.12,1.08,1.0,7.630358858977111,51.54896159689912,49.30556888578596,7225.939399074228,6.122609957330198,65.822050585369,0.721,804137,610391.9649270354,662557.657396054,0.49999999999999994,0.8660254037844387
2017-02-01,IU_North_3,North,IU,2,2017,1.12,1.12,1.0,8.935592638723207,47.10657708119687,53.64706045448556,7416.135120131939,6.841456697711519,59.92525395405563,0.721,843825,804136.9959884986,808451.5663247303,0.8660254037844386,0.5000000000000001
2017-03-01,IU_North_3,North,IU,3,2017,1.12,1.15,1.0,9.0,36.00650956695601,45.2826787730383,7609.274740619931,6.262655932330188,61.93053274557966,0.721,874691,843825.0942061397,716888.8211197569,1.0,6.123233995736766e-17
2017-04-01,IU_North_3,North,IU,4,2017,1.12,1.05,1.0,9.0,40.051625830019574,44.59742420274268,7233.567469176582,6.4826759117391575,62.41964034304838,0.721,701885,874691.468167351,688977.3461438492,0.8660254037844387,-0.4999999999999998
2017-05-01,IU_North_3,North,IU,5,2017,1.12,0.95,1.0,7.325398368106038,79.11985321906998,49.49428252370955,7148.751687404955,8.03876167223883,67.50326687737883,0.721,672169,701884.524467573,597671.0546978296,0.49999999999999994,-0.8660254037844387
2017-06-01,IU_North_3,North,IU,6,2017,1.12,0.72,1.0,7.748933751506566,123.18863622955024,49.15266310556805,7468.188910897292,7.772368841432279,67.27381777576966,0.721,474326,672168.7186997627,432333.4776447282,1.2246467991473532e-16,-1.0
2017-07-01,IU_North_3,North,IU,7,2017,1.12,0.65,1.0,5.97987416933486,109.27670692963017,49.52002499311122,6963.559650539419,5.660335010457922,58.617130494214464,0.721,389198,474326.44442555547,378151.51845254685,-0.4999999999999997,-0.8660254037844388
2017-08-01,IU_North_3,North,IU,8,2017,1.12,0.68,1.0,7.032955920204573,150.86386608889754,49.7318595937255,6964.199015029347,7.36378593430334,63.819736443999396,0.721,422060,389198.41210107494,395118.4662940984,-0.8660254037844385,-0.5000000000000004
2017-09-01,IU_North_3,North,IU,9,2017,1.12,0.82,1.0,9.0,159.23315655574297,48.33039323609558,7758.538300358106,7.349117243593274,60.76168058100331,0.721,508209,422059.9732105335,396423.2842693965,-1.0,-1.8369701987210297e-16
2017-10-01,IU_North_3,North,IU,10,2017,1.12,1.02,1.0,9.0,146.33641523783066,53.46959031580624,6935.863007206285,5.781389368997905,58.56598035729866,0.721,678967,508209.20875078643,507330.3606960423,-0.8660254037844386,0.5000000000000001
2017-11-01,IU_North_3,North,IU,11,2017,1.12,1.1,1.0,6.518781353744093,161.91665658572578,44.19728806457045,7752.6609484368255,7.355022115003889,62.73193179830252,0.721,542409,678966.9190625102,602581.4630335409,-0.5000000000000004,0.8660254037844384
2017-12-01,IU_North_3,North,IU,12,2017,1.12,1.15,1.0,7.289042889016527,104.86001655188059,46.514508925659264,7660.986404811958,7.9303455347300424,62.366068846176724,0.721,634911,542408.6626407508,610391.9649270354,-2.4492935982947064e-16,1.0
2018-01-01,IU_North_3,North,IU,1,2018,1.18,1.08,1.0,7.528973263429108,69.1432397138454,53.19023571955286,5570.5666490166,5.401964155004468,74.1068659453821,0.7165,885064,634910.9869287235,804136.9959884986,0.49999999999999994,0.8660254037844387
2018-02-01,IU_North_3,North,IU,2,2018,1.18,1.12,1.0,7.896853562363349,31.92587432738004,48.570433566537496,6042.275583421324,5.565997743188589,66.1318393014428,0.7165,823337,885063.5200030754,843825.0942061397,0.8660254037844386,0.5000000000000001
2018-03-01,IU_North_3,North,IU,3,2018,1.18,1.15,1.0,6.589135947873846,39.43125736312982,52.97243678670379,6884.528908343686,7.114129173474802,58.88952999698306,0.7165,927968,823337.3885939224,874691.468167351,1.0,6.123233995736766e-17
2018-04-01,IU_North_3,North,IU,4,2018,1.18,1.05,1.0,8.06953342513673,37.161060850293495,58.48441049718406,5905.655187959512,6.517196248660518,62.140903983316235,0.7165,964035,927968.3709585947,701884.524467573,0.8660254037844387,-0.4999999999999998
2018-05-01,IU_North_3,North,IU,5,2018,1.18,0.95,1.0,6.992052955294722,72.64727240687634,53.562659464887886,6138.1977589331445,6.741181020191618,68.4855331817176,0.7165,770922,964035.1726236279,672168.7186997627,0.49999999999999994,-0.8660254037844387
2018-06-01,IU_North_3,North,IU,6,2018,1.18,0.72,1.0,7.543317446725886,112.4935063949227,54.192102717156054,6555.107078935722,6.572471373120397,72.7537710914797,0.7165,526979,770921.8714827151,474326.44442555547,1.2246467991473532e-16,-1.0
2018-07-01,IU_North_3,North,IU,7,2018,1.18,0.65,1.0,8.21620126938426,173.3902256701149,49.71950570448226,6699.705406149536,6.6125567367425155,58.05606675104817,0.7165,405654,526978.8065318909,389198.41210107494,-0.4999999999999997,-0.8660254037844388
2018-08-01,IU_North_3,North,IU,8,2018,1.18,0.68,1.0,7.568366895552947,136.90944408876283,51.650915775881565,6233.987178252346,5.238822297351133,56.880302459443826,0.7165,487628,405654.42205220554,422059.9732105335,-0.8660254037844385,-0.5000000000000004
2018-09-01,IU_North_3,North,IU,9,2018,1.18,0.82,1.0,7.036997103147939,98.4731717928377,52.37441085902819,6078.30008936113,7.137854165297158,71.88386070148714,0.7165,614031,487627.7896772894,508209.20875078643,-1.0,-1.8369701987210297e-16
2018-10-01,IU_North_3,North,IU,10,2018,1.18,1.02,1.0,7.429128407068824,175.05175016078323,52.5468547097313,6987.246114736698,7.235671993942219,65.95845670948363,0.7165,666361,614030.7639753333,678966.9190625102,-0.8660254037844386,0.5000000000000001
2018-11-01,IU_North_3,North,IU,11,2018,1.18,1.1,1.0,7.454624620733418,182.89104152063445,57.34493138501131,7129.684525681279,6.116487404745578,60.92682907249454,0.7165,765467,666360.7552954789,542408.6626407508,-0.5000000000000004,0.8660254037844384
2018-12-01,IU_North_3,North,IU,12,2018,1.18,1.15,1.0,7.116646935921268,128.0709309176189,55.17307318217537,6787.665799824177,6.26521844014891,66.53851634448975,0.7165,759244,765467.0623038418,634910.9869287235,-2.4492935982947064e-16,1.0
2019-01-01,IU_North_3,North,IU,1,2019,1.24,1.08,1.0,6.189444724799477,74.26432168496595,54.6656261291889,7358.393164154111,4.675113997955423,54.65700904393249,0.712,894853,759244.4301153946,885063.5200030754,0.49999999999999994,0.8660254037844387
2019-02-01,IU_North_3,North,IU,2,2019,1.24,1.12,1.0,8.41837660460566,42.27997452299323,58.739514335296015,6956.280425261434,6.311403804814268,65.21350202638865,0.712,1122288,894852.7693919003,823337.3885939224,0.8660254037844386,0.5000000000000001
2019-03-01,IU_North_3,North,IU,3,2019,1.24,1.15,1.0,7.173103337529486,40.358462021841476,59.49466524549035,6946.300017049396,6.357645953371316,66.51128469137234,0.712,1023740,1122287.8257827007,927968.3709585947,1.0,6.123233995736766e-17
2019-04-01,IU_North_3,North,IU,4,2019,1.24,1.05,1.0,6.145423618365007,38.98037249188821,61.4204471155638,7555.131347369442,5.850247186400551,68.89708055815132,0.712,960896,1023739.7301890997,964035.1726236279,0.8660254037844387,-0.4999999999999998
2019-05-01,IU_North_3,North,IU,5,2019,1.24,0.95,1.0,7.336345285412882,77.14466390904715,62.74162205970512,7508.279199399759,6.799482687896402,61.14441619082985,0.712,871319,960895.5153082233,770921.8714827151,0.49999999999999994,-0.8660254037844387
2019-06-01,IU_North_3,North,IU,6,2019,1.24,0.72,1.0,6.099416612292788,116.18861657849936,54.954717424516396,7950.719366825744,5.632738215216048,65.54274864561344,0.712,522988,871319.3948332099,526978.8065318909,1.2246467991473532e-16,-1.0
2019-07-01,IU_North_3,North,IU,7,2019,1.24,0.65,1.0,7.90774956510397,166.90053400197579,55.56742746636898,7612.702541641113,6.35168474071488,61.49830149576165,0.712,477194,522987.8408017694,405654.42205220554,-0.4999999999999997,-0.8660254037844388
2019-08-01,IU_North_3,North,IU,8,2019,1.24,0.68,1.0,6.943570630637713,240.8716272575011,54.227266423256154,6643.613864207933,5.084268529046308,66.22153502269727,0.712,445762,477193.8990268405,487627.7896772894,-0.8660254037844385,-0.5000000000000004
2019-09-01,IU_North_3,North,IU,9,2019,1.24,0.82,1.0,6.3712374271949255,190.5952311138267,57.297940422679055,7793.376427975164,5.88115827930061,61.61861471054791,0.712,582101,445761.9539188725,614030.7639753333,-1.0,-1.8369701987210297e-16
2019-10-01,IU_North_3,North,IU,10,2019,1.24,1.02,1.0,7.037260310972333,157.3482436977969,59.399075123339,6870.872717708365,5.760516593677732,63.56759664335912,0.712,719442,582100.587480369,666360.7552954789,-0.8660254037844386,0.5000000000000001
2019-11-01,IU_North_3,North,IU,11,2019,1.24,1.1,1.0,4.6149486175178005,143.44759485665293,60.9620035497673,7147.212927621293,6.080246337632754,61.216738420839086,0.712,826968,719441.8749167976,765467.0623038418,-0.5000000000000004,0.8660254037844384
2019-12-01,IU_North_3,North,IU,12,2019,1.24,1.15,1.0,5.1478790373082335,79.3409703407963,57.772146929072434,7432.590092813113,5.604378456933313,67.80454496729463,0.712,978558,826968.0934240363,759244.4301153946,-2.4492935982947064e-16,1.0
2020-01-01,IU_North_3,North,IU,1,2020,1.3,1.08,1.0,4.0066298205413124,64.49709818423817,61.54045743023547,9190.870693430563,5.394821923462666,69.43380446662667,0.7075,924750,978558.2473231076,894852.7693919003,0.49999999999999994,0.8660254037844387
2020-02-01,IU_North_3,North,IU,2,2020,1.3,1.12,1.0,5.6108715419366275,42.84384450835896,62.95527397674622,9692.283673230191,6.160837737153205,65.06151772017034,0.7075,1110603,924749.6960042308,1122287.8257827007,0.8660254037844386,0.5000000000000001
2020-03-01,IU_North_3,North,IU,3,2020,1.3,1.15,1.0,7.518357827602289,33.1699226511532,59.99457129510993,8565.845699639061,5.150588610209426,66.15295197984011,0.7075,1271305,1110603.27625689,1023739.7301890997,1.0,6.123233995736766e-17
2020-04-01,IU_North_3,North,IU,4,2020,1.3,1.05,0.68,8.116900003651338,46.68933340709418,68.76861616508432,8210.381844603606,4.214738319409056,60.205634341465824,0.7075,841476,1271304.5487750894,960895.5153082233,0.8660254037844387,-0.4999999999999998
2020-05-01,IU_North_3,North,IU,5,2020,1.3,0.95,0.68,6.205001149949087,63.11786473027223,57.677016918645826,8533.347864844027,6.8996671233643365,64.80129340797285,0.7075,571813,841476.2963037426,871319.3948332099,0.49999999999999994,-0.8660254037844387
2020-06-01,IU_North_3,North,IU,6,2020,1.3,0.72,0.68,6.040353198153527,126.16069681065643,63.054221736687175,8692.265264671005,6.60516326295239,65.79918153183301,0.7075,430562,571812.5468638691,522987.8408017694,1.2246467991473532e-16,-1.0
2020-07-01,IU_North_3,North,IU,7,2020,1.3,0.65,1.0,3.2780705472368923,144.00447260223305,68.57081865768892,8148.519891527043,4.4661898439155046,76.4831723641199,0.7075,514442,430562.2953957625,477193.8990268405,-0.4999999999999997,-0.8660254037844388
2020-08-01,IU_North_3,North,IU,8,2020,1.3,0.68,1.0,4.788131268539353,170.11617727484457,62.52039953367999,9100.665433188324,6.0517662441961555,61.55213189690335,0.7075,493234,514441.67527015274,445761.9539188725,-0.8660254037844385,-0.5000000000000004
2020-09-01,IU_North_3,North,IU,9,2020,1.3,0.82,1.0,4.493999325930292,171.14684265415121,61.929882894995515,8396.352164663911,5.097620183558925,71.85670895500975,0.7075,576853,493233.93950011785,582100.587480369,-1.0,-1.8369701987210297e-16
2020-10-01,IU_North_3,North,IU,10,2020,1.3,1.02,1.0,4.69432271031884,174.3194281572427,61.42766373156872,8516.804713118907,5.710789772264848,69.98743509386323,0.7075,789262,576853.2687535601,719441.8749167976,-0.8660254037844386,0.5000000000000001
2020-11-01,IU_North_3,North,IU,11,2020,1.3,1.1,1.0,5.237567245918432,161.8221225168209,61.958824954712775,8592.486236452287,5.735379303210795,67.12254561796054,0.7075,785686,789262.0611586035,826968.0934240363,-0.5000000000000004,0.8660254037844384
2020-12-01,IU_North_3,North,IU,12,2020,1.3,1.15,1.0,4.872831134983626,93.95249050548344,66.61854542402959,8482.534297804285,5.3124737597469425,73.03448193678054,0.7075,1105938,785686.1580297273,978558.2473231076,-2.4492935982947064e-16,1.0
2021-01-01,IU_North_3,North,IU,1,2021,1.3599999999999999,1.08,1.0,2.624840227549055,64.89234191798722,60.36441426601148,7564.702902183794,4.472987467530882,68.28842189042744,0.703,929610,1105937.882616345,924749.6960042308,0.49999999999999994,0.8660254037844387
2021-02-01,IU_North_3,North,IU,2,2021,1.3599999999999999,1.12,1.0,5.89749230734104,43.56658139381892,71.60030110388898,6909.415743026353,4.547567158146992,68.35663678267171,0.703,1186267,929609.6599788289,1110603.27625689,0.8660254037844386,0.5000000000000001
2021-03-01,IU_North_3,North,IU,3,2021,1.3599999999999999,1.15,1.0,3.7127083691122325,28.73229701324464,62.728128542649564,6935.943887696755,4.367046467615006,66.58751738792982,0.703,1141094,1186266.909869857,1271304.5487750894,1.0,6.123233995736766e-17
2021-04-01,IU_North_3,North,IU,4,2021,1.3599999999999999,1.05,1.0,5.28709623693338,40.03677328273612,66.20004301229676,6692.110272135206,4.434542233415644,71.69427552967451,0.703,985589,1141094.1695598664,841476.2963037426,0.8660254037844387,-0.4999999999999998
2021-05-01,IU_North_3,North,IU,5,2021,1.3599999999999999,0.95,1.0,7.488899203699968,66.85681456571768,65.71226673910401,7384.9552307515705,5.046257367960515,71.18587693524353,0.703,1055997,985588.5846803113,571812.5468638691,0.49999999999999994,-0.8660254037844387
2021-06-01,IU_North_3,North,IU,6,2021,1.3599999999999999,0.72,1.0,3.896738490096292,122.1651047275462,68.76565980931215,7537.70110355292,4.527392008711399,64.29729085001514,0.703,668616,1055996.731775614,430562.2953957625,1.2246467991473532e-16,-1.0
2021-07-01,IU_North_3,North,IU,7,2021,1.3599999999999999,0.65,1.0,1.9636549727044046,149.6713247064416,62.20562694434876,7393.177466740817,5.645641652570095,61.523011221604925,0.703,452288,668616.1754752418,514441.67527015274,-0.4999999999999997,-0.8660254037844388
2021-08-01,IU_North_3,North,IU,8,2021,1.3599999999999999,0.68,1.0,4.656794933743867,175.30064647316905,68.38651799824584,7940.701271978861,6.2897969242687415,65.98807745041736,0.703,560997,452287.70330169145,493233.93950011785,-0.8660254037844385,-0.5000000000000004
2021-09-01,IU_North_3,North,IU,9,2021,1.3599999999999999,0.82,1.0,6.321151561998285,202.97424497853524,73.07292886986056,7184.661468499397,4.635957406903965,63.599845742409414,0.703,804399,560997.400746434,576853.2687535601,-1.0,-1.8369701987210297e-16
2021-10-01,IU_North_3,North,IU,10,2021,1.3599999999999999,1.02,1.0,7.350016945064713,166.84355754842386,62.910477986221565,7488.113421989099,5.2915236004283015,66.54590170153858,0.703,853173,804398.9499013013,789262.0611586035,-0.8660254037844386,0.5000000000000001
2021-11-01,IU_North_3,North,IU,11,2021,1.3599999999999999,1.1,1.0,3.5245404866570995,152.43404075846402,67.56911850283119,6695.914282709778,5.499748088242347,71.74975253873656,0.703,854563,853172.7595662896,785686.1580297273,-0.5000000000000004,0.8660254037844384
2021-12-01,IU_North_3,North,IU,12,2021,1.3599999999999999,1.15,1.0,5.596039067883826,106.32780760249358,65.01405346661018,7012.984810858989,5.477601816735419,64.97079337965283,0.703,1161353,854563.3395738639,1105937.882616345,-2.4492935982947064e-16,1.0
2022-01-01,IU_North_3,North,IU,1,2022,1.42,1.08,1.0,4.880967280084115,74.865913373516,72.7776616185791,8472.991990904251,4.760764214332869,67.4287064747537,0.6985,1292774,1161352.787066505,929609.6599788289,0.49999999999999994,0.8660254037844387
2022-02-01,IU_North_3,North,IU,2,2022,1.42,1.12,1.0,5.312201803055216,41.656065733295826,71.55744333224726,8542.095949834067,5.294145934687777,67.83209093923358,0.6985,1285529,1292774.420922229,1186266.909869857,0.8660254037844386,0.5000000000000001
2022-03-01,IU_North_3,North,IU,3,2022,1.42,1.15,1.0,8.61255184464062,22.83038734530728,69.57553927286708,8027.71487355077,5.085799162144525,70.99372352882114,0.6985,1589635,1285528.9767287076,1141094.1695598664,1.0,6.123233995736766e-17
2022-04-01,IU_North_3,North,IU,4,2022,1.42,1.05,1.0,3.6357754341459954,44.72677148914638,72.96361685461322,8127.780336663522,3.709870062138161,58.612442664061575,0.6985,1235797,1589634.8832316452,985588.5846803113,0.8660254037844387,-0.4999999999999998
2022-05-01,IU_North_3,North,IU,5,2022,1.42,0.95,1.0,5.743827422013667,87.36567986987936,76.91304432936023,7476.956813993287,5.395324851511418,65.17319882093881,0.6985,1057066,1235797.3855622509,1055996.731775614,0.49999999999999994,-0.8660254037844387
2022-06-01,IU_North_3,North,IU,6,2022,1.42,0.72,1.0,6.000571634338699,123.00468951631379,70.9272886248181,7999.336859636677,5.409832669813393,68.44513476911789,0.6985,712747,1057065.8857022077,668616.1754752418,1.2246467991473532e-16,-1.0
2022-07-01,IU_North_3,North,IU,7,2022,1.42,0.65,1.0,6.742283418147395,164.8525856671693,73.65927382644455,8560.672423583555,4.089371116657134,72.40031582570744,0.6985,687759,712746.7140757135,452287.70330169145,-0.4999999999999997,-0.8660254037844388
2022-08-01,IU_North_3,North,IU,8,2022,1.42,0.68,1.0,5.556919612385253,201.94076932655219,67.62018112638651,8418.842257247607,4.730350268358081,65.63239020997517,0.6985,615944,687759.3038262505,560997.400746434,-0.8660254037844385,-0.5000000000000004
2022-09-01,IU_North_3,North,IU,9,2022,1.42,0.82,1.0,5.809000475625102,182.3937549559588,68.63069086954597,8385.299574621196,5.246663194248855,60.0937891758325,0.6985,742049,615943.5618945225,804398.9499013013,-1.0,-1.8369701987210297e-16
2022-10-01,IU_North_3,North,IU,10,2022,1.42,1.02,1.0,4.96936154731403,175.39585201638286,72.91721883364113,8182.398159231084,4.53254894433651,70.07884578386454,0.6985,883325,742049.0952318519,853172.7595662896,-0.8660254037844386,0.5000000000000001
2022-11-01,IU_North_3,North,IU,11,2022,1.42,1.1,1.0,5.762292157714308,130.65871905861803,75.9523480856079,8163.178421382331,5.558382438212809,65.05855044469747,0.6985,1282835,883325.0449437626,854563.3395738639,-0.5000000000000004,0.8660254037844384
2022-12-01,IU_North_3,North,IU,12,2022,1.42,1.15,1.0,5.027509097623287,102.8796197323618,72.56684004635699,7862.8554872366,6.591097995695488,62.84133336363855,0.6985,1161089,1282834.7136070498,1161352.787066505,-2.4492935982947064e-16,1.0
2023-01-01,IU_North_3,North,IU,1,2023,1.48,1.08,1.0,7.245886267827261,78.65032841752833,75.06082590843053,9447.293112118656,3.671211173892014,65.90261844114711,0.694,1303945,1161088.6704463759,1292774.420922229,0.49999999999999994,0.8660254037844387
2023-02-01,IU_North_3,North,IU,2,2023,1.48,1.12,1.0,6.056467596747639,53.88907814691884,75.99787421627006,9322.258148002742,3.19516431747698,67.6618985693766,0.694,1425716,1303944.9050024275,1285528.9767287076,0.8660254037844386,0.5000000000000001
2023-03-01,IU_North_3,North,IU,3,2023,1.48,1.15,1.0,6.9525204726826235,35.2469901113226,72.24877679809084,9354.228804624276,4.5430548764839,65.98102134184715,0.694,1593632,1425715.7672699143,1589634.8832316452,1.0,6.123233995736766e-17
2023-04-01,IU_North_3,North,IU,4,2023,1.48,1.05,1.0,6.464884623578026,42.56375850754908,77.8135459790661,8896.104643827104,4.877250004100914,59.57773577160373,0.694,1460734,1593632.4341940575,1235797.3855622509,0.8660254037844387,-0.4999999999999998
2023-05-01,IU_North_3,North,IU,5,2023,1.48,0.95,1.0,7.851260300926602,72.00570195565126,78.64699918697023,8163.816009085456,4.1153069009241845,71.98826478754853,0.694,1310442,1460733.8235658638,1057065.8857022077,0.49999999999999994,-0.8660254037844387
2023-06-01,IU_North_3,North,IU,6,2023,1.48,0.72,1.0,6.438327531693816,117.73954933265165,74.64372900150076,9626.53904331668,5.462608530656827,73.4995001651149,0.694,816983,1310442.046410953,712746.7140757135,1.2246467991473532e-16,-1.0
2023-07-01,IU_North_3,North,IU,7,2023,1.48,0.65,1.0,4.372361038151743,112.81273597151551,74.5898735567215,8917.343467823734,3.2291153602214004,71.00608796535803,0.694,681755,816983.2822121297,687759.3038262505,-0.4999999999999997,-0.8660254037844388
2023-08-01,IU_North_3,North,IU,8,2023,1.48,0.68,1.0,8.01430580085679,111.67934643094596,76.79763468895615,8744.571229208112,4.8543348984252885,63.84925731830074,0.694,859357,681754.873614361,615943.5618945225,-0.8660254037844385,-0.5000000000000004
2023-09-01,IU_North_3,North,IU,9,2023,1.48,0.82,1.0,5.413121238964857,165.13550506372724,74.68984079187821,9444.885833388813,3.815311343392885,67.59403386420993,0.694,693769,859357.0906003801,742049.0952318519,-1.0,-1.8369701987210297e-16
2023-10-01,IU_North_3,North,IU,10,2023,1.48,1.02,1.0,5.715480393621416,139.16087367985472,75.80160215612253,8956.414635063908,5.675502324965837,68.37391473908217,0.694,1065943,693769.3143780964,883325.0449437626,-0.8660254037844386,0.5000000000000001
2023-11-01,IU_North_3,North,IU,11,2023,1.48,1.1,1.0,5.785206447147809,133.02417173081807,82.29916536749954,9609.791695848495,5.8940122825344945,70.79517755824764,0.694,1274703,1065943.064581878,1282834.7136070498,-0.5000000000000004,0.8660254037844384
2023-12-01,IU_North_3,North,IU,12,2023,1.48,1.15,1.0,8.14932571180498,105.60595883515698,75.258922897762,9410.47300033703,3.6866747297733213,71.07336195487233,0.694,1304796,1274703.1043431738,1161088.6704463759,-2.4492935982947064e-16,1.0
2024-01-01,IU_North_3,North,IU,1,2024,1.54,1.08,1.0,4.997851115005386,67.10491718255146,79.42497954393633,8334.785872412784,3.460354291273136,66.26330480488602,0.6895,1420804,1304795.763422173,1303944.9050024275,0.49999999999999994,0.8660254037844387
2024-02-01,IU_North_3,North,IU,2,2024,1.54,1.12,1.0,9.0,55.59110812928929,78.55737458309453,7412.499606932328,4.587670309583841,69.52798222565424,0.6895,1679610,1420803.7470954477,1425715.7672699143,0.8660254037844386,0.5000000000000001
2024-03-01,IU_North_3,North,IU,3,2024,1.54,1.15,1.0,8.827928342659083,37.764421728852525,82.7325759144998,8572.554470396448,3.590295480168388,71.02912161846096,0.6895,2017158,1679610.315658628,1593632.4341940575,1.0,6.123233995736766e-17
2024-04-01,IU_North_3,North,IU,4,2024,1.54,1.05,1.0,7.828546868734812,47.703496524240386,79.95632748034569,8144.742416027803,3.8636710256542095,75.02328928858707,0.6895,1695564,2017157.9661039878,1460733.8235658638,0.8660254037844387,-0.4999999999999998
2024-05-01,IU_North_3,North,IU,5,2024,1.54,0.95,1.0,7.494787371040277,78.71983715566874,78.55188088503573,7861.004964311776,3.9203107364339282,72.0180261592989,0.6895,1272676,1695563.6300600513,1310442.046410953,0.49999999999999994,-0.8660254037844387
2024-06-01,IU_North_3,North,IU,6,2024,1.54,0.72,1.0,7.903325061609009,89.55090349195153,84.46391209681903,8091.704487276581,2.3642614750418747,72.35622674950208,0.6895,1035192,1272675.6240903486,816983.2822121297,1.2246467991473532e-16,-1.0
2024-07-01,IU_North_3,North,IU,7,2024,1.54,0.65,1.0,8.186007085835026,166.4448146082778,84.75880901354091,7227.873822168324,3.88892980312461,69.53530651171745,0.6895,838371,1035191.9512794275,681754.873614361,-0.4999999999999997,-0.8660254037844388
2024-08-01,IU_North_3,North,IU,8,2024,1.54,0.68,1.0,8.33491887491989,168.41781862474056,78.69872930278389,8211.07344213887,3.348217780748661,74.84183658081402,0.6895,794811,838370.7751101662,859357.0906003801,-0.8660254037844385,-0.5000000000000004
2024-09-01,IU_North_3,North,IU,9,2024,1.54,0.82,1.0,8.227385530983959,198.10297666551276,74.90038014591815,7563.962498290635,3.5055017420801824,70.839051183838,0.6895,908599,794810.8308415285,693769.3143780964,-1.0,-1.8369701987210297e-16
2024-10-01,IU_North_3,North,IU,10,2024,1.54,1.02,1.0,7.668156989286119,142.96458149236608,83.52254106951077,7418.478048342978,5.054905602775051,65.75564835930572,0.6895,1277873,908598.9373127673,1065943.064581878,-0.8660254037844386,0.5000000000000001
2024-11-01,IU_North_3,North,IU,11,2024,1.54,1.1,1.0,7.3238540674110295,110.43881065405301,78.44611052271999,7342.118043174517,2.894794484576595,74.81347988050076,0.6895,1340881,1277872.6698666078,1274703.1043431738,-0.5000000000000004,0.8660254037844384
2024-12-01,IU_North_3,North,IU,12,2024,1.54,1.15,1.0,7.379132231395607,121.24981246000547,82.87187679748831,8527.889445718034,4.550564149398381,71.99161309015611,0.6895,1563673,1340880.8754751342,1304795.763422173,-2.4492935982947064e-16,1.0
2025-01-01,IU_North_3,North,IU,1,2025,1.6,1.08,1.0,7.766110063576782,76.06522288185317,79.0896885468645,8716.831472837697,3.276829655734553,68.22782391548607,0.6849999999999999,1606696,1563673.1467296623,1420803.7470954477,0.49999999999999994,0.8660254037844387
2025-02-01,IU_North_3,North,IU,2,2025,1.6,1.12,1.0,9.0,39.46989101217466,87.67779201489793,9690.177469461876,3.2761918652033324,68.08202813040303,0.6849999999999999,1842887,1606695.9549178276,1679610.315658628,0.8660254037844386,0.5000000000000001
2025-03-01,IU_North_3,North,IU,3,2025,1.6,1.15,1.0,8.712268066737034,31.303819361116652,81.36648421215766,8758.889341625918,4.132297516841369,71.18630218056305,0.6849999999999999,1986723,1842886.634117926,2017157.9661039878,1.0,6.123233995736766e-17
2025-04-01,IU_North_3,North,IU,4,2025,1.6,1.05,1.0,4.471533638402864,53.35193920809647,87.19229235719958,8231.688919082626,3.7720410356551124,71.85273918107033,0.6849999999999999,1479959,1986722.5748937482,1695563.6300600513,0.8660254037844387,-0.4999999999999998
2025-05-01,IU_North_3,North,IU,5,2025,1.6,0.95,1.0,8.787080931835714,59.15435155703286,85.0428192035093,8497.564002022556,3.956490397775625,70.78916906252482,0.6849999999999999,1577135,1479958.6799000872,1272675.6240903486,0.49999999999999994,-0.8660254037844387
2025-06-01,IU_North_3,North,IU,6,2025,1.6,0.72,1.0,8.233683433662529,134.6113018427466,82.13818174181006,9556.115229002575,4.274547728426289,71.24523469377154,0.6849999999999999,1008386,1577135.3694031097,1035191.9512794275,1.2246467991473532e-16,-1.0
2025-07-01,IU_North_3,North,IU,7,2025,1.6,0.65,1.0,7.977549492264923,124.54659213160603,83.77889106121965,8929.845819927952,3.2349532934533416,76.79982949830553,0.6849999999999999,901704,1008386.4419287592,838370.7751101662,-0.4999999999999997,-0.8660254037844388
2025-08-01,IU_North_3,North,IU,8,2025,1.6,0.68,1.0,7.533777856293337,186.66670541893083,87.05895537087011,8753.270716578681,3.0102106123937995,74.28617260893954,0.6849999999999999,884676,901704.275200694,794810.8308415285,-0.8660254037844385,-0.5000000000000004
2025-09-01,IU_North_3,North,IU,9,2025,1.6,0.82,1.0,9.0,171.12730115477743,85.31768335934571,9072.008201633207,2.6318795787537614,70.7625423650601,0.6849999999999999,1067186,884676.4787419672,908598.9373127673,-1.0,-1.8369701987210297e-16
2025-10-01,IU_North_3,North,IU,10,2025,1.6,1.02,1.0,9.0,185.76712235247004,86.75323894141745,9225.802231274847,2.839671576016836,73.76524232306993,0.6849999999999999,1332329,1067185.8445121045,1277872.6698666078,-0.8660254037844386,0.5000000000000001
2025-11-01,IU_North_3,North,IU,11,2025,1.6,1.1,1.0,7.072546798611669,132.24713755433345,90.92932175354646,9502.82946715556,5.85927554024698,65.86990438588984,0.6849999999999999,1538420,1332328.600446242,1340880.8754751342,-0.5000000000000004,0.8660254037844384
2025-12-01,IU_North_3,North,IU,12,2025,1.6,1.15,1.0,8.488462744549443,105.36275492162885,80.30727516486685,9651.82465345127,4.49574366458943,71.59170819978723,0.6849999999999999,1538352,1538420.0492171298,1563673.1467296623,-2.4492935982947064e-16,1.0
2015-01-01,IU_South_1,South,IU,1,2015,1.0,1.08,1.0,6.061710827012184,102.69433408947886,48.10908269321525,4912.784417052841,7.647976460058525,57.35173671897487,0.73,712365,,,0.49999999999999994,0.8660254037844387
2015-02-01,IU_South_1,South,IU,2,2015,1.0,1.12,1.0,4.494596273007122,76.18930091445577,39.30801500008088,5854.3104846793285,7.862205081661355,68.32846700521426,0.73,581048,712365.4539497034,,0.8660254037844386,0.5000000000000001
2015-03-01,IU_South_1,South,IU,3,2015,1.0,1.15,1.0,8.94304824221815,52.69804231345091,43.309652716160976,5507.679152081915,8.865863847647379,60.40213803810859,0.73,811714,581047.9360995865,,1.0,6.123233995736766e-17
2015-04-01,IU_South_1,South,IU,4,2015,1.0,1.05,1.0,7.062773693778161,58.655641280428014,44.325827205857806,4812.184445260924,6.883344957817048,62.51674989332684,0.73,701199,811713.8033942309,,0.8660254037844387,-0.4999999999999998
2015-05-01,IU_South_1,South,IU,5,2015,1.0,0.95,1.0,5.90965171415662,85.73223444418065,40.656891747567926,5728.9774643059745,6.477317896958141,61.746904160412335,0.73,510091,701198.9536255938,,0.49999999999999994,-0.8660254037844387
2015-06-01,IU_South_1,South,IU,6,2015,1.0,0.72,1.0,8.093668266784361,142.30900904446196,37.47453510439554,5882.301119149441,6.783657631259967,59.361005434984136,0.73,370061,510090.6482095531,,1.2246467991473532e-16,-1.0
2015-07-01,IU_South_1,South,IU,7,2015,1.0,0.65,1.0,5.332682579887999,169.79217917164567,32.69406300465133,5236.672728271652,6.430745199748064,65.93540937442458,0.73,263744,370061.48507464305,,-0.4999999999999997,-0.8660254037844388
2015-08-01,IU_South_1,South,IU,8,2015,1.0,0.68,1.0,6.9879464410672085,238.29987920176396,42.052489625826865,6031.842111087483,8.569325886207187,62.50354612230663,0.73,307227,263743.9165182548,,-0.8660254037844385,-0.5000000000000004
2015-09-01,IU_South_1,South,IU,9,2015,1.0,0.82,1.0,6.292845038850999,228.84264325523176,37.555731991529356,4757.136143917494,8.73891143601923,60.093794307123034,0.73,348126,307226.7703585752,,-1.0,-1.8369701987210297e-16
2015-10-01,IU_South_1,South,IU,10,2015,1.0,1.02,1.0,7.266412567856361,183.57856978137997,40.52845135566308,4834.539411070294,7.756173262359063,56.78164222479811,0.73,514962,348125.692977965,,-0.8660254037844386,0.5000000000000001
2015-11-01,IU_South_1,South,IU,11,2015,1.0,1.1,1.0,6.423711752976654,237.65437365124714,36.250538981231905,5568.648504987572,8.477035956548118,58.425619945123515,0.73,433274,514961.5615545666,,-0.5000000000000004,0.8660254037844384
2015-12-01,IU_South_1,South,IU,12,2015,1.0,1.15,1.0,4.758886530666531,138.80236822284664,39.20428737858939,5518.603052060155,7.607166704464189,55.43447953759161,0.73,592221,433274.43544377264,,-2.4492935982947064e-16,1.0
2016-01-01,IU_South_1,South,IU,1,2016,1.06,1.08,1.0,7.6513518189838665,80.9779479253703,44.60115716470316,6157.541930209202,7.023910681839387,62.848894193660676,0.7255,692278,592220.5543678723,712365.4539497034,0.49999999999999994,0.8660254037844387
2016-02-01,IU_South_1,South,IU,2,2016,1.06,1.12,1.0,8.819297142030255,61.79737936886134,45.30578074313289,6844.317496187398,6.83356990475699,58.01333763086242,0.7255,794139,692278.3202370518,581047.9360995865,0.8660254037844386,0.5000000000000001
2016-03-01,IU_South_1,South,IU,3,2016,1.06,1.15,1.0,7.525600484755039,50.51278674475744,41.15553343794276,6718.902441397227,6.851687206897947,61.73775794992583,0.7255,891085,794138.7133695175,811713.8033942309,1.0,6.123233995736766e-17
2016-04-01,IU_South_1,South,IU,4,2016,1.06,1.05,1.0,8.490798317686725,46.78922656426292,48.090732846284055,6866.162581920357,5.861758754952774,68.28040741444148,0.7255,778050,891085.4528240158,701198.9536255938,0.8660254037844387,-0.4999999999999998
2016-05-01,IU_South_1,South,IU,5,2016,1.06,0.95,1.0,6.306024788970957,104.97471500688644,42.70931564580408,6424.588604091529,7.311403810885871,67.59719829168634,0.7255,530673,778050.4193988726,510090.6482095531,0.49999999999999994,-0.8660254037844387
2016-06-01,IU_South_1,South,IU,6,2016,1.06,0.72,1.0,7.529147219855998,126.43895470446905,39.47659161864026,6751.161120590304,7.067732871828765,62.67089242358953,0.7255,425459,530673.34883317,370061.48507464305,1.2246467991473532e-16,-1.0
2016-07-01,IU_South_1,South,IU,7,2016,1.06,0.65,1.0,6.811247625673528,251.33086427572363,44.17292974010961,6279.457363636552,7.6962885792623,62.4516610954274,0.7255,279464,425458.8623214246,263743.9165182548,-0.4999999999999997,-0.8660254037844388
2016-08-01,IU_South_1,South,IU,8,2016,1.06,0.68,1.0,8.457037179905473,255.19809861074575,44.60312592707938,7404.218410539018,7.174818797150888,70.31949819768403,0.7255,338754,279464.07485522114,307226.7703585752,-0.8660254037844385,-0.5000000000000004
2016-09-01,IU_South_1,South,IU,9,2016,1.06,0.82,1.0,7.598450046494216,235.00375037090063,44.98176829951528,6114.354403445156,6.969837038744727,64.88302448143484,0.7255,478560,338753.94374907546,348125.692977965,-1.0,-1.8369701987210297e-16
2016-10-01,IU_South_1,South,IU,10,2016,1.06,1.02,1.0,8.388748583383755,210.15625225866,48.586397211055235,7427.383843256291,6.403045575993895,61.488774160493904,0.7255,544539,478560.18606444885,514961.5615545666,-0.8660254037844386,0.5000000000000001
2016-11-01,IU_South_1,South,IU,11,2016,1.06,1.1,1.0,8.86591268316926,196.85096877309127,43.79065348979242,6495.699576190284,7.157722589457409,57.095927531518186,0.7255,556543,544539.2920329812,433274.43544377264,-0.5000000000000004,0.8660254037844384
2016-12-01,IU_South_1,South,IU,12,2016,1.06,1.15,1.0,8.390602461925488,163.78779168562406,44.141141126893686,5861.020099694116,7.690589784652929,64.37549287265897,0.7255,635976,556542.6938128469,592220.5543678723,-2.4492935982947064e-16,1.0
2017-01-01,IU_South_1,South,IU,1,2017,1.12,1.08,1.0,8.327742121152372,99.617588071222,45.69044685630072,8068.456030747551,5.785328807132911,66.91729509033145,0.721,803099,635975.855652338,692278.3202370518,0.49999999999999994,0.8660254037844387
2017-02-01,IU_South_1,South,IU,2,2017,1.12,1.12,1.0,6.8021452897863135,61.3323621155175,51.46166050866369,7509.475947805412,6.769979002944591,61.07339390194542,0.721,949450,803098.8659935237,794138.7133695175,0.8660254037844386,0.5000000000000001
2017-03-01,IU_South_1,South,IU,3,2017,1.12,1.15,1.0,7.996656667199718,50.437777181134216,49.55292719223431,7835.826167298787,6.886434361223587,64.76481102055213,0.721,915043,949450.4445301996,891085.4528240158,1.0,6.123233995736766e-17
2017-04-01,IU_South_1,South,IU,4,2017,1.12,1.05,1.0,7.360291517581,57.65499129002452,47.739916818117514,8003.555486371847,6.125548173105389,62.14570682033988,0.721,834877,915043.3286226182,778050.4193988726,0.8660254037844387,-0.4999999999999998
2017-05-01,IU_South_1,South,IU,5,2017,1.12,0.95,1.0,7.587123251954928,94.85191109735443,43.28597591960361,7604.900322392942,6.2297149560736,62.86387040320399,0.721,688887,834877.3007968145,530673.34883317,0.49999999999999994,-0.8660254037844387
2017-06-01,IU_South_1,South,IU,6,2017,1.12,0.72,1.0,7.550559019099699,103.06967012463741,53.33323658516526,7186.311942861914,6.884488679012971,53.648711769750676,0.721,621185,688887.4323322012,425458.8623214246,1.2246467991473532e-16,-1.0
2017-07-01,IU_South_1,South,IU,7,2017,1.12,0.65,1.0,6.824089310261307,229.21178692557103,45.316960106631825,7891.891342978843,5.793263185365902,62.71287438513546,0.721,340774,621184.9917010238,279464.07485522114,-0.4999999999999997,-0.8660254037844388
2017-08-01,IU_South_1,South,IU,8,2017,1.12,0.68,1.0,5.651193693039213,247.20698746097924,47.226165971890886,7453.160301382249,6.979938972199514,67.47747720963221,0.721,304761,340774.3043236839,338753.94374907546,-0.8660254037844385,-0.5000000000000004
2017-09-01,IU_South_1,South,IU,9,2017,1.12,0.82,1.0,7.19822834200668,220.99540584874637,50.07503353322801,7761.456341401469,5.9837165010726405,61.07438977773377,0.721,463424,304761.2090936486,478560.18606444885,-1.0,-1.8369701987210297e-16
2017-10-01,IU_South_1,South,IU,10,2017,1.12,1.02,1.0,8.23205534230899,303.98936839255396,45.41032621414994,6483.6415648215225,7.5502829544265735,63.81010547286127,0.721,496484,463424.2480940881,544539.2920329812,-0.8660254037844386,0.5000000000000001
2017-11-01,IU_South_1,South,IU,11,2017,1.12,1.1,1.0,6.382187545487012,202.6104944117716,44.51947066524057,7653.962095682114,8.57026219631064,60.576197173232316,0.721,589350,496483.8796502982,556542.6938128469,-0.5000000000000004,0.8660254037844384
2017-12-01,IU_South_1,South,IU,12,2017,1.12,1.15,1.0,8.01881868376595,126.6867696305581,42.628157251898,7165.456701712417,6.011394558638544,65.0417667051711,0.721,730837,589349.9374783796,635975.855652338,-2.4492935982947064e-16,1.0
2018-01-01,IU_South_1,South,IU,1,2018,1.18,1.08,1.0,9.0,112.85106132205686,55.66299085871691,7091.169013702707,6.72736628989974,63.533907209855315,0.7165,1013520,730837.0490685408,803098.8659935237,0.49999999999999994,0.8660254037844387
2018-02-01,IU_South_1,South,IU,2,2018,1.18,1.12,1.0,8.788328038082508,67.18274648159289,51.864441265821036,6627.568983522461,5.718606476094385,60.64303383727198,0.7165,1087125,1013520.0199662558,949450.4445301996,0.8660254037844386,0.5000000000000001
2018-03-01,IU_South_1,South,IU,3,2018,1.18,1.15,1.0,9.0,52.959349891131644,62.28181027741999,6455.115662604552,7.132763339038231,69.73020587066051,0.7165,1241088,1087125.174107683,915043.3286226182,1.0,6.123233995736766e-17
2018-04-01,IU_South_1,South,IU,4,2018,1.18,1.05,1.0,8.030013624099093,59.34868605837358,50.51693480310738,6566.019173979968,5.287793272731828,68.11572805412887,0.7165,979389,1241087.5593058777,834877.3007968145,0.8660254037844387,-0.4999999999999998
2018-05-01,IU_South_1,South,IU,5,2018,1.18,0.95,1.0,8.961671959363557,106.75743585667053,50.73564692971323,5897.881293177846,6.68446940674217,61.9803729442873,0.7165,817447,979388.6013586416,688887.4323322012,0.49999999999999994,-0.8660254037844387
2018-06-01,IU_South_1,South,IU,6,2018,1.18,0.72,1.0,6.691902495218476,144.11043847002537,51.803821089143796,7077.6451877099935,5.601608826488517,66.39115323767112,0.7165,527808,817446.815051736,621184.9917010238,1.2246467991473532e-16,-1.0
2018-07-01,IU_South_1,South,IU,7,2018,1.18,0.65,1.0,6.78745185135344,216.67824354937525,54.229403965415464,7243.296365259976,6.134412328721305,66.54964801128153,0.7165,454102,527808.2300817437,340774.3043236839,-0.4999999999999997,-0.8660254037844388
2018-08-01,IU_South_1,South,IU,8,2018,1.18,0.68,1.0,4.2736919244148535,168.99533581363212,52.08938998364407,6523.990756719066,5.475179779882154,66.9692049400447,0.7165,442342,454102.0328996712,304761.2090936486,-0.8660254037844385,-0.5000000000000004
2018-09-01,IU_South_1,South,IU,9,2018,1.18,0.82,1.0,8.98403474063058,233.7297451382804,55.336996642007534,7062.861282830506,6.957880376716603,57.622976416019696,0.7165,646045,442342.3362237395,463424.2480940881,-1.0,-1.8369701987210297e-16
2018-10-01,IU_South_1,South,IU,10,2018,1.18,1.02,1.0,9.0,297.7224810385099,50.56423483003404,6091.062987569729,5.63041571644833,68.42642616413052,0.7165,559662,646044.8314564262,496483.8796502982,-0.8660254037844386,0.5000000000000001
2018-11-01,IU_South_1,South,IU,11,2018,1.18,1.1,1.0,6.896847477363097,176.987976337991,49.35522484460925,5988.478572171128,6.741571407465462,62.12120414829708,0.7165,725000,559662.1259150654,589349.9374783796,-0.5000000000000004,0.8660254037844384
2018-12-01,IU_South_1,South,IU,12,2018,1.18,1.15,1.0,7.255918124103139,136.41363830640333,48.10535578177268,6365.595813900384,6.0247215773901335,62.968688266234935,0.7165,822199,724999.9225447695,730837.0490685408,-2.4492935982947064e-16,1.0
2019-01-01,IU_South_1,South,IU,1,2019,1.24,1.08,1.0,5.595365463570847,93.28057992325037,51.32927749618841,7515.723467265405,5.80842210256091,75.7515270090408,0.712,882550,822198.7973188179,1013520.0199662558,0.49999999999999994,0.8660254037844387
2019-02-01,IU_South_1,South,IU,2,2019,1.24,1.12,1.0,6.9591842617729895,51.84511617935329,56.44579294157483,7142.705993440447,6.0182047259201035,66.40749352288405,0.712,1172882,882549.9684348919,1087125.174107683,0.8660254037844386,0.5000000000000001
2019-03-01,IU_South_1,South,IU,3,2019,1.24,1.15,1.0,7.849919054363889,33.437894178288104,57.097059062820335,7561.995685665668,5.290540262672922,63.654710098211304,0.712,1201331,1172881.9783477068,1241087.5593058777,1.0,6.123233995736766e-17
2019-04-01,IU_South_1,South,IU,4,2019,1.24,1.05,1.0,4.408673631342751,61.20467083810403,56.10568891755045,7457.875266932887,6.06829369083271,56.37882250897638,0.712,841640,1201331.2668052826,979388.6013586416,0.8660254037844387,-0.4999999999999998
2019-05-01,IU_South_1,South,IU,5,2019,1.24,0.95,1.0,6.9913262367707025,102.03789136122485,61.73021739156149,6870.761951118876,7.124267651483529,70.75905653578542,0.712,961352,841639.8816230317,817446.815051736,0.49999999999999994,-0.8660254037844387
2019-06-01,IU_South_1,South,IU,6,2019,1.24,0.72,1.0,6.167993873937026,148.81863595788033,61.68409062882441,7553.456857853125,5.277524171333829,59.819161316765594,0.712,640746,961351.5752920306,527808.2300817437,1.2246467991473532e-16,-1.0
2019-07-01,IU_South_1,South,IU,7,2019,1.24,0.65,1.0,6.636073270360027,195.6536431415634,56.99559103766649,7708.5877091345355,6.837448114619076,61.18624438600199,0.712,433530,640745.9257374496,454102.0328996712,-0.4999999999999997,-0.8660254037844388
2019-08-01,IU_South_1,South,IU,8,2019,1.24,0.68,1.0,7.050792802009149,238.13007728593917,52.61823666042411,7397.161192915527,7.098478106790228,63.87459080364861,0.712,449518,433530.1019996562,442342.3362237395,-0.8660254037844385,-0.5000000000000004
2019-09-01,IU_South_1,South,IU,9,2019,1.24,0.82,1.0,6.274157073472614,288.35655518315366,56.29988467583484,7838.691646467612,5.247076008777565,70.86564716680117,0.712,461389,449518.48901590676,646044.8314564262,-1.0,-1.8369701987210297e-16
2019-10-01,IU_South_1,South,IU,10,2019,1.24,1.02,1.0,6.375695775913063,229.84353266900817,56.20053581824882,6772.168292926222,4.735956315927559,68.29295994666305,0.712,685672,461388.84062573506,559662.1259150654,-0.8660254037844386,0.5000000000000001
2019-11-01,IU_South_1,South,IU,11,2019,1.24,1.1,1.0,6.2433497989344335,182.77752268738192,56.02859511316583,7530.577689959184,6.141568720137412,64.56864996063896,0.712,779255,685671.9934074677,724999.9225447695,-0.5000000000000004,0.8660254037844384
2019-12-01,IU_South_1,South,IU,12,2019,1.24,1.15,1.0,7.664379442145938,143.67467659001807,55.90684328830527,6793.373682121302,5.462073981786502,66.43316825455528,0.712,1018417,779254.8770291802,822198.7973188179,-2.4492935982947064e-16,1.0
2020-01-01,IU_South_1,South,IU,1,2020,1.3,1.08,1.0,5.941851780373175,108.69020139635164,60.53961131282558,7791.48371182289,6.9948825753304025,63.59845722851558,0.7075,1018681,1018416.6338486656,882549.9684348919,0.49999999999999994,0.8660254037844387
2020-02-01,IU_South_1,South,IU,2,2020,1.3,1.12,1.0,5.704040073505012,76.82529717410576,61.34037515230672,8008.901447845774,5.527846032399866,66.5586147582614,0.7075,1031929,1018681.4365361708,1172881.9783477068,0.8660254037844386,0.5000000000000001
2020-03-01,IU_South_1,South,IU,3,2020,1.3,1.15,1.0,3.9141977629094398,45.288921956231164,60.59337670355333,7868.893240419369,4.858240473571857,66.29334697911254,0.7075,1174340,1031929.0227701167,1201331.2668052826,1.0,6.123233995736766e-17
2020-04-01,IU_South_1,South,IU,4,2020,1.3,1.05,0.68,4.985044136364394,64.33828223681184,63.12496752587678,8046.222204594267,4.582272391190631,69.87507958272542,0.7075,664789,1174340.2114267556,841639.8816230317,0.8660254037844387,-0.4999999999999998
2020-05-01,IU_South_1,South,IU,5,2020,1.3,0.95,0.68,6.517742820627188,105.07536162903939,63.581106147714586,8196.452683207744,6.371923967272664,69.8687124897558,0.7075,655200,664788.5628987333,961351.5752920306,0.49999999999999994,-0.8660254037844387
2020-06-01,IU_South_1,South,IU,6,2020,1.3,0.72,0.68,5.484575715968886,127.66699484860149,59.76806473845253,8669.539841876902,5.043052820732651,67.97590952882258,0.7075,406801,655200.2441632255,640745.9257374496,1.2246467991473532e-16,-1.0
2020-07-01,IU_South_1,South,IU,7,2020,1.3,0.65,1.0,6.230777591727145,200.61251501638756,66.3131959780211,8148.298755610213,5.5350630395683424,64.5506097698156,0.7075,548064,406801.3030047143,433530.1019996562,-0.4999999999999997,-0.8660254037844388
2020-08-01,IU_South_1,South,IU,8,2020,1.3,0.68,1.0,7.559153988613339,184.58521667643197,59.55981309447816,7579.288754981463,6.2646421960899845,68.9672891775605,0.7075,598239,548063.8578749661,449518.48901590676,-0.8660254037844385,-0.5000000000000004
2020-09-01,IU_South_1,South,IU,9,2020,1.3,0.82,1.0,6.685667111270758,183.66061360977253,57.646598158553985,8805.850853950602,5.112593318455335,65.63212613518782,0.7075,670776,598239.1366360511,461388.84062573506,-1.0,-1.8369701987210297e-16
2020-10-01,IU_South_1,South,IU,10,2020,1.3,1.02,1.0,5.5511298334598695,249.61851014574043,63.64233421409516,7916.129762901011,5.463256937007872,61.67234252514747,0.7075,816624,670776.1115247157,685671.9934074677,-0.8660254037844386,0.5000000000000001
2020-11-01,IU_South_1,South,IU,11,2020,1.3,1.1,1.0,4.826152823985306,188.48375776007651,60.04777559675698,8266.396130830697,5.486745272141984,64.38684883235625,0.7075,841723,816623.736142991,779254.8770291802,-0.5000000000000004,0.8660254037844384
2020-12-01,IU_South_1,South,IU,12,2020,1.3,1.15,1.0,2.3750803129531013,154.55130917147744,63.46387441227216,8493.7617511511,6.046659609212874,66.3381079351373,0.7075,905676,841723.0237010618,1018416.6338486656,-2.4492935982947064e-16,1.0
2021-01-01,IU_South_1,South,IU,1,2021,1.3599999999999999,1.08,1.0,4.797938093032577,99.73157534487474,59.78899419669841,7277.004365253721,5.57259546840826,70.44086313465898,0.703,1004906,905676.4059138922,1018681.4365361708,0.49999999999999994,0.8660254037844387
2021-02-01,IU_South_1,South,IU,2,2021,1.3599999999999999,1.12,1.0,4.608785005019781,54.11226722260884,71.1773678244492,7679.560473357133,4.923909014996137,66.06588731137138,0.703,1335457,1004906.074377416,1031929.0227701167,0.8660254037844386,0.5000000000000001
2021-03-01,IU_South_1,South,IU,3,2021,1.3599999999999999,1.15,1.0,5.468439433274451,49.66059273526748,69.01688022412121,7402.73109149921,5.150919249197214,61.96320515504157,0.703,1415761,1335456.617415185,1174340.2114267556,1.0,6.123233995736766e-17
2021-04-01,IU_South_1,South,IU,4,2021,1.3599999999999999,1.05,1.0,4.815313727630375,51.671136092461026,62.498570352510995,6799.5903661087705,4.802576790781209,67.02696673318728,0.703,1134751,1415760.829923395,664788.5628987333,0.8660254037844387,-0.4999999999999998
2021-05-01,IU_South_1,South,IU,5,2021,1.3599999999999999,0.95,1.0,4.615537928675847,120.864585370021,62.563668628461144,8167.532655268717,3.9179100744644435,67.2538241602262,0.703,798796,1134751.371975213,655200.2441632255,0.49999999999999994,-0.8660254037844387
2021-06-01,IU_South_1,South,IU,6,2021,1.3599999999999999,0.72,1.0,2.864721283391335,119.49066724065081,72.01679771229259,7274.629735474674,5.306080685918503,67.54335051561101,0.703,730735,798795.9641852122,406801.3030047143,1.2246467991473532e-16,-1.0
2021-07-01,IU_South_1,South,IU,7,2021,1.3599999999999999,0.65,1.0,3.8720386050199203,194.12644187094256,64.78786028950613,7120.876574992791,6.6137534086664544,70.47948606381772,0.703,551498,730734.7784406568,548063.8578749661,-0.4999999999999997,-0.8660254037844388
2021-08-01,IU_South_1,South,IU,8,2021,1.3599999999999999,0.68,1.0,5.571981248960669,199.61192455400575,64.49744545380213,7620.946117347476,4.3930246874471495,70.87569296035959,0.703,567969,551498.2301167153,598239.1366360511,-0.8660254037844385,-0.5000000000000004
2021-09-01,IU_South_1,South,IU,9,2021,1.3599999999999999,0.82,1.0,7.059089157359233,271.39079400102986,60.20184371755215,7299.432602641002,4.481576232317837,64.42315651047333,0.703,581407,567969.3156689726,670776.1115247157,-1.0,-1.8369701987210297e-16
2021-10-01,IU_South_1,South,IU,10,2021,1.3599999999999999,1.02,1.0,4.882969539505252,224.83991471749667,65.94766538319534,7366.832363795166,4.403417782685007,64.33542616780423,0.703,911760,581406.6575231608,816623.736142991,-0.8660254037844386,0.5000000000000001
2021-11-01,IU_South_1,South,IU,11,2021,1.3599999999999999,1.1,1.0,5.393373288288948,184.4399984113637,66.31684115549274,8308.662476342777,5.679673422978498,62.63920515617811,0.703,1013588,911759.7195522843,841723.0237010618,-0.5000000000000004,0.8660254037844384
2021-12-01,IU_South_1,South,IU,12,2021,1.3599999999999999,1.15,1.0,6.142973788343366,169.19703476366,69.14647929030846,7063.375034257698,5.458788363357152,69.59526268112191,0.703,1135238,1013588.0817805956,905676.4059138922,-2.4492935982947064e-16,1.0
2022-01-01,IU_South_1,South,IU,1,2022,1.42,1.08,1.0,4.466267104779879,100.44145887516329,67.30276471544657,8017.007597691823,4.5731698460668335,73.39528043335086,0.6985,1084053,1135237.7644840376,1004906.074377416,0.49999999999999994,0.8660254037844387
2022-02-01,IU_South_1,South,IU,2,2022,1.42,1.12,1.0,5.87951668016271,68.31055143154514,66.93913962327817,8212.46033040526,3.9655847506888273,66.3396722883643,0.6985,1268206,1084053.1761530137,1335456.617415185,0.8660254037844386,0.5000000000000001
2022-03-01,IU_South_1,South,IU,3,2022,1.42,1.15,1.0,4.550751700621589,42.64005547611902,72.85288790432944,8642.18217101112,4.773901433311939,66.63427774110002,0.6985,1554953,1268205.7432050894,1415760.829923395,1.0,6.123233995736766e-17
2022-04-01,IU_South_1,South,IU,4,2022,1.42,1.05,1.0,6.4771291544093925,50.03818579980784,74.52019021368119,7482.059686413972,3.448302298131356,73.4671302275959,0.6985,1465658,1554953.2561208664,1134751.371975213,0.8660254037844387,-0.4999999999999998
2022-05-01,IU_South_1,South,IU,5,2022,1.42,0.95,1.0,5.621023485762258,101.60811943060199,66.78654294664635,7275.499848835224,4.814741253485994,69.62223141286003,0.6985,1032146,1465657.7539620458,798795.9641852122,0.49999999999999994,-0.8660254037844387
2022-06-01,IU_South_1,South,IU,6,2022,1.42,0.72,1.0,5.797482004997907,142.82595700136855,74.74454225889923,7895.798128220586,5.3972195088703465,69.34494281920422,0.6985,843875,1032145.8579973903,730734.7784406568,1.2246467991473532e-16,-1.0
2022-07-01,IU_South_1,South,IU,7,2022,1.42,0.65,1.0,4.500221511317872,218.79304017361832,71.61262552446047,7424.734668422972,3.6990406906930566,62.83633397610509,0.6985,571813,843875.1119795704,551498.2301167153,-0.4999999999999997,-0.8660254037844388
2022-08-01,IU_South_1,South,IU,8,2022,1.42,0.68,1.0,6.287778659753121,233.76655894379334,74.77541601722393,7968.825893613114,3.473985378536268,70.31491227711767,0.6985,724510,571812.7503674428,567969.3156689726,-0.8660254037844385,-0.5000000000000004
2022-09-01,IU_South_1,South,IU,9,2022,1.42,0.82,1.0,7.940995333697398,257.6903252212986,71.28933891544715,8386.124863257832,5.963550313355887,63.88345463796096,0.6985,838806,724510.0963993405,581406.6575231608,-1.0,-1.8369701987210297e-16
2022-10-01,IU_South_1,South,IU,10,2022,1.42,1.02,1.0,4.229845793706332,178.9880757899314,63.93316624753615,7759.163011401133,4.210592288396331,63.063919256260164,0.6985,880779,838806.4412137766,911759.7195522843,-0.8660254037844386,0.5000000000000001
2022-11-01,IU_South_1,South,IU,11,2022,1.42,1.1,1.0,5.031629019043151,256.6531081884277,71.04409785305188,7517.928040448048,5.608758276755057,66.21291369293314,0.6985,924326,880778.5515959453,1013588.0817805956,-0.5000000000000004,0.8660254037844384
2022-12-01,IU_South_1,South,IU,12,2022,1.42,1.15,1.0,5.717268797221889,146.30455533677932,74.6804314560138,8191.201722771558,4.576801867841734,65.25682910620523,0.6985,1106265,924326.3592395565,1135237.7644840376,-2.4492935982947064e-16,1.0
2023-01-01,IU_South_1,South,IU,1,2023,1.48,1.08,1.0,7.44368745439498,110.46380455508799,73.31876194274886,9520.964891104342,4.170436146446938,67.51360122245985,0.694,1269505,1106265.3238734694,1084053.1761530137,0.49999999999999994,0.8660254037844387
2023-02-01,IU_South_1,South,IU,2,2023,1.48,1.12,1.0,5.8285444576526375,55.44654643615589,74.83610509327764,8370.08227569504,4.650730159597316,62.63607346190033,0.694,1435418,1269504.5617371267,1268205.7432050894,0.8660254037844386,0.5000000000000001
2023-03-01,IU_South_1,South,IU,3,2023,1.48,1.15,1.0,3.100363651828712,52.31007426663006,75.47159948934707,9501.92490226521,3.5928009146028472,72.23526522587069,0.694,1439322,1435417.9121262247,1554953.2561208664,1.0,6.123233995736766e-17
2023-04-01,IU_South_1,South,IU,4,2023,1.48,1.05,1.0,8.13102739299683,51.00790237824876,67.30145836039455,9500.608114709763,4.405997714796516,72.91074517806572,0.694,1398973,1439322.122601572,1465657.7539620458,0.8660254037844387,-0.4999999999999998
2023-05-01,IU_South_1,South,IU,5,2023,1.48,0.95,1.0,7.412607343500971,106.78101757389507,81.01404272631243,9562.158618997999,3.9948084681407257,60.61063010343675,0.694,1231841,1398973.1791842019,1032145.8579973903,0.49999999999999994,-0.8660254037844387
2023-06-01,IU_South_1,South,IU,6,2023,1.48,0.72,1.0,4.408462963416002,141.99058310131878,73.29587296030847,9681.136419719774,3.2436052452759743,72.31383122266621,0.694,766848,1231840.6503400616,843875.1119795704,1.2246467991473532e-16,-1.0
2023-07-01,IU_South_1,South,IU,7,2023,1.48,0.65,1.0,5.770917449864533,200.87571511806703,77.5172062974184,10123.726589124342,4.5699856597811195,65.1578854807135,0.694,711795,766848.0894214218,571812.7503674428,-0.4999999999999997,-0.8660254037844388
2023-08-01,IU_South_1,South,IU,8,2023,1.48,0.68,1.0,8.381818915432792,261.3739046754881,75.73989659155538,8972.578901148941,4.089353754497667,71.82790214793116,0.694,730071,711794.6298274331,724510.0963993405,-0.8660254037844385,-0.5000000000000004
2023-09-01,IU_South_1,South,IU,9,2023,1.48,0.82,1.0,8.23735570214944,203.77973832923948,79.77285716907808,9182.127534062553,4.174380137244234,68.12621402933435,0.694,881229,730071.1126739599,838806.4412137766,-1.0,-1.8369701987210297e-16
2023-10-01,IU_South_1,South,IU,10,2023,1.48,1.02,1.0,7.626368027214734,212.3096680287901,77.21816836728425,8945.423028065905,3.3318712452686734,68.515102256324,0.694,1144803,881229.4699754145,880778.5515959453,-0.8660254037844386,0.5000000000000001
2023-11-01,IU_South_1,South,IU,11,2023,1.48,1.1,1.0,6.288665079248164,213.71972843260298,75.29522718543707,9133.70990316763,5.573120294210243,67.65960940231513,0.694,1067868,1144802.522817999,924326.3592395565,-0.5000000000000004,0.8660254037844384
2023-12-01,IU_South_1,South,IU,12,2023,1.48,1.15,1.0,6.599584902575012,197.20998317730184,73.31945472244216,9822.613333063857,5.001371349108893,73.24851681693394,0.694,1277547,1067868.1144785099,1106265.3238734694,-2.4492935982947064e-16,1.0
2024-01-01,IU_South_1,South,IU,1,2024,1.54,1.08,1.0,7.403549205628469,97.92876498007777,82.89355210414642,7421.923159203767,4.6713247073375825,64.24164794989989,0.6895,1757627,1277547.0394360297,1269504.5617371267,0.49999999999999994,0.8660254037844387
2024-02-01,IU_South_1,South,IU,2,2024,1.54,1.12,1.0,8.914547911702426,69.01893884659502,74.87967608813615,7639.707324498059,3.6556442380466545,71.63136135494004,0.6895,1680719,1757626.8186936632,1435417.9121262247,0.8660254037844386,0.5000000000000001
2024-03-01,IU_South_1,South,IU,3,2024,1.54,1.15,1.0,6.509649283985689,49.197713976061394,82.43767126082767,8646.91109839962,2.5166536883972634,73.6053206595582,0.6895,1776963,1680719.4563955604,1439322.122601572,1.0,6.123233995736766e-17
2024-04-01,IU_South_1,South,IU,4,2024,1.54,1.05,1.0,6.593700585918775,81.86747512186231,77.20286574533539,8486.196105078508,5.462333905991608,72.06536032216165,0.6895,1479471,1776962.9007926441,1398973.1791842019,0.8660254037844387,-0.4999999999999998
2024-05-01,IU_South_1,South,IU,5,2024,1.54,0.95,1.0,8.77298967598304,73.79167499552118,84.25685098586992,7863.770435904883,3.8511219935953056,78.49879565729367,0.6895,1429622,1479471.3065409195,1231840.6503400616,0.49999999999999994,-0.8660254037844387
2024-06-01,IU_South_1,South,IU,6,2024,1.54,0.72,1.0,7.507426425165947,152.12897350506054,80.98389862798808,8411.660577476892,3.300960163183957,67.08421294910121,0.6895,1005382,1429621.6155807248,766848.0894214218,1.2246467991473532e-16,-1.0
2024-07-01,IU_South_1,South,IU,7,2024,1.54,0.65,1.0,9.0,151.23367899313817,82.43237130355033,8180.726806093983,4.233441259586491,73.02921929037413,0.6895,941097,1005382.2178169024,711794.6298274331,-0.4999999999999997,-0.8660254037844388
2024-08-01,IU_South_1,South,IU,8,2024,1.54,0.68,1.0,6.754845523403166,147.64336019403794,80.74596644147415,8702.303251023013,4.833696630402638,68.77563745863432,0.6895,958077,941097.2081216564,730071.1126739599,-0.8660254037844385,-0.5000000000000004
2024-09-01,IU_South_1,South,IU,9,2024,1.54,0.82,1.0,7.494926139373231,261.1548269919181,75.24286871457701,8060.708994194616,3.881559555131627,74.13362430541068,0.6895,819319,958077.4656606499,881229.4699754145,-1.0,-1.8369701987210297e-16
2024-10-01,IU_South_1,South,IU,10,2024,1.54,1.02,1.0,6.4537645899670775,241.55337032029635,77.91781250981398,8488.71412821523,4.9228601343515,69.16924401711452,0.6895,1071702,819319.0296342692,1144802.522817999,-0.8660254037844386,0.5000000000000001
2024-11-01,IU_South_1,South,IU,11,2024,1.54,1.1,1.0,7.569495389488101,191.45489186773398,82.51716801283415,9216.085036694247,4.766399950813494,67.64849687255013,0.6895,1296082,1071701.8730181472,1067868.1144785099,-0.5000000000000004,0.8660254037844384
2024-12-01,IU_South_1,South,IU,12,2024,1.54,1.15,1.0,5.786403847381262,147.61063297410558,80.99996745207953,8296.324296743927,3.038895050078353,74.42428881548652,0.6895,1417134,1296081.8635192167,1277547.0394360297,-2.4492935982947064e-16,1.0
2025-01-01,IU_South_1,South,IU,1,2025,1.6,1.08,1.0,7.414839894854045,146.47449151106886,88.54296971591701,9022.197674607132,2.960967915472419,68.03375224392428,0.6849999999999999,1549939,1417134.461561771,1757626.8186936632,0.49999999999999994,0.8660254037844387
2025-02-01,IU_South_1,South,IU,2,2025,1.6,1.12,1.0,6.2764953620862585,60.942312438260494,86.20982368911152,9325.101143348893,4.2660297306238135,64.34909696439777,0.6849999999999999,1977494,1549939.4451135753,1680719.4563955604,0.8660254037844386,0.5000000000000001
2025-03-01,IU_South_1,South,IU,3,2025,1.6,1.15,1.0,8.83270787982951,53.82593270937556,82.09989432789202,8835.623613807704,1.3299099489516495,67.93261246730468,0.6849999999999999,1974610,1977494.4339763196,1776962.9007926441,1.0,6.123233995736766e-17
2025-04-01,IU_South_1,South,IU,4,2025,1.6,1.05,1.0,8.859907207711583,57.22224763188663,82.6118075868381,10074.585467485582,3.380435445468009,72.47613178635413,0.6849999999999999,1851668,1974610.1649497058,1479471.3065409195,0.8660254037844387,-0.4999999999999998
2025-05-01,IU_South_1,South,IU,5,2025,1.6,0.95,1.0,5.923684723418786,104.42848862560905,85.30875217156971,9081.031966962644,2.3553350387002627,75.56815500634836,0.6849999999999999,1414289,1851667.885315577,1429621.6155807248,0.49999999999999994,-0.8660254037844387
2025-06-01,IU_South_1,South,IU,6,2025,1.6,0.72,1.0,9.0,144.6397423112486,78.05786780199969,8877.180005897972,3.1187569588531803,70.44451750118604,0.6849999999999999,977165,1414289.1106351838,1005382.2178169024,1.2246467991473532e-16,-1.0
2025-07-01,IU_South_1,South,IU,7,2025,1.6,0.65,1.0,9.0,187.6844455181081,90.02032565686895,8623.939947740437,3.2609439287766366,75.2727882689361,0.6849999999999999,987230,977164.9169284803,941097.2081216564,-0.4999999999999997,-0.8660254037844388
2025-08-01,IU_South_1,South,IU,8,2025,1.6,0.68,1.0,8.055207664083609,301.1559423898268,86.32524020913267,9493.74908622235,3.2134044976739937,64.56730031408962,0.6849999999999999,809709,987229.9063351749,958077.4656606499,-0.8660254037844385,-0.5000000000000004
2025-09-01,IU_South_1,South,IU,9,2025,1.6,0.82,1.0,7.230662887730427,294.1444361194127,88.68110379114661,9390.234335771935,3.058190998309913,68.22694614072839,0.6849999999999999,891215,809709.2449929245,819319.0296342692,-1.0,-1.8369701987210297e-16
2025-10-01,IU_South_1,South,IU,10,2025,1.6,1.02,1.0,9.0,241.4557310028779,80.25818817757249,8776.190532863111,2.622285080296949,68.8456995313836,0.6849999999999999,1339386,891215.0761570823,1071701.8730181472,-0.8660254037844386,0.5000000000000001
2025-11-01,IU_South_1,South,IU,11,2025,1.6,1.1,1.0,6.417237802036987,130.87364192168098,88.73369548106577,9259.403105304542,5.333529013454949,69.54176229010992,0.6849999999999999,1596414,1339386.2442248862,1296081.8635192167,-0.5000000000000004,0.8660254037844384
2025-12-01,IU_South_1,South,IU,12,2025,1.6,1.15,1.0,8.024127760242918,141.8772924768172,91.69449673308324,8321.149814303668,4.993969603329081,70.33637755300079,0.6849999999999999,1842913,1596413.8241826887,1417134.461561771,-2.4492935982947064e-16,1.0
2015-01-01,IU_South_2,South,IU,1,2015,1.0,1.08,1.0,7.136819747612058,80.65779119185468,40.44189400116725,5501.997887338143,8.11522532435382,62.773794299967186,0.73,713424,,,0.49999999999999994,0.8660254037844387
2015-02-01,IU_South_2,South,IU,2,2015,1.0,1.12,1.0,5.703876611336614,63.95329191049673,37.95851785670786,5970.976590681335,7.078088750688304,67.23946067773414,0.73,619612,713424.1832639471,,0.8660254037844386,0.5000000000000001
2015-03-01,IU_South_2,South,IU,3,2015,1.0,1.15,1.0,6.545089831203039,56.8446524190533,41.844833917094135,5999.83900297493,7.49591469437822,61.702618680965905,0.73,728620,619612.1046848595,,1.0,6.123233995736766e-17
2015-04-01,IU_South_2,South,IU,4,2015,1.0,1.05,1.0,6.122371005454289,67.40782695632468,41.52904923172699,5144.483397995897,7.8190110115398515,61.26179423125622,0.73,681453,728619.972110542,,0.8660254037844387,-0.4999999999999998
2015-05-01,IU_South_2,South,IU,5,2015,1.0,0.95,1.0,6.655241608044582,99.10518532011713,42.43511671483979,5270.229867061117,8.1281480658483,64.36931818805337,0.73,555642,681453.4109896354,,0.49999999999999994,-0.8660254037844387
2015-06-01,IU_South_2,South,IU,6,2015,1.0,0.72,1.0,3.6431130733718033,111.71251818853314,40.99575534312366,4912.12333136515,6.077855230103839,62.3972552598054,0.73,350686,555641.5588251969,,1.2246467991473532e-16,-1.0
2015-07-01,IU_South_2,South,IU,7,2015,1.0,0.65,1.0,4.304381821750301,175.70825492698148,48.806218619165406,5691.258899222959,8.071796519911157,60.43836504687812,0.73,355816,350686.3458198133,,-0.4999999999999997,-0.8660254037844388
2015-08-01,IU_South_2,South,IU,8,2015,1.0,0.68,1.0,7.239160407256206,243.2676459381625,36.916228704967786,5807.162224528234,7.31302075371862,64.06457615834552,0.73,283352,355816.22263651656,,-0.8660254037844385,-0.5000000000000004
2015-09-01,IU_South_2,South,IU,9,2015,1.0,0.82,1.0,7.74461768677886,220.48097237548762,34.868189936690456,4899.71313993506,8.065966168691505,59.38988682713342,0.73,354058,283351.6371198752,,-1.0,-1.8369701987210297e-16
2015-10-01,IU_South_2,South,IU,10,2015,1.0,1.02,1.0,5.407415955762175,243.81984510529844,38.82072939789562,5302.340169805362,8.121545353883864,59.555291391922694,0.73,395440,354058.2188435392,,-0.8660254037844386,0.5000000000000001
2015-11-01,IU_South_2,South,IU,11,2015,1.0,1.1,1.0,6.207165977394639,220.45230226445426,35.2960352033192,4900.915414061026,8.786332048895327,59.88802391293755,0.73,407443,395440.3295303501,,-0.5000000000000004,0.8660254037844384
2015-12-01,IU_South_2,South,IU,12,2015,1.0,1.15,1.0,6.853663103482762,171.65631493050233,35.522613189982025,5102.719762362906,8.582762918096963,67.41227664066562,0.73,533056,407442.790721984,,-2.4492935982947064e-16,1.0
2016-01-01,IU_South_2,South,IU,1,2016,1.06,1.08,1.0,8.392521293770265,81.60730963280976,41.4960560374061,6727.957677101885,8.177257330088237,49.91593457605714,0.7255,746151,533055.6234104333,713424.1832639471,0.49999999999999994,0.8660254037844387
2016-02-01,IU_South_2,South,IU,2,2016,1.06,1.12,1.0,5.127447445774802,84.28672655756294,41.73343328370512,6149.933069994824,8.254936255332991,64.38239533905177,0.7255,655235,746151.3153140531,619612.1046848595,0.8660254037844386,0.5000000000000001
2016-03-01,IU_South_2,South,IU,3,2016,1.06,1.15,1.0,6.497411875405769,55.75609508415597,41.63614569414982,6344.6283197855155,7.333103187852757,62.937087256800886,0.7255,808992,655235.4815493419,728619.972110542,1.0,6.123233995736766e-17
2016-04-01,IU_South_2,South,IU,4,2016,1.06,1.05,1.0,7.161564915959971,63.3811586733532,46.05465685133623,5747.709722423758,7.125748069629472,56.07651816304752,0.7255,723960,808991.8006221012,681453.4109896354,0.8660254037844387,-0.4999999999999998
2016-05-01,IU_South_2,South,IU,5,2016,1.06,0.95,1.0,8.40442840846308,116.3430487461496,42.98143281674399,6564.145594376149,7.798253666542667,64.03890711654401,0.7255,569862,723959.6246779272,555641.5588251969,0.49999999999999994,-0.8660254037844387
2016-06-01,IU_South_2,South,IU,6,2016,1.06,0.72,1.0,9.0,203.2216748699994,43.96145627538256,6460.077006069958,7.685664761146418,64.70300796732613,0.7255,405865,569861.9990926726,350686.3458198133,1.2246467991473532e-16,-1.0
2016-07-01,IU_South_2,South,IU,7,2016,1.06,0.65,1.0,7.28705329960816,156.83839696829392,47.182698323502805,6151.968337485127,6.8527470106093915,65.1585569254296,0.7255,399004,405865.1363431929,355816.22263651656,-0.4999999999999997,-0.8660254037844388
2016-08-01,IU_South_2,South,IU,8,2016,1.06,0.68,1.0,5.872287217255034,228.60788335857154,42.20103242565572,6394.943566042936,7.423858727046614,52.1926877478202,0.7255,334293,399004.1235573504,283351.6371198752,-0.8660254037844385,-0.5000000000000004
2016-09-01,IU_South_2,South,IU,9,2016,1.06,0.82,1.0,8.043381864421379,160.80881275475016,43.70636230388583,6561.1326962266,7.071922826572324,68.26555764741775,0.7255,461886,334292.8740942269,354058.2188435392,-1.0,-1.8369701987210297e-16
2016-10-01,IU_South_2,South,IU,10,2016,1.06,1.02,1.0,9.0,243.4398166832924,45.59727995827875,6113.309332990845,6.416853673231955,59.849053181260636,0.7255,596758,461885.763935735,395440.3295303501,-0.8660254037844386,0.5000000000000001
2016-11-01,IU_South_2,South,IU,11,2016,1.06,1.1,1.0,7.690277116955222,210.9618272577542,38.67529659813934,5815.681855199249,8.132368593101079,65.5462709870127,0.7255,597080,596757.7583194699,407442.790721984,-0.5000000000000004,0.8660254037844384
2016-12-01,IU_South_2,South,IU,12,2016,1.06,1.15,1.0,6.47268191759467,149.11885240253793,37.34528347314826,7292.508494709117,7.144159394024071,65.76429512272914,0.7255,574300,597079.6824532207,533055.6234104333,-2.4492935982947064e-16,1.0
2017-01-01,IU_South_2,South,IU,1,2017,1.12,1.08,1.0,9.0,90.18199643502535,50.03835198639317,7167.847605908058,8.338966606159081,60.09321165752283,0.721,925528,574299.8080055716,746151.3153140531,0.49999999999999994,0.8660254037844387
2017-02-01,IU_South_2,South,IU,2,2017,1.12,1.12,1.0,8.796254742198123,43.90735755397975,50.476042841700696,7409.27827659358,5.399606183840134,66.2418398094062,0.721,916292,925527.5465628961,655235.4815493419,0.8660254037844386,0.5000000000000001
2017-03-01,IU_South_2,South,IU,3,2017,1.12,1.15,1.0,6.768702986965251,52.80150262558827,55.19266040455723,7907.698203786821,6.254576981725307,62.058027036350566,0.721,1036764,916292.4650115736,808991.8006221012,1.0,6.123233995736766e-17
2017-04-01,IU_South_2,South,IU,4,2017,1.12,1.05,1.0,8.457710741041211,77.23808696043247,49.47428462760043,9040.8951574344,6.726111069352697,55.314491282647374,0.721,862431,1036764.202665161,723959.6246779272,0.8660254037844387,-0.4999999999999998
2017-05-01,IU_South_2,South,IU,5,2017,1.12,0.95,1.0,9.0,91.13472316399852,51.459219151774285,6892.801420577691,7.609904878103132,68.27096770211112,0.721,817816,862430.6878820705,569861.9990926726,0.49999999999999994,-0.8660254037844387
2017-06-01,IU_South_2,South,IU,6,2017,1.12,0.72,1.0,9.0,159.90134840302076,48.413582069242075,7655.24256920461,7.019575498081748,60.49982014793504,0.721,492112,817816.1600627403,405865.1363431929,1.2246467991473532e-16,-1.0
2017-07-01,IU_South_2,South,IU,7,2017,1.12,0.65,1.0,7.920261229628653,152.9556705973985,49.89168166475526,7134.421794645333,6.9483782033446015,60.182026149047786,0.721,375650,492111.8729254416,399004.1235573504,-0.4999999999999997,-0.8660254037844388
2017-08-01,IU_South_2,South,IU,8,2017,1.12,0.68,1.0,7.5703046645848175,252.82920623302283,54.0017705252486,7210.36468596816,5.798188965956682,61.987736527853116,0.721,397615,375649.8680551958,334292.8740942269,-0.8660254037844385,-0.5000000000000004
2017-09-01,IU_South_2,South,IU,9,2017,1.12,0.82,1.0,9.0,235.24816383457537,42.62802154562309,7128.724913574625,5.774446882216423,64.68894690130955,0.721,432059,397614.9068032622,461885.763935735,-1.0,-1.8369701987210297e-16
2017-10-01,IU_South_2,South,IU,10,2017,1.12,1.02,1.0,6.547807396422938,209.5440367870274,50.24084877271504,6946.275587517417,6.958003728231924,63.37091835671159,0.721,578765,432058.6724022198,596757.7583194699,-0.8660254037844386,0.5000000000000001
2017-11-01,IU_South_2,South,IU,11,2017,1.12,1.1,1.0,8.526295149105206,177.18909076351608,55.4067601902321,7434.239210224583,5.608715204945313,65.79226769882868,0.721,807743,578765.4090456971,597079.6824532207,-0.5000000000000004,0.8660254037844384
2017-12-01,IU_South_2,South,IU,12,2017,1.12,1.15,1.0,6.355968047162685,141.1437394042573,49.84610265762803,6789.2941138559745,6.274497799768537,58.24204253388537,0.721,753989,807743.3825666521,574299.8080055716,-2.4492935982947064e-16,1.0
2018-01-01,IU_South_2,South,IU,1,2018,1.18,1.08,1.0,8.839111698491344,105.73649973538804,58.45171888969854,6773.24308190271,6.7007338632686855,61.43045451827707,0.7165,960137,753988.834094785,925527.5465628961,0.49999999999999994,0.8660254037844387
2018-02-01,IU_South_2,South,IU,2,2018,1.18,1.12,1.0,7.2510055530464275,50.91928758685343,51.612363551411676,6371.930998187388,5.514140582178579,63.93601171071387,0.7165,936054,960137.212867141,916292.4650115736,0.8660254037844386,0.5000000000000001
2018-03-01,IU_South_2,South,IU,3,2018,1.18,1.15,1.0,9.0,47.0216350132411,53.40385751750886,6537.275414778017,7.584284769889445,71.99154917063483,0.7165,1072391,936053.6615753943,1036764.202665161,1.0,6.123233995736766e-17
2018-04-01,IU_South_2,South,IU,4,2018,1.18,1.05,1.0,8.150355479406453,63.00307881588588,53.60057410716576,6137.394801596569,7.279149075390312,63.944749846344976,0.7165,1031839,1072391.2010360379,862430.6878820705,0.8660254037844387,-0.4999999999999998
2018-05-01,IU_South_2,South,IU,5,2018,1.18,0.95,1.0,6.092795895705505,83.51441163202212,46.847226761923686,6181.937906577082,5.0428640013293595,68.74088905464653,0.7165,683807,1031838.5697547424,817816.1600627403,0.49999999999999994,-0.8660254037844387
2018-06-01,IU_South_2,South,IU,6,2018,1.18,0.72,1.0,9.0,190.4249670376879,49.9954665164494,6476.583434297667,5.55410300545441,64.55422067513727,0.7165,498278,683806.6369551774,492111.8729254416,1.2246467991473532e-16,-1.0
2018-07-01,IU_South_2,South,IU,7,2018,1.18,0.65,1.0,9.0,174.39513559815975,50.20937476184804,5823.356892389747,4.47137820440404,62.465365450249735,0.7165,470652,498278.06227909325,375649.8680551958,-0.4999999999999997,-0.8660254037844388
2018-08-01,IU_South_2,South,IU,8,2018,1.18,0.68,1.0,8.619403962898879,212.84396922012553,55.96619823409758,6186.0839814863675,5.6739269099614935,63.413102303542246,0.7165,514378,470652.24877582525,397614.9068032622,-0.8660254037844385,-0.5000000000000004
2018-09-01,IU_South_2,South,IU,9,2018,1.18,0.82,1.0,6.6467547337363575,213.31345188165633,56.11645931705216,5960.353595727064,6.913110781257919,63.726321151884484,0.7165,586823,514377.7811928189,432058.6724022198,-1.0,-1.8369701987210297e-16
2018-10-01,IU_South_2,South,IU,10,2018,1.18,1.02,1.0,7.19344342655093,300.43128399398245,54.4721093281196,5946.423712206412,5.968884046180114,66.81458295584297,0.7165,504322,586823.4721574882,578765.4090456971,-0.8660254037844386,0.5000000000000001
2018-11-01,IU_South_2,South,IU,11,2018,1.18,1.1,1.0,7.735172832666732,216.58715685798447,55.97230869056712,5397.75246869083,6.668637794892774,69.89844507030622,0.7165,842113,504321.84920531104,807743.3825666521,-0.5000000000000004,0.8660254037844384
2018-12-01,IU_South_2,South,IU,12,2018,1.18,1.15,1.0,6.716207692582101,128.92667985951806,53.00755176183468,6949.876642238369,5.082132545374605,65.83872339074529,0.7165,951372,842112.8206040271,753988.834094785,-2.4492935982947064e-16,1.0
2019-01-01,IU_South_2,South,IU,1,2019,1.24,1.08,1.0,8.530815886955846,116.59347338289953,61.60579500861863,7011.0575610806545,6.5383802036655245,69.94831071496702,0.712,1005707,951372.4457185843,960137.212867141,0.49999999999999994,0.8660254037844387
2019-02-01,IU_South_2,South,IU,2,2019,1.24,1.12,1.0,6.673191766071244,65.30602772664786,58.026365327896215,7843.519224823449,5.4559126176573205,61.34084104948126,0.712,1014824,1005707.0206683553,936053.6615753943,0.8660254037844386,0.5000000000000001
2019-03-01,IU_South_2,South,IU,3,2019,1.24,1.15,1.0,3.2559823434711714,51.92940065833626,58.17359214228027,7800.956544627283,5.909735745826325,63.54147796474388,0.712,971667,1014823.9773505613,1072391.2010360379,1.0,6.123233995736766e-17
2019-04-01,IU_South_2,South,IU,4,2019,1.24,1.05,1.0,6.907226975307465,60.12161263169165,57.20322210021276,6741.300132067428,5.825700398885558,62.30278986316934,0.712,985305,971666.514313297,1031838.5697547424,0.8660254037844387,-0.4999999999999998
2019-05-01,IU_South_2,South,IU,5,2019,1.24,0.95,1.0,6.082211123819224,88.75876019564541,60.05335143290928,6830.21494394707,4.882761183286173,66.45777836349941,0.712,902730,985304.6790767311,683806.6369551774,0.49999999999999994,-0.8660254037844387
2019-06-01,IU_South_2,South,IU,6,2019,1.24,0.72,1.0,6.4100881326578625,157.59973722872851,56.73640355016126,8472.22633170991,4.977532534608175,63.76416645928235,0.712,502276,902729.6940733225,498278.06227909325,1.2246467991473532e-16,-1.0
2019-07-01,IU_South_2,South,IU,7,2019,1.24,0.65,1.0,6.05765676105716,183.6473831001323,60.929294131594204,8107.916673867066,6.674235575202741,68.11909174813678,0.712,478678,502275.98283325287,470652.24877582525,-0.4999999999999997,-0.8660254037844388
2019-08-01,IU_South_2,South,IU,8,2019,1.24,0.68,1.0,7.4684556999280245,301.07988995909017,54.60355257785198,7305.8166690022035,6.219193726001357,61.475993153470235,0.712,455603,478678.36745299975,514377.7811928189,-0.8660254037844385,-0.5000000000000004
2019-09-01,IU_South_2,South,IU,9,2019,1.24,0.82,1.0,7.843625334264058,202.40158355338357,54.703251235815415,7435.817897887658,6.740039233242742,65.37212389328513,0.712,581090,455603.08444146946,586823.4721574882,-1.0,-1.8369701987210297e-16
2019-10-01,IU_South_2,South,IU,10,2019,1.24,1.02,1.0,6.839663794710384,291.1213296099987,60.06228026537951,7036.119118673616,6.159726588402015,67.94743164404903,0.712,727596,581090.4637205731,504321.84920531104,-0.8660254037844386,0.5000000000000001
2019-11-01,IU_South_2,South,IU,11,2019,1.24,1.1,1.0,6.092826575434209,196.660434536066,57.734367356250964,7514.5587213900035,6.014392507847374,56.93878889983756,0.712,831176,727596.4716827658,842112.8206040271,-0.5000000000000004,0.8660254037844384
2019-12-01,IU_South_2,South,IU,12,2019,1.24,1.15,1.0,6.450395354228996,156.72942901547492,56.63832575154061,6997.268144674738,4.519191505066587,73.68652522932082,0.712,828735,831176.0793562625,951372.4457185843,-2.4492935982947064e-16,1.0
2020-01-01,IU_South_2,South,IU,1,2020,1.3,1.08,1.0,5.462859368113333,112.49736649944151,65.17017319742638,7378.2611290935065,5.283706642591064,64.8673924604805,0.7075,1093553,828734.7105691946,1005707.0206683553,0.49999999999999994,0.8660254037844387
2020-02-01,IU_South_2,South,IU,2,2020,1.3,1.12,1.0,4.476423780382375,57.40402898682243,60.67821575774175,7698.1202190978065,5.478092543677005,57.89984034529531,0.7075,1087479,1093553.4768078518,1014823.9773505613,0.8660254037844386,0.5000000000000001
2020-03-01,IU_South_2,South,IU,3,2020,1.3,1.15,1.0,6.1340542065056605,56.48186288523978,61.89939623709889,8302.312059560543,7.06248575861806,66.63237559430715,0.7075,1174407,1087478.9491108854,971666.514313297,1.0,6.123233995736766e-17
2020-04-01,IU_South_2,South,IU,4,2020,1.3,1.05,0.68,5.991390616852739,37.64974928478805,66.69768385021348,7783.840067051615,6.049565305678942,66.1337738718926,0.7075,836505,1174406.6470715103,985304.6790767311,0.8660254037844387,-0.4999999999999998
2020-05-01,IU_South_2,South,IU,5,2020,1.3,0.95,0.68,7.287869315952187,89.20015700167092,67.11742703743195,8262.545463816688,6.728848945367623,65.67242248171003,0.7075,729100,836504.989405109,902729.6940733225,0.49999999999999994,-0.8660254037844387
2020-06-01,IU_South_2,South,IU,6,2020,1.3,0.72,0.68,6.945759564566349,129.20858683482604,67.21719463081098,7809.222855282991,5.978030164715783,69.96476445170667,0.7075,518767,729099.7618129931,502275.98283325287,1.2246467991473532e-16,-1.0
2020-07-01,IU_South_2,South,IU,7,2020,1.3,0.65,1.0,4.616529927112023,162.39481962884716,61.65362266919826,7940.761057901883,4.930957418440417,68.98977988570823,0.7075,568192,518767.03119433793,478678.36745299975,-0.4999999999999997,-0.8660254037844388
2020-08-01,IU_South_2,South,IU,8,2020,1.3,0.68,1.0,6.423697877630937,228.9737112650263,66.1921087149534,8676.744710913716,5.593699372919881,67.19150476409538,0.7075,566859,568191.6415854313,455603.08444146946,-0.8660254037844385,-0.5000000000000004
2020-09-01,IU_South_2,South,IU,9,2020,1.3,0.82,1.0,4.2981957685068135,264.46562380681354,59.653141516693964,8404.186569465826,5.6889789170113865,67.80062253578659,0.7075,494450,566858.958566256,581090.4637205731,-1.0,-1.8369701987210297e-16
2020-10-01,IU_South_2,South,IU,10,2020,1.3,1.02,1.0,6.2744583493491985,261.5402114785313,59.779291375833814,8288.471333436773,4.748675544183454,65.58256620224765,0.7075,702764,494449.8141352185,727596.4716827658,-0.8660254037844386,0.5000000000000001
2020-11-01,IU_South_2,South,IU,11,2020,1.3,1.1,1.0,4.819402789708049,207.2263027160122,55.448632442126915,8688.354110909573,5.1924900987256635,73.10196339696019,0.7075,884299,702763.9061442745,831176.0793562625,-0.5000000000000004,0.8660254037844384
2020-12-01,IU_South_2,South,IU,12,2020,1.3,1.15,1.0,4.211435960169478,135.0218970398952,67.51860460569559,8509.094190034086,5.335386405058262,60.08321592656893,0.7075,1085547,884299.1184891039,828734.7105691946,-2.4492935982947064e-16,1.0
2021-01-01,IU_South_2,South,IU,1,2021,1.3599999999999999,1.08,1.0,5.336054411236885,105.53524656737751,64.40806045277176,7838.1331580355845,6.384495866052094,67.35860669686359,0.703,1238452,1085546.500177055,1093553.4768078518,0.49999999999999994,0.8660254037844387
2021-02-01,IU_South_2,South,IU,2,2021,1.3599999999999999,1.12,1.0,1.7905194462150313,64.5793692196827,66.62040226075882,6980.243008930655,3.435407579687217,67.06009852475512,0.703,1194762,1238452.4199141613,1087478.9491108854,0.8660254037844386,0.5000000000000001
2021-03-01,IU_South_2,South,IU,3,2021,1.3599999999999999,1.15,1.0,2.8988293107137264,57.02042125952011,64.26902697421515,6993.843936635089,6.064654736572834,70.05312162425837,0.703,1188387,1194762.1135933269,1174406.6470715103,1.0,6.123233995736766e-17
2021-04-01,IU_South_2,South,IU,4,2021,1.3599999999999999,1.05,1.0,4.78700973947086,70.78583160944702,69.08549574499042,6601.680507096364,4.350563812032494,63.4245844903004,0.703,1220282,1188386.8209222243,836504.989405109,0.8660254037844387,-0.4999999999999998
2021-05-01,IU_South_2,South,IU,5,2021,1.3599999999999999,0.95,1.0,5.098930119961811,100.45714620880943,65.87309901784798,6994.13835415488,4.002336650184308,59.82530959041385,0.703,993051,1220282.0678124502,729099.7618129931,0.49999999999999994,-0.8660254037844387
2021-06-01,IU_South_2,South,IU,6,2021,1.3599999999999999,0.72,1.0,4.556817475810173,129.81180736137173,63.08554932870115,7621.32612940857,6.043953704030771,67.42729206439277,0.703,605955,993050.7300531797,518767.03119433793,1.2246467991473532e-16,-1.0
2021-07-01,IU_South_2,South,IU,7,2021,1.3599999999999999,0.65,1.0,3.1046764415388814,180.41149532503758,68.32498769255818,7772.173994490429,5.685518455387505,67.92492196887441,0.703,557152,605954.5011016895,568191.6415854313,-0.4999999999999997,-0.8660254037844388
2021-08-01,IU_South_2,South,IU,8,2021,1.3599999999999999,0.68,1.0,4.018529789433794,217.09030650393436,62.698809925569314,7619.317002611469,6.103614961904952,72.7583976377906,0.703,562283,557151.8328699074,566858.958566256,-0.8660254037844385,-0.5000000000000004
2021-09-01,IU_South_2,South,IU,9,2021,1.3599999999999999,0.82,1.0,5.469451192684873,238.1775124781404,64.48778282405353,6379.793337025222,5.740561558036461,61.71855181469965,0.703,651530,562282.6312862636,494449.8141352185,-1.0,-1.8369701987210297e-16
2021-10-01,IU_South_2,South,IU,10,2021,1.3599999999999999,1.02,1.0,5.698138124754035,246.11575219603347,60.67933265612176,7674.5950226698,6.747876001389921,71.41877506686687,0.703,794564,651529.8585320972,702763.9061442745,-0.8660254037844386,0.5000000000000001
2021-11-01,IU_South_2,South,IU,11,2021,1.3599999999999999,1.1,1.0,4.98053225888487,221.45523170384175,62.72812566340718,6359.846296500037,5.546979069555588,76.26965745610849,0.703,936369,794563.7780889345,884299.1184891039,-0.5000000000000004,0.8660254037844384
2021-12-01,IU_South_2,South,IU,12,2021,1.3599999999999999,1.15,1.0,6.388200537244387,148.84982940715403,67.53558750916143,7591.332472827525,4.974818099101473,65.28894044991009,0.703,1111545,936368.6790579716,1085546.500177055,-2.4492935982947064e-16,1.0
2022-01-01,IU_South_2,South,IU,1,2022,1.42,1.08,1.0,5.916216256371261,100.24187181850708,65.60639188569122,7994.496963042677,4.974341101857073,62.436231122027095,0.6985,1165079,1111544.5034040571,1238452.4199141613,0.49999999999999994,0.8660254037844387
2022-02-01,IU_South_2,South,IU,2,2022,1.42,1.12,1.0,4.542393043470325,64.76024797426895,67.05656282613485,8476.139991269887,5.694775302676771,65.9721025345065,0.6985,1198436,1165078.887656553,1194762.1135933269,0.8660254037844386,0.5000000000000001
2022-03-01,IU_South_2,South,IU,3,2022,1.42,1.15,1.0,5.102737364126238,46.13071015150745,71.49289325160157,7560.398243447097,4.076499739791906,67.65601986948552,0.6985,1406208,1198436.2551072834,1188386.8209222243,1.0,6.123233995736766e-17
2022-04-01,IU_South_2,South,IU,4,2022,1.42,1.05,1.0,3.7559004395707536,54.597331878353145,69.86917931172084,8687.025434717418,4.178489133974894,69.85515150002766,0.6985,1127575,1406208.2590259197,1220282.0678124502,0.8660254037844387,-0.4999999999999998
2022-05-01,IU_South_2,South,IU,5,2022,1.42,0.95,1.0,5.309573039750479,73.66843154033936,77.47610990787793,7500.761364252452,4.452831988321673,65.2344210806478,0.6985,1188155,1127575.14238253,993050.7300531797,0.49999999999999994,-0.8660254037844387
2022-06-01,IU_South_2,South,IU,6,2022,1.42,0.72,1.0,6.773860571285785,134.35913944327035,77.00168963807313,7859.195290115722,3.0163337609877336,73.82079413658936,0.6985,954386,1188154.8619570287,605954.5011016895,1.2246467991473532e-16,-1.0
2022-07-01,IU_South_2,South,IU,7,2022,1.42,0.65,1.0,6.26168792987334,214.1943635980336,68.89623261174654,7710.857417503586,4.810462726734037,63.14187073996775,0.6985,589095,954385.8761457155,557151.8328699074,-0.4999999999999997,-0.8660254037844388
2022-08-01,IU_South_2,South,IU,8,2022,1.42,0.68,1.0,7.121751019323125,211.65594559325982,73.17141285521045,7370.571816229527,3.191097036839178,60.64317939130879,0.6985,715250,589095.0877798323,562282.6312862636,-0.8660254037844385,-0.5000000000000004
2022-09-01,IU_South_2,South,IU,9,2022,1.42,0.82,1.0,5.075877535661387,241.08223609652725,73.74784767063835,8202.537405414463,4.742447450346095,72.02684169714927,0.6985,730105,715249.706848679,651529.8585320972,-1.0,-1.8369701987210297e-16
2022-10-01,IU_South_2,South,IU,10,2022,1.42,1.02,1.0,7.054659581637289,253.15636450550525,69.70756342592679,8972.740103026284,5.392231804908199,58.501515875175194,0.6985,983907,730105.2193268252,794563.7780889345,-0.8660254037844386,0.5000000000000001
2022-11-01,IU_South_2,South,IU,11,2022,1.42,1.1,1.0,5.207374756482615,215.62068489268006,67.01337539050539,9360.107350043656,4.318498831484931,66.78348092450913,0.6985,1029543,983907.1164674122,936368.6790579716,-0.5000000000000004,0.8660254037844384
2022-12-01,IU_South_2,South,IU,12,2022,1.42,1.15,1.0,7.205241927304051,125.71051082626416,71.46310465207583,8203.720104188464,6.0416926961494966,80.07072451683219,0.6985,1425752,1029542.6963167555,1111544.5034040571,-2.4492935982947064e-16,1.0
2023-01-01,IU_South_2,South,IU,1,2023,1.48,1.08,1.0,6.473771903069451,114.95589034680462,75.48146297555766,9635.326896807901,3.1315992804652097,68.35182578816028,0.694,1379446,1425752.4337824192,1165078.887656553,0.49999999999999994,0.8660254037844387
2023-02-01,IU_South_2,South,IU,2,2023,1.48,1.12,1.0,7.348677648565132,74.11812938694693,74.69270650908814,9237.262910095358,5.253008545305466,63.91692939721501,0.694,1536596,1379445.9193598938,1198436.2551072834,0.8660254037844386,0.5000000000000001
2023-03-01,IU_South_2,South,IU,3,2023,1.48,1.15,1.0,8.270134837171828,41.526126070860805,77.32695060449346,9357.317760673212,4.840109645125536,68.17041014485284,0.694,1678851,1536595.5828845212,1406208.2590259197,1.0,6.123233995736766e-17
2023-04-01,IU_South_2,South,IU,4,2023,1.48,1.05,1.0,6.267886845702553,55.563084919882506,73.7478111789832,8978.85343002026,2.9271734013514488,68.19679684552187,0.694,1597725,1678850.7410089697,1127575.14238253,0.8660254037844387,-0.4999999999999998
2023-05-01,IU_South_2,South,IU,5,2023,1.48,0.95,1.0,6.762066785053009,117.86636024719289,72.54400735726257,9220.604939467687,6.4686354392324255,69.04259976141248,0.694,1118196,1597724.6172162613,1188154.8619570287,0.49999999999999994,-0.8660254037844387
2023-06-01,IU_South_2,South,IU,6,2023,1.48,0.72,1.0,8.046636110247563,146.69579577175574,76.3272489110495,9374.685740100409,4.2490037715968265,71.04905192863849,0.694,946898,1118196.1960364343,954385.8761457155,1.2246467991473532e-16,-1.0
2023-07-01,IU_South_2,South,IU,7,2023,1.48,0.65,1.0,6.340396203283924,133.40666157644446,77.15791027770663,8872.513445033166,3.5980127822754944,64.24355532652905,0.694,857779,946897.6368214048,589095.0877798323,-0.4999999999999997,-0.8660254037844388
2023-08-01,IU_South_2,South,IU,8,2023,1.48,0.68,1.0,4.914929260992607,186.92731041737238,72.47006516829984,9097.94788807567,3.1743302441727863,75.15019222094718,0.694,670015,857779.1465713292,715249.706848679,-0.8660254037844385,-0.5000000000000004
2023-09-01,IU_South_2,South,IU,9,2023,1.48,0.82,1.0,9.0,240.64863905603195,78.78427183297325,9106.526769478645,4.1239855778722605,69.38045713749048,0.694,988493,670015.1788998271,730105.2193268252,-1.0,-1.8369701987210297e-16
2023-10-01,IU_South_2,South,IU,10,2023,1.48,1.02,1.0,5.936282642795436,195.32571353457166,70.68855658667177,9504.701815826253,4.198074502088032,71.30717618560722,0.694,1074544,988493.0898826895,983907.1164674122,-0.8660254037844386,0.5000000000000001
2023-11-01,IU_South_2,South,IU,11,2023,1.48,1.1,1.0,6.690507261125052,187.59728688090675,74.26565962385307,8653.10584579506,4.382116422831731,65.88740240097744,0.694,1339707,1074544.375134204,1029542.6963167555,-0.5000000000000004,0.8660254037844384
2023-12-01,IU_South_2,South,IU,12,2023,1.48,1.15,1.0,7.887208003341352,150.72891480788056,75.22597439140718,9109.626329154073,4.061763075020831,73.54552854798214,0.694,1392232,1339707.0136102953,1425752.4337824192,-2.4492935982947064e-16,1.0
2024-01-01,IU_South_2,South,IU,1,2024,1.54,1.08,1.0,6.8304674873023785,121.93381906052095,78.59132886204421,8887.582138046282,4.406580248092075,68.17179036474775,0.6895,1373445,1392232.0510530402,1379445.9193598938,0.49999999999999994,0.8660254037844387
2024-02-01,IU_South_2,South,IU,2,2024,1.54,1.12,1.0,6.351218675913264,60.635353557660004,78.80481857934642,8551.00674563624,3.5898961338694027,70.31021005397413,0.6895,1648699,1373444.5610954969,1536595.5828845212,0.8660254037844386,0.5000000000000001
2024-03-01,IU_South_2,South,IU,3,2024,1.54,1.15,1.0,7.865144927909621,58.044063496795694,86.11322344692434,8634.310248972486,2.352028706207623,65.46757569125157,0.6895,2009007,1648699.4370252234,1678850.7410089697,1.0,6.123233995736766e-17
2024-04-01,IU_South_2,South,IU,4,2024,1.54,1.05,1.0,5.408968494284954,76.98442432379827,77.9473477328833,8038.174005052683,3.780510803480287,65.2122734943915,0.6895,1495161,2009007.358656364,1597724.6172162613,0.8660254037844387,-0.4999999999999998
2024-05-01,IU_South_2,South,IU,5,2024,1.54,0.95,1.0,7.215172879538317,121.51464504028114,87.82366516741574,8171.628580631278,2.0060178773013773,71.95282122581153,0.6895,1435149,1495161.176768793,1118196.1960364343,0.49999999999999994,-0.8660254037844387
2024-06-01,IU_South_2,South,IU,6,2024,1.54,0.72,1.0,7.854706568958308,156.40697835117527,81.81138033919315,8478.185951988884,4.183016504713112,67.42557267917046,0.6895,893867,1435149.1199656925,946897.6368214048,1.2246467991473532e-16,-1.0
2024-07-01,IU_South_2,South,IU,7,2024,1.54,0.65,1.0,7.236717895589624,141.10132556483077,80.77616541193598,8729.294665261486,3.1165598157738916,65.7847076499825,0.6895,917478,893867.255440921,857779.1465713292,-0.4999999999999997,-0.8660254037844388
2024-08-01,IU_South_2,South,IU,8,2024,1.54,0.68,1.0,5.708519039956925,252.9573904520602,81.928721060163,7148.958366175269,4.030688283932641,66.62726663189189,0.6895,833504,917477.5152323092,670015.1788998271,-0.8660254037844385,-0.5000000000000004
2024-09-01,IU_South_2,South,IU,9,2024,1.54,0.82,1.0,9.0,289.31499579300777,88.08978324775586,7435.2310888001375,4.951259985219683,71.9958122868697,0.6895,1032707,833503.5081608981,988493.0898826895,-1.0,-1.8369701987210297e-16
2024-10-01,IU_South_2,South,IU,10,2024,1.54,1.02,1.0,7.684905956518832,233.72543791537188,77.51922098820566,8616.42952260376,3.1410010437855997,66.68384855518556,0.6895,1205437,1032707.4719600306,1074544.375134204,-0.8660254037844386,0.5000000000000001
2024-11-01,IU_South_2,South,IU,11,2024,1.54,1.1,1.0,9.0,252.33751610225744,77.13874624319084,7902.579466876607,4.7490050068096945,68.72938027359135,0.6895,1319052,1205436.7248599993,1339707.0136102953,-0.5000000000000004,0.8660254037844384
2024-12-01,IU_South_2,South,IU,12,2024,1.54,1.15,1.0,7.248616671563287,169.34625513301782,78.23540141028424,7724.905321806433,3.5532883466510774,69.26011100114839,0.6895,1519066,1319051.9916375196,1392232.0510530402,-2.4492935982947064e-16,1.0
2025-01-01,IU_South_2,South,IU,1,2025,1.6,1.08,1.0,6.943985621971083,108.52410065729177,85.09642944089369,8435.627555851432,4.902555841652468,62.330604455958806,0.6849999999999999,1790120,1519066.4029561263,1373444.5610954969,0.49999999999999994,0.8660254037844387
2025-02-01,IU_South_2,South,IU,2,2025,1.6,1.12,1.0,8.323017104306192,73.72852621240256,79.82268662556228,8750.242484304603,3.207877909441429,64.11549437850593,0.6849999999999999,1895208,1790120.2406958486,1648699.4370252234,0.8660254037844386,0.5000000000000001
2025-03-01,IU_South_2,South,IU,3,2025,1.6,1.15,1.0,7.7410554484061365,52.50027388445658,85.06701771795582,8368.933822458732,2.827605611594647,71.34511155699025,0.6849999999999999,2026755,1895207.839308178,2009007.358656364,1.0,6.123233995736766e-17
2025-04-01,IU_South_2,South,IU,4,2025,1.6,1.05,1.0,6.58668625041037,39.69178167461493,90.08064140024102,9940.992422729067,4.049790760316231,67.05188255538921,0.6849999999999999,1816313,2026755.2001910831,1495161.176768793,0.8660254037844387,-0.4999999999999998
2025-05-01,IU_South_2,South,IU,5,2025,1.6,0.95,1.0,9.0,92.51291572794452,85.45422217187433,8989.903776608195,3.1513682163010914,74.22689964512168,0.6849999999999999,1620283,1816312.9160031565,1435149.1199656925,0.49999999999999994,-0.8660254037844387
2025-06-01,IU_South_2,South,IU,6,2025,1.6,0.72,1.0,7.253275732527205,176.93628061307672,84.12194362307417,8973.92225620623,2.826840388696793,73.86722841700218,0.6849999999999999,1013245,1620283.1244144333,893867.255440921,1.2246467991473532e-16,-1.0
2025-07-01,IU_South_2,South,IU,7,2025,1.6,0.65,1.0,5.7916803382453175,175.7722597970511,83.14551865394911,9264.634503824976,3.117728119436967,72.87667466542175,0.6849999999999999,829098,1013244.6504049423,917477.5152323092,-0.4999999999999997,-0.8660254037844388
2025-08-01,IU_South_2,South,IU,8,2025,1.6,0.68,1.0,9.0,228.6714160118746,87.6955351136547,9433.05532616941,3.464314774253599,77.27908714925039,0.6849999999999999,950848,829098.2058810911,833503.5081608981,-0.8660254037844385,-0.5000000000000004
2025-09-01,IU_South_2,South,IU,9,2025,1.6,0.82,1.0,7.394842381024852,210.81863822863482,82.52250168028586,9425.64967044904,4.573744104995884,69.66764268902726,0.6849999999999999,1072705,950848.0743580086,1032707.4719600306,-1.0,-1.8369701987210297e-16
2025-10-01,IU_South_2,South,IU,10,2025,1.6,1.02,1.0,7.270611328861251,299.91463305793064,90.53918776179775,9483.12987475786,1.9527298036323382,72.59552770361536,0.6849999999999999,1251319,1072704.8327003696,1205436.7248599993,-0.8660254037844386,0.5000000000000001
2025-11-01,IU_South_2,South,IU,11,2025,1.6,1.1,1.0,5.881534895564031,250.44477372254045,90.80007924314307,8716.119502143567,3.5184645271603365,67.66239609361588,0.6849999999999999,1459469,1251318.9004678314,1319051.9916375196,-0.5000000000000004,0.8660254037844384
2025-12-01,IU_South_2,South,IU,12,2025,1.6,1.15,1.0,9.0,130.1129498593336,85.77025239598537,8865.959937768865,3.9999228757232346,79.8094796514749,0.6849999999999999,1876041,1459469.489762669,1519066.4029561263,-2.4492935982947064e-16,1.0
2015-01-01,IU_South_3,South,IU,1,2015,1.0,1.08,1.0,4.930668121822807,98.90339046986593,44.559856017742895,5481.153201402716,8.54848473025077,60.3052371323573,0.73,621542,,,0.49999999999999994,0.8660254037844387
2015-02-01,IU_South_3,South,IU,2,2015,1.0,1.12,1.0,6.085875083816972,55.877529509663944,33.59260045379558,6014.684289172874,8.436881577335647,60.04337529926313,0.73,539846,621541.5692558461,,0.8660254037844386,0.5000000000000001
2015-03-01,IU_South_3,South,IU,3,2015,1.0,1.15,1.0,6.552875080887919,57.61952917672667,42.279361710859234,5558.466477630131,6.494747731243652,59.84808588471218,0.73,745135,539846.0656357404,,1.0,6.123233995736766e-17
2015-04-01,IU_South_3,South,IU,4,2015,1.0,1.05,1.0,4.297077492587492,59.561471947975676,37.48141732594703,5150.122798525072,8.531362441125498,63.86577838736105,0.73,576386,745134.6049510572,,0.8660254037844387,-0.4999999999999998
2015-05-01,IU_South_3,South,IU,5,2015,1.0,0.95,1.0,8.166397424122978,77.72220755950102,44.11681394982398,5090.891597757248,7.245473198705657,62.31619120860112,0.73,656674,576386.2503515249,,0.49999999999999994,-0.8660254037844387
2015-06-01,IU_South_3,South,IU,6,2015,1.0,0.72,1.0,6.67085349501256,103.88682407243218,40.42613343649163,5304.5888257230035,7.980586412116473,60.84737587795553,0.73,426893,656674.4022956385,,1.2246467991473532e-16,-1.0
2015-07-01,IU_South_3,South,IU,7,2015,1.0,0.65,1.0,6.957623401496342,237.8254855999793,37.981284003971794,5540.41822245753,6.775027734362231,62.73205171324593,0.73,285718,426892.80309630913,,-0.4999999999999997,-0.8660254037844388
2015-08-01,IU_South_3,South,IU,8,2015,1.0,0.68,1.0,8.138631755031518,258.4881798873848,41.9885232790649,6044.293617936952,7.613583931099204,58.03389183558147,0.73,303400,285718.3863911626,,-0.8660254037844385,-0.5000000000000004
2015-09-01,IU_South_3,South,IU,9,2015,1.0,0.82,1.0,5.743828603829184,253.29900801734385,42.67956504162176,4903.959788357737,7.750978546317525,62.42111449563871,0.73,356787,303399.8366123142,,-1.0,-1.8369701987210297e-16
2015-10-01,IU_South_3,South,IU,10,2015,1.0,1.02,1.0,7.188850317060836,220.97702574697936,41.92568236857591,5363.257851922693,6.312316166464278,62.602409971378535,0.73,489231,356786.7142163979,,-0.8660254037844386,0.5000000000000001
2015-11-01,IU_South_3,South,IU,11,2015,1.0,1.1,1.0,6.368163052277677,184.13004757390618,36.910911281100816,5572.1191857184185,7.986613733075352,55.98781256257008,0.73,497160,489231.3119622343,,-0.5000000000000004,0.8660254037844384
2015-12-01,IU_South_3,South,IU,12,2015,1.0,1.15,1.0,6.279095759580897,125.79592541006377,38.54794862913374,4682.0120815393875,8.576748006270652,65.98277501748144,0.73,631364,497160.2505064808,,-2.4492935982947064e-16,1.0
2016-01-01,IU_South_3,South,IU,1,2016,1.06,1.08,1.0,6.634029306414566,93.52816533160173,44.4877814886357,6104.880772665168,6.960281643454698,59.27426517909201,0.7255,722465,631364.4016136287,621541.5692558461,0.49999999999999994,0.8660254037844387
2016-02-01,IU_South_3,South,IU,2,2016,1.06,1.12,1.0,9.0,43.23623807934233,44.37622104204982,6174.050157118766,8.18813450466241,63.16123919682574,0.7255,952603,722464.8367147811,539846.0656357404,0.8660254037844386,0.5000000000000001
2016-03-01,IU_South_3,South,IU,3,2016,1.06,1.15,1.0,7.110060123689136,44.479522598986144,46.74923642631504,6121.8133317673255,6.948245205238074,67.45764696214108,0.7255,961089,952602.8654966946,745134.6049510572,1.0,6.123233995736766e-17
2016-04-01,IU_South_3,South,IU,4,2016,1.06,1.05,1.0,8.400017268054663,60.44056232590183,38.45529630248018,6566.350295259791,7.779667624837294,66.50270703085548,0.7255,682846,961089.2668226629,576386.2503515249,0.8660254037844387,-0.4999999999999998
2016-05-01,IU_South_3,South,IU,5,2016,1.06,0.95,1.0,5.310651306813497,109.14820070785629,45.50298116366051,6407.748175724241,5.32514402723912,62.93733355427534,0.7255,454952,682845.5344361498,656674.4022956385,0.49999999999999994,-0.8660254037844387
2016-06-01,IU_South_3,South,IU,6,2016,1.06,0.72,1.0,8.976646407407564,149.1016545740993,43.63005593669008,6230.121253829584,9.03502222345077,61.35000398847172,0.7255,478106,454951.58992843295,426892.80309630913,1.2246467991473532e-16,-1.0
2016-07-01,IU_South_3,South,IU,7,2016,1.06,0.65,1.0,8.823313558928291,223.84769341626676,41.98449815084814,6672.583181948736,8.296366596194366,66.59004763430227,0.7255,329030,478106.4172853262,285718.3863911626,-0.4999999999999997,-0.8660254037844388
2016-08-01,IU_South_3,South,IU,8,2016,1.06,0.68,1.0,7.677581104136585,284.48385935598026,42.2725396666912,7255.383622940863,6.872299596597056,65.49877991123448,0.7255,291732,329029.88425381423,303399.8366123142,-0.8660254037844385,-0.5000000000000004
2016-09-01,IU_South_3,South,IU,9,2016,1.06,0.82,1.0,7.288329212414312,289.6813785184038,43.85638700644611,7217.665432533839,5.522328778684945,60.326539919823475,0.7255,362165,291731.7190988067,356786.7142163979,-1.0,-1.8369701987210297e-16
2016-10-01,IU_South_3,South,IU,10,2016,1.06,1.02,1.0,8.0406601785161,253.30111415286999,33.69674468662144,5614.752702571999,7.330422694644391,59.62042541199324,0.7255,414384,362165.1356636738,489231.3119622343,-0.8660254037844386,0.5000000000000001
2016-11-01,IU_South_3,South,IU,11,2016,1.06,1.1,1.0,9.0,200.3558803754235,42.39613128762535,6739.682482725862,5.944859562340994,54.510579273216,0.7255,626362,414384.4490964106,497160.2505064808,-0.5000000000000004,0.8660254037844384
2016-12-01,IU_South_3,South,IU,12,2016,1.06,1.15,1.0,5.444776133095639,127.93226981069493,41.87255552606112,6399.889519471322,7.45588283004599,63.416127366734344,0.7255,581777,626361.5744420828,631364.4016136287,-2.4492935982947064e-16,1.0
2017-01-01,IU_South_3,South,IU,1,2017,1.12,1.08,1.0,8.938432865088952,111.09916077068975,50.59834962796787,7522.640227317091,7.029252575331426,63.26920901992641,0.721,785698,581776.5094654185,722464.8367147811,0.49999999999999994,0.8660254037844387
2017-02-01,IU_South_3,South,IU,2,2017,1.12,1.12,1.0,6.906059237415317,79.37121714737673,46.58341995246844,7273.592957933533,5.94687746479838,68.14476549857017,0.721,821378,785697.5751945612,952602.8654966946,0.8660254037844386,0.5000000000000001
2017-03-01,IU_South_3,South,IU,3,2017,1.12,1.15,1.0,7.976097924440323,52.56579529737814,48.35465859948853,7505.735206476921,7.596773618891502,65.03622037392147,0.721,955783,821378.471790329,961089.2668226629,1.0,6.123233995736766e-17
2017-04-01,IU_South_3,South,IU,4,2017,1.12,1.05,1.0,7.702543857105605,81.62986353851677,53.626829882983905,7520.953651260089,7.344459762244939,68.93691677669077,0.721,891463,955783.2502825095,682845.5344361498,0.8660254037844387,-0.4999999999999998
2017-05-01,IU_South_3,South,IU,5,2017,1.12,0.95,1.0,7.486018090642693,77.11642437908375,51.98305455944627,7192.292032220665,7.480658669830851,60.810543088335315,0.721,731286,891463.2143833035,454951.58992843295,0.49999999999999994,-0.8660254037844387
2017-06-01,IU_South_3,South,IU,6,2017,1.12,0.72,1.0,7.987441845136725,124.03132384246032,51.70681419983036,7049.454926506349,6.707086162935116,68.15260132387047,0.721,511237,731285.7151015348,478106.4172853262,1.2246467991473532e-16,-1.0
2017-07-01,IU_South_3,South,IU,7,2017,1.12,0.65,1.0,6.638994625666651,225.65604523244787,47.50038270876745,7250.907265848912,5.567580746469035,61.48433448358138,0.721,351733,511237.0586226183,329029.88425381423,-0.4999999999999997,-0.8660254037844388
2017-08-01,IU_South_3,South,IU,8,2017,1.12,0.68,1.0,9.0,245.98230064635567,50.62909683786896,7558.236992033225,7.48229781776891,66.71038424716909,0.721,418758,351733.48106348416,291731.7190988067,-0.8660254037844385,-0.5000000000000004
2017-09-01,IU_South_3,South,IU,9,2017,1.12,0.82,1.0,5.8470277865616795,299.2668316214428,48.298306598639215,7722.368676785599,6.483702880691367,57.76496642987723,0.721,423012,418757.8259061134,362165.1356636738,-1.0,-1.8369701987210297e-16
2017-10-01,IU_South_3,South,IU,10,2017,1.12,1.02,1.0,8.64771741539401,236.05344595347853,48.41172036796919,7836.827362830746,5.588175885445865,64.54054119746476,0.721,532256,423012.0972674915,414384.4490964106,-0.8660254037844386,0.5000000000000001
2017-11-01,IU_South_3,South,IU,11,2017,1.12,1.1,1.0,7.608156976958515,173.96073732415005,50.22905603123965,7230.43481264757,7.781631492779461,55.66124823421636,0.721,717269,532255.8812796514,626361.5744420828,-0.5000000000000004,0.8660254037844384
2017-12-01,IU_South_3,South,IU,12,2017,1.12,1.15,1.0,6.594890127431055,145.19415205038658,47.209019234737205,7580.550378313912,8.379526016402007,62.531450056232984,0.721,677933,717269.2180959668,581776.5094654185,-2.4492935982947064e-16,1.0
2018-01-01,IU_South_3,South,IU,1,2018,1.18,1.08,1.0,7.803520216498256,77.00974043614399,57.97900931332961,6780.305843351353,6.267001496816637,66.16141597551166,0.7165,924394,677933.2224206689,785697.5751945612,0.49999999999999994,0.8660254037844387
2018-02-01,IU_South_3,South,IU,2,2018,1.18,1.12,1.0,5.692318867732047,52.664992377516015,53.01960958120619,6871.697379787226,8.027296923682634,62.31612579507562,0.7165,1001916,924393.5846200113,821378.471790329,0.8660254037844386,0.5000000000000001
2018-03-01,IU_South_3,South,IU,3,2018,1.18,1.15,1.0,7.608316757843383,57.293329984385075,55.355081698778996,6320.704892613184,6.373051782889079,60.19824948497614,0.7165,1113264,1001915.5473094635,955783.2502825095,1.0,6.123233995736766e-17
2018-04-01,IU_South_3,South,IU,4,2018,1.18,1.05,1.0,5.853207882405956,71.69733535161207,57.8668014377719,6247.760400749543,5.995635276666919,67.78447387718374,0.7165,962085,1113263.9196538464,891463.2143833035,0.8660254037844387,-0.4999999999999998
2018-05-01,IU_South_3,South,IU,5,2018,1.18,0.95,1.0,8.114186672961218,105.44506427209114,56.59496132372553,6433.185582198746,5.795633236651618,63.98614884061231,0.7165,889211,962085.0207102282,731285.7151015348,0.49999999999999994,-0.8660254037844387
2018-06-01,IU_South_3,South,IU,6,2018,1.18,0.72,1.0,6.451431371423371,111.27575577838944,49.273242691928424,5829.811314168536,7.609665926394194,62.44171741187732,0.7165,527523,889210.763384902,511237.0586226183,1.2246467991473532e-16,-1.0
2018-07-01,IU_South_3,South,IU,7,2018,1.18,0.65,1.0,7.01946735134465,189.24789273461334,54.83468768502965,6260.05539700639,5.675884894889783,64.5675836846171,0.7165,457900,527523.3972037653,351733.48106348416,-0.4999999999999997,-0.8660254037844388
2018-08-01,IU_South_3,South,IU,8,2018,1.18,0.68,1.0,7.913399437311615,193.12682753540201,56.05215818338194,6682.243556285277,6.88821544797999,74.94667656778236,0.7165,569095,457900.1858412965,418757.8259061134,-0.8660254037844385,-0.5000000000000004
2018-09-01,IU_South_3,South,IU,9,2018,1.18,0.82,1.0,6.633609637569138,294.11999701704116,56.175589066482246,6636.055885222035,5.852668931952633,69.01401139912618,0.7165,483546,569094.9388113876,423012.0972674915,-1.0,-1.8369701987210297e-16
2018-10-01,IU_South_3,South,IU,10,2018,1.18,1.02,1.0,7.491103372177858,215.88601942703838,50.16011549765611,6225.5592550086185,5.9317545899405095,69.05029467275136,0.7165,691294,483546.41857326706,532255.8812796514,-0.8660254037844386,0.5000000000000001
2018-11-01,IU_South_3,South,IU,11,2018,1.18,1.1,1.0,5.744063570285997,167.42756867655353,51.52889428894803,6445.152867461594,7.1241997551756535,66.14218527596947,0.7165,749307,691293.8413265982,717269.2180959668,-0.5000000000000004,0.8660254037844384
2018-12-01,IU_South_3,South,IU,12,2018,1.18,1.15,1.0,8.317710896095207,150.6704137152321,56.483674707224864,5976.087023841559,5.995970522968517,65.0659410903086,0.7165,858602,749307.0739075606,677933.2224206689,-2.4492935982947064e-16,1.0
2019-01-01,IU_South_3,South,IU,1,2019,1.24,1.08,1.0,8.617896566660926,90.39768314748082,55.71471888795206,7636.571466701112,5.576163696463766,55.61567084667834,0.712,908950,858601.5289724608,924393.5846200113,0.49999999999999994,0.8660254037844387
2019-02-01,IU_South_3,South,IU,2,2019,1.24,1.12,1.0,9.0,77.50729881693651,57.10091183000706,7284.980353738438,6.806243757739846,62.48407861414748,0.712,1092673,908950.1763986646,1001915.5473094635,0.8660254037844386,0.5000000000000001
2019-03-01,IU_South_3,South,IU,3,2019,1.24,1.15,1.0,6.609401775999727,44.48891826849357,62.72762742850591,7195.821846736589,7.177917834577299,63.27770234719011,0.712,1298827,1092672.9511715765,1113263.9196538464,1.0,6.123233995736766e-17
2019-04-01,IU_South_3,South,IU,4,2019,1.24,1.05,1.0,7.445844968956624,50.09133206172607,57.85660224884563,7157.224273757827,6.415751842627387,57.70043174380987,0.712,1115757,1298826.9134216588,962085.0207102282,0.8660254037844387,-0.4999999999999998
2019-05-01,IU_South_3,South,IU,5,2019,1.24,0.95,1.0,4.363249192511013,67.70629726363725,55.81967758649847,7291.697759894914,5.376184179500841,60.57033683913827,0.712,854694,1115756.9416143722,889210.763384902,0.49999999999999994,-0.8660254037844387
2019-06-01,IU_South_3,South,IU,6,2019,1.24,0.72,1.0,8.303281191566706,149.30730369569815,55.36714792941129,7118.45505978047,5.491513200561937,57.276654116309466,0.712,576382,854694.2906619294,527523.3972037653,1.2246467991473532e-16,-1.0
2019-07-01,IU_South_3,South,IU,7,2019,1.24,0.65,1.0,7.431474205668927,183.14209658426222,58.998157988755565,7616.164366201005,5.963932210992031,65.04670465721051,0.712,572142,576382.3794757227,457900.1858412965,-0.4999999999999997,-0.8660254037844388
2019-08-01,IU_South_3,South,IU,8,2019,1.24,0.68,1.0,5.91927986605852,185.89017139957357,54.00055597456837,7142.122403392569,6.156744049540526,68.47506388339526,0.712,460754,572141.5735667002,569094.9388113876,-0.8660254037844385,-0.5000000000000004
2019-09-01,IU_South_3,South,IU,9,2019,1.24,0.82,1.0,7.984616960346811,294.5959922970919,57.257992108310745,8036.833843212173,5.109707271888183,69.62709807449731,0.712,542071,460753.6279379666,483546.41857326706,-1.0,-1.8369701987210297e-16
2019-10-01,IU_South_3,South,IU,10,2019,1.24,1.02,1.0,6.19462870802559,260.2833249189861,58.99969160497007,7979.344726566473,6.478430351663891,66.85913784831696,0.712,683384,542070.8104916671,691293.8413265982,-0.8660254037844386,0.5000000000000001
2019-11-01,IU_South_3,South,IU,11,2019,1.24,1.1,1.0,5.950369780382532,199.1534636318831,61.897449461643,6918.805429565324,5.96841066371168,61.346414635205726,0.712,854279,683384.4288448041,749307.0739075606,-0.5000000000000004,0.8660254037844384
2019-12-01,IU_South_3,South,IU,12,2019,1.24,1.15,1.0,7.07040191051299,180.6973404938445,60.00264424110999,7351.366921243027,4.527433345089497,57.471739365920165,0.712,1008003,854278.6129514124,858601.5289724608,-2.4492935982947064e-16,1.0
2020-01-01,IU_South_3,South,IU,1,2020,1.3,1.08,1.0,4.163314428423797,109.9380405009792,60.35780464605347,8000.024843426492,4.756858814031416,58.972525202393996,0.7075,903987,1008002.6894816402,908950.1763986646,0.49999999999999994,0.8660254037844387
2020-02-01,IU_South_3,South,IU,2,2020,1.3,1.12,1.0,6.665289545500117,55.57241355292503,66.03525795269115,8145.828919592905,5.096697061078669,60.92406969098201,0.7075,1172089,903987.0024762868,1092672.9511715765,0.8660254037844386,0.5000000000000001
2020-03-01,IU_South_3,South,IU,3,2020,1.3,1.15,1.0,4.172152053907967,42.20584877006925,61.60145488735757,9193.912683467937,5.441713848927156,62.444561207857305,0.7075,1130953,1172089.4573513535,1298826.9134216588,1.0,6.123233995736766e-17
2020-04-01,IU_South_3,South,IU,4,2020,1.3,1.05,0.68,4.179274080432355,71.17615241190991,58.79289093385177,8154.4131853256695,7.011423036403197,65.36100600803366,0.7075,637050,1130952.803951157,1115756.9416143722,0.8660254037844387,-0.4999999999999998
2020-05-01,IU_South_3,South,IU,5,2020,1.3,0.95,0.68,4.347712082130178,105.94550434701027,61.98387592220358,8454.922039712623,5.690537044911703,61.94334312749213,0.7075,686675,637049.6977487903,854694.2906619294,0.49999999999999994,-0.8660254037844387
2020-06-01,IU_South_3,South,IU,6,2020,1.3,0.72,0.68,6.350739873239526,153.8193247793399,66.81450760343711,8536.414905331505,4.8273824880811,67.35590357467305,0.7075,477526,686675.3547993652,576382.3794757227,1.2246467991473532e-16,-1.0
2020-07-01,IU_South_3,South,IU,7,2020,1.3,0.65,1.0,4.699209394396529,174.60506591393278,62.99572015019478,7842.537105410322,5.676504643445731,65.07090598880211,0.7075,521783,477525.63439972926,572141.5735667002,-0.4999999999999997,-0.8660254037844388
2020-08-01,IU_South_3,South,IU,8,2020,1.3,0.68,1.0,3.8217448869795767,258.17883119401216,62.53756559298936,7908.027359543637,5.218329802036895,66.0421828469641,0.7075,434642,521783.2371605343,460753.6279379666,-0.8660254037844385,-0.5000000000000004
2020-09-01,IU_South_3,South,IU,9,2020,1.3,0.82,1.0,4.712523828297221,221.6687918824769,67.41163493410856,7750.110255894126,5.759806591626833,70.56100221068482,0.7075,587941,434641.7914140277,542070.8104916671,-1.0,-1.8369701987210297e-16
2020-10-01,IU_South_3,South,IU,10,2020,1.3,1.02,1.0,5.400888983403595,232.98299514420944,58.20593545883672,7894.13349277378,5.964454149628492,61.27907306319852,0.7075,683870,587941.2009092061,683384.4288448041,-0.8660254037844386,0.5000000000000001
2020-11-01,IU_South_3,South,IU,11,2020,1.3,1.1,1.0,4.022172847822916,243.40832439160937,58.643202657841684,7010.306773835047,6.46738451777915,67.67481831316947,0.7075,747602,683869.5858121731,854278.6129514124,-0.5000000000000004,0.8660254037844384
2020-12-01,IU_South_3,South,IU,12,2020,1.3,1.15,1.0,4.0573224973789666,135.13122969427175,57.652460587099505,8537.882403384912,5.480570803463979,65.94410708609571,0.7075,982085,747602.1194131618,1008002.6894816402,-2.4492935982947064e-16,1.0
2021-01-01,IU_South_3,South,IU,1,2021,1.3599999999999999,1.08,1.0,7.533555600919501,76.40516114390708,68.11794455944016,8111.5669055377,6.411168422079866,65.46605487612122,0.703,1381582,982084.727819328,903987.0024762868,0.49999999999999994,0.8660254037844387
2021-02-01,IU_South_3,South,IU,2,2021,1.3599999999999999,1.12,1.0,3.9673215154233357,53.388136907100986,67.49947938134537,7253.699009538906,5.826418130028952,70.34102528346384,0.703,1259573,1381581.6899970633,1172089.4573513535,0.8660254037844386,0.5000000000000001
2021-03-01,IU_South_3,South,IU,3,2021,1.3599999999999999,1.15,1.0,4.612349157472392,57.45724120015717,71.62820910183933,6549.858690269195,4.53404836415025,70.31605661822803,0.703,1355685,1259572.5876517952,1130952.803951157,1.0,6.123233995736766e-17
2021-04-01,IU_South_3,South,IU,4,2021,1.3599999999999999,1.05,1.0,4.559315599040857,65.81985567101837,67.73042523141031,6897.930304667492,6.8678845325987705,63.014036816046286,0.703,1193291,1355684.552511899,637049.6977487903,0.8660254037844387,-0.4999999999999998
2021-05-01,IU_South_3,South,IU,5,2021,1.3599999999999999,0.95,1.0,4.49437183067547,98.0668393196687,65.7875285215621,6980.6850967112205,5.361595610616078,66.0713576645683,0.703,948402,1193290.7445211106,686675.3547993652,0.49999999999999994,-0.8660254037844387
2021-06-01,IU_South_3,South,IU,6,2021,1.3599999999999999,0.72,1.0,5.745616087962922,138.54538938048967,67.00538461863432,6729.266527226449,4.431900396822211,67.92484673033626,0.703,803546,948401.8474290023,477525.63439972926,1.2246467991473532e-16,-1.0
2021-07-01,IU_South_3,South,IU,7,2021,1.3599999999999999,0.65,1.0,6.13777154056646,214.56079722659572,67.35312225538287,7574.261864250289,6.422330440984338,65.70797300790966,0.703,575196,803545.7207647124,521783.2371605343,-0.4999999999999997,-0.8660254037844388
2021-08-01,IU_South_3,South,IU,8,2021,1.3599999999999999,0.68,1.0,4.6328546821620895,206.46748565965183,61.984716180015496,7551.796696941369,6.7622220681587555,69.14008532915119,0.703,542814,575196.0847708638,434641.7914140277,-0.8660254037844385,-0.5000000000000004
2021-09-01,IU_South_3,South,IU,9,2021,1.3599999999999999,0.82,1.0,3.5162260560891814,261.4624588240974,75.13099493300467,6667.226369754522,5.073579789024351,67.9247680716411,0.703,596637,542813.5743029895,587941.2009092061,-1.0,-1.8369701987210297e-16
2021-10-01,IU_South_3,South,IU,10,2021,1.3599999999999999,1.02,1.0,6.529328273418684,210.6500370817705,68.55961305430573,7513.466146973848,4.697079791699522,74.13024496142404,0.703,935929,596636.8367788995,683869.5858121731,-0.8660254037844386,0.5000000000000001
2021-11-01,IU_South_3,South,IU,11,2021,1.3599999999999999,1.1,1.0,4.885590690563981,173.07021844174838,67.63002492406777,7874.245375582238,4.9621000340370705,60.67888345628084,0.703,1058254,935929.38165339,747602.1194131618,-0.5000000000000004,0.8660254037844384
2021-12-01,IU_South_3,South,IU,12,2021,1.3599999999999999,1.15,1.0,7.076386177828603,135.65653271643725,68.84549195283574,8043.33086932577,5.67178538201416,66.3102560410104,0.703,1165755,1058254.3913138786,982084.727819328,-2.4492935982947064e-16,1.0
2022-01-01,IU_South_3,South,IU,1,2022,1.42,1.08,1.0,2.7446367511419836,94.36888830274057,73.62823294175982,9449.345410388334,5.72228532402441,63.96598995395123,0.6985,1105525,1165754.569102725,1381581.6899970633,0.49999999999999994,0.8660254037844387
2022-02-01,IU_South_3,South,IU,2,2022,1.42,1.12,1.0,5.673823693760164,62.933106488766,71.0783395434927,7754.1033077502125,5.156389864690858,70.01642982175618,0.6985,1471258,1105525.4346361922,1259572.5876517952,0.8660254037844386,0.5000000000000001
2022-03-01,IU_South_3,South,IU,3,2022,1.42,1.15,1.0,7.7416674288716285,51.765918463333364,69.6062765912779,9430.899191877494,4.781378566777415,61.13131243981782,0.6985,1396069,1471257.78009078,1355684.552511899,1.0,6.123233995736766e-17
2022-04-01,IU_South_3,South,IU,4,2022,1.42,1.05,1.0,5.015422865694389,28.322511176623557,73.29835205896511,8000.607125170697,5.898409416243542,68.98525084089954,0.6985,1485765,1396069.1893741149,1193290.7445211106,0.8660254037844387,-0.4999999999999998
2022-05-01,IU_South_3,South,IU,5,2022,1.42,0.95,1.0,5.168747720218616,87.88524163379853,72.65713252159436,7893.3905450784205,4.449730821558782,65.07980627460663,0.6985,1107643,1485765.3524952636,948401.8474290023,0.49999999999999994,-0.8660254037844387
2022-06-01,IU_South_3,South,IU,6,2022,1.42,0.72,1.0,5.793953858128585,141.18967550948912,69.07032970273177,8307.182568694681,5.524735470693525,64.66335253551594,0.6985,748952,1107643.0719912078,803545.7207647124,1.2246467991473532e-16,-1.0
2022-07-01,IU_South_3,South,IU,7,2022,1.42,0.65,1.0,4.76878484555823,245.1518611582499,75.75710683410179,7898.072399657796,4.4695497613189765,61.81400718583725,0.6985,563333,748952.1601499012,575196.0847708638,-0.4999999999999997,-0.8660254037844388
2022-08-01,IU_South_3,South,IU,8,2022,1.42,0.68,1.0,5.064853509756899,198.27283626466013,72.38005610896894,8339.569863290588,5.044818366408714,65.73969621519598,0.6985,674058,563333.0151157728,542813.5743029895,-0.8660254037844385,-0.5000000000000004
2022-09-01,IU_South_3,South,IU,9,2022,1.42,0.82,1.0,5.033961715190495,256.1048731787467,73.68945808680289,7565.965265517866,4.609149948167638,71.93800212116369,0.6985,835973,674058.3901539885,596636.8367788995,-1.0,-1.8369701987210297e-16
2022-10-01,IU_South_3,South,IU,10,2022,1.42,1.02,1.0,4.686434946908531,289.6617357623845,75.67576266303976,8052.561329071106,4.65531825387775,67.49924526588208,0.6985,901337,835973.1116208213,935929.38165339,-0.8660254037844386,0.5000000000000001
2022-11-01,IU_South_3,South,IU,11,2022,1.42,1.1,1.0,6.9139676884608505,160.61094410158182,71.56566646349451,8738.512005462408,4.398090786030231,70.1107216714979,0.6985,1144835,901337.0069785551,1058254.3913138786,-0.5000000000000004,0.8660254037844384
2022-12-01,IU_South_3,South,IU,12,2022,1.42,1.15,1.0,5.992633466975901,158.86444258194908,72.45085602095234,8134.322418855631,5.775883224944555,74.25856728786509,0.6985,1322501,1144834.6463474114,1165754.569102725,-2.4492935982947064e-16,1.0
2023-01-01,IU_South_3,South,IU,1,2023,1.48,1.08,1.0,6.800753878523962,87.9659224909822,78.43008171551836,9196.538427060463,3.7136591695131718,69.45502233929031,0.694,1472425,1322500.9970047947,1105525.4346361922,0.49999999999999994,0.8660254037844387
2023-02-01,IU_South_3,South,IU,2,2023,1.48,1.12,1.0,7.47028520826814,58.59858502648765,73.82541674859985,9346.686695150305,3.7078141979610333,66.16480171175064,0.694,1708618,1472425.3617463305,1471257.78009078,0.8660254037844386,0.5000000000000001
2023-03-01,IU_South_3,South,IU,3,2023,1.48,1.15,1.0,6.18277300015584,43.97666874535014,76.162154988538,9659.618056220463,5.9967948526760875,70.26900886073116,0.694,1709099,1708617.5122289928,1396069.1893741149,1.0,6.123233995736766e-17
2023-04-01,IU_South_3,South,IU,4,2023,1.48,1.05,1.0,5.57095541797652,56.43777549770061,76.37664575995345,8387.96920254227,5.082278051723465,66.22281541474284,0.694,1224882,1709098.8370350979,1485765.3524952636,0.8660254037844387,-0.4999999999999998
2023-05-01,IU_South_3,South,IU,5,2023,1.48,0.95,1.0,5.776850834462531,140.82868221859738,73.13182434494982,9395.856146354361,2.3919090410455706,66.38230926681133,0.694,1025904,1224881.7619743391,1107643.0719912078,0.49999999999999994,-0.8660254037844387
2023-06-01,IU_South_3,South,IU,6,2023,1.48,0.72,1.0,6.502139649325531,169.00025712161246,82.95291036602164,9012.157710368723,3.847793008631677,62.320428801524066,0.694,945897,1025904.4060754201,748952.1601499012,1.2246467991473532e-16,-1.0
2023-07-01,IU_South_3,South,IU,7,2023,1.48,0.65,1.0,5.228945949952518,233.0521358535863,71.7781196695228,9207.807375917842,2.8504085299503563,72.10502996433758,0.694,614150,945896.6667248231,563333.0151157728,-0.4999999999999997,-0.8660254037844388
2023-08-01,IU_South_3,South,IU,8,2023,1.48,0.68,1.0,5.89968678009599,254.06357670371835,72.10568828893852,9609.797899420586,3.5394474452677955,66.85598969740225,0.694,591761,614149.5829290715,674058.3901539885,-0.8660254037844385,-0.5000000000000004
2023-09-01,IU_South_3,South,IU,9,2023,1.48,0.82,1.0,5.880660029754278,189.76537043492658,79.94267972711074,8595.436329892185,1.7891882670127677,69.12839298326345,0.694,908149,591760.868655768,835973.1116208213,-1.0,-1.8369701987210297e-16
2023-10-01,IU_South_3,South,IU,10,2023,1.48,1.02,1.0,9.0,250.6197492466252,78.13979875238962,8677.130324378126,4.190408337844846,64.25615228557345,0.694,1022344,908148.7359093709,901337.0069785551,-0.8660254037844386,0.5000000000000001
2023-11-01,IU_South_3,South,IU,11,2023,1.48,1.1,1.0,3.1714220720793,232.18788843522037,72.92210554755766,8261.876841156303,3.3864465446709504,70.14379051886189,0.694,976862,1022343.8222023513,1144834.6463474114,-0.5000000000000004,0.8660254037844384
2023-12-01,IU_South_3,South,IU,12,2023,1.48,1.15,1.0,6.28445633431324,130.79851183412,77.82186704530508,8885.698799233816,4.347924205437151,65.35223504745967,0.694,1624289,976862.4664883048,1322500.9970047947,-2.4492935982947064e-16,1.0
2024-01-01,IU_South_3,South,IU,1,2024,1.54,1.08,1.0,9.0,114.4799000074169,84.90355133499193,8625.874231943035,2.59990299289398,68.6331651131927,0.6895,1804444,1624288.9961132905,1472425.3617463305,0.49999999999999994,0.8660254037844387
2024-02-01,IU_South_3,South,IU,2,2024,1.54,1.12,1.0,7.7068735287387655,70.09542858518971,80.40921082720904,7972.915442159507,3.966329482537632,72.71130412495651,0.6895,2009018,1804444.4357342725,1708617.5122289928,0.8660254037844386,0.5000000000000001
2024-03-01,IU_South_3,South,IU,3,2024,1.54,1.15,1.0,8.464761139885132,63.89030033610253,88.29646870022374,7424.123473927914,3.568066977503738,72.36303724893013,0.6895,2188392,2009017.9084427962,1709098.8370350979,1.0,6.123233995736766e-17
2024-04-01,IU_South_3,South,IU,4,2024,1.54,1.05,1.0,7.680451749899542,59.42450237159551,75.32781456739589,7808.624241913797,5.101562372150877,69.11187970993224,0.6895,1715027,2188392.186085182,1224881.7619743391,0.8660254037844387,-0.4999999999999998
2024-05-01,IU_South_3,South,IU,5,2024,1.54,0.95,1.0,6.759860114320045,83.5358352658641,82.5814703615773,7357.641910401788,5.0290854893965,62.12747586917313,0.6895,1645615,1715027.3581334401,1025904.4060754201,0.49999999999999994,-0.8660254037844387
2024-06-01,IU_South_3,South,IU,6,2024,1.54,0.72,1.0,4.870361050369125,141.86336753911772,83.999585008663,7520.845931193545,4.528276482408226,81.17124228024257,0.6895,978038,1645614.9590473305,945896.6667248231,1.2246467991473532e-16,-1.0
2024-07-01,IU_South_3,South,IU,7,2024,1.54,0.65,1.0,7.8072069962233845,243.0671297949087,83.17403170481575,8202.14818659124,3.63870897547103,76.18343588109255,0.6895,776469,978038.4432175789,614149.5829290715,-0.4999999999999997,-0.8660254037844388
2024-08-01,IU_South_3,South,IU,8,2024,1.54,0.68,1.0,6.629932246256952,171.71171894092964,79.88693282006305,7498.936680134855,5.488304316208234,72.0906992995532,0.6895,925001,776468.7294903633,591760.868655768,-0.8660254037844385,-0.5000000000000004
2024-09-01,IU_South_3,South,IU,9,2024,1.54,0.82,1.0,6.600257684381456,172.4359106713363,79.62867555396654,8527.865114314054,2.657571777728143,66.18718487363611,0.6895,1116356,925001.0907515845,908148.7359093709,-1.0,-1.8369701987210297e-16
2024-10-01,IU_South_3,South,IU,10,2024,1.54,1.02,1.0,6.961875464604887,239.77521289240278,81.83243551326177,7995.175546098917,2.77715309634907,68.74563135319214,0.6895,1159030,1116355.9564741827,1022343.8222023513,-0.8660254037844386,0.5000000000000001
2024-11-01,IU_South_3,South,IU,11,2024,1.54,1.1,1.0,9.0,186.72232121677533,82.9472634599562,8065.697293747604,3.832973520088748,67.02631828089393,0.6895,1467053,1159030.4614976484,976862.4664883048,-0.5000000000000004,0.8660254037844384
2024-12-01,IU_South_3,South,IU,12,2024,1.54,1.15,1.0,9.0,150.17387759645294,82.30742030884709,7901.911841549016,5.703230487136896,74.25542375638555,0.6895,1711614,1467053.2107971502,1624288.9961132905,-2.4492935982947064e-16,1.0
2025-01-01,IU_South_3,South,IU,1,2025,1.6,1.08,1.0,8.260649525034081,114.17967656853799,88.12017367238016,9347.781527344128,3.33812887450393,71.05001156340734,0.6849999999999999,1872603,1711613.6598299125,1804444.4357342725,0.49999999999999994,0.8660254037844387
2025-02-01,IU_South_3,South,IU,2,2025,1.6,1.12,1.0,7.442279331305927,58.14273570025418,81.94339012879979,9352.421949499107,3.3534038054325745,66.86334456656067,0.6849999999999999,1959259,1872602.8974881615,2009017.9084427962,0.8660254037844386,0.5000000000000001
2025-03-01,IU_South_3,South,IU,3,2025,1.6,1.15,1.0,6.587328299058548,35.95245626802035,84.3166870626291,9150.774458359929,2.3464717151105523,68.11697960350087,0.6849999999999999,1845539,1959258.8711837176,2188392.186085182,1.0,6.123233995736766e-17
2025-04-01,IU_South_3,South,IU,4,2025,1.6,1.05,1.0,8.562248193855282,82.8397001669961,82.17995220362874,9254.155097657895,4.256743668216303,74.48475257027962,0.6849999999999999,1938364,1845538.6787076124,1715027.3581334401,0.8660254037844387,-0.4999999999999998
2025-05-01,IU_South_3,South,IU,5,2025,1.6,0.95,1.0,9.0,85.04157568841836,83.84166167174158,8904.559648535262,4.262541003463483,76.40039138728191,0.6849999999999999,1582180,1938364.264907739,1645614.9590473305,0.49999999999999994,-0.8660254037844387
2025-06-01,IU_South_3,South,IU,6,2025,1.6,0.72,1.0,7.703191535569812,126.1716647547278,88.04566267544291,9243.991353108524,4.131260161119928,76.11332625394498,0.6849999999999999,1131124,1582180.4279317933,978038.4432175789,1.2246467991473532e-16,-1.0
2025-07-01,IU_South_3,South,IU,7,2025,1.6,0.65,1.0,5.145204751096131,233.1116004116779,85.32395176217568,8847.95500103624,2.99662346172211,73.02812826021591,0.6849999999999999,727112,1131124.0421318198,776468.7294903633,-0.4999999999999997,-0.8660254037844388
2025-08-01,IU_South_3,South,IU,8,2025,1.6,0.68,1.0,8.804059606178628,222.95687496049914,92.8205774894493,9001.004229972534,2.9346345853015956,68.98950052478945,0.6849999999999999,1139987,727111.6927856448,925001.0907515845,-0.8660254037844385,-0.5000000000000004
2025-09-01,IU_South_3,South,IU,9,2025,1.6,0.82,1.0,9.0,247.6228805486946,85.58021910156916,8876.41031278462,2.4655021996760236,57.03394469868352,0.6849999999999999,1090129,1139987.425933586,1116355.9564741827,-1.0,-1.8369701987210297e-16
2025-10-01,IU_South_3,South,IU,10,2025,1.6,1.02,1.0,6.0969852315369835,253.73694585178816,85.1790756417392,8794.251657305815,3.567098001408747,71.18864009523288,0.6849999999999999,1140546,1090129.4674210355,1159030.4614976484,-0.8660254037844386,0.5000000000000001
2025-11-01,IU_South_3,South,IU,11,2025,1.6,1.1,1.0,8.211781020395543,232.50749309329984,85.31854875832065,8689.899691024646,2.6356741365771987,69.99268496462359,0.6849999999999999,1514380,1140545.873861376,1467053.2107971502,-0.5000000000000004,0.8660254037844384
2025-12-01,IU_South_3,South,IU,12,2025,1.6,1.15,1.0,8.541471219363318,142.49713440341014,83.0865739214202,9210.46054673595,2.558066795800569,70.55992838528542,0.6849999999999999,1815471,1514379.612554554,1711613.6598299125,-2.4492935982947064e-16,1.0
2015-01-01,IU_West_1,West,IU,1,2015,1.0,1.08,1.0,7.831049579104077,67.18260190762595,42.74658937517423,5362.252048557384,8.504180997307666,63.806800803903755,0.73,525904,,,0.49999999999999994,0.8660254037844387
2015-02-01,IU_West_1,West,IU,2,2015,1.0,1.12,1.0,5.767735168954575,44.35845805489352,43.79215051152149,5719.165858816233,9.074923280307667,61.106406334631636,0.73,469884,525904.4904730839,,0.8660254037844386,0.5000000000000001
2015-03-01,IU_West_1,West,IU,3,2015,1.0,1.15,1.0,7.3259421301858785,28.74279185373081,41.25302530195588,5543.9197960308475,7.6595039365232065,61.21156804825042,0.73,542227,469884.30674159626,,1.0,6.123233995736766e-17
2015-04-01,IU_West_1,West,IU,4,2015,1.0,1.05,1.0,5.502940803373844,39.4575079326324,44.44297721235248,5684.724492415136,6.823497209608476,65.03226282469588,0.73,528133,542226.919038511,,0.8660254037844387,-0.4999999999999998
2015-05-01,IU_West_1,West,IU,5,2015,1.0,0.95,1.0,8.879927187104911,61.69607284615821,41.13291871535992,5499.296863669547,7.063419167491045,69.0313075980078,0.73,484850,528133.1997909399,,0.49999999999999994,-0.8660254037844387
2015-06-01,IU_West_1,West,IU,6,2015,1.0,0.72,1.0,5.539530674843972,114.93278866048477,39.34282423592617,4785.325221360987,7.353527372310973,59.718413041613026,0.73,282692,484849.6039271673,,1.2246467991473532e-16,-1.0
2015-07-01,IU_West_1,West,IU,7,2015,1.0,0.65,1.0,5.4411328363056555,117.92636361280225,39.9801882685499,5521.295464217502,6.675902315762579,57.5296558295067,0.73,249065,282692.35845499864,,-0.4999999999999997,-0.8660254037844388
2015-08-01,IU_West_1,West,IU,8,2015,1.0,0.68,1.0,7.1596037761856595,118.51697564038369,39.928468695591654,5535.771756793201,6.556846878314097,68.19056309438109,0.73,292708,249064.7287846274,,-0.8660254037844385,-0.5000000000000004
2015-09-01,IU_West_1,West,IU,9,2015,1.0,0.82,1.0,6.595746117718789,119.83908864589307,38.44182603372837,5616.34784869169,9.177701769898421,54.851445649662196,0.73,339751,292708.02967766713,,-1.0,-1.8369701987210297e-16
2015-10-01,IU_West_1,West,IU,10,2015,1.0,1.02,1.0,6.892222887513121,125.40436858834198,44.895666545110664,5240.0015398140495,7.742090820757003,57.96587676698942,0.73,429382,339750.9965460535,,-0.8660254037844386,0.5000000000000001
2015-11-01,IU_West_1,West,IU,11,2015,1.0,1.1,1.0,6.772776554590782,163.77537933810146,40.888886096511,4969.218304473153,6.833493493055722,61.01256842995659,0.73,383624,429382.1887862166,,-0.5000000000000004,0.8660254037844384
2015-12-01,IU_West_1,West,IU,12,2015,1.0,1.15,1.0,5.191529361431074,102.24796097210601,40.28421542749872,5788.252667175058,8.15328285628617,55.75826612877987,0.73,430536,383623.8381115932,,-2.4492935982947064e-16,1.0
2016-01-01,IU_West_1,West,IU,1,2016,1.06,1.08,1.0,9.0,73.11274068543347,45.6648227647793,6356.877049559674,6.157323100154523,67.24859625122639,0.7255,667228,430536.20673944714,525904.4904730839,0.49999999999999994,0.8660254037844387
2016-02-01,IU_West_1,West,IU,2,2016,1.06,1.12,1.0,8.632910818846753,46.57949236245692,53.43956355021144,6557.059821458298,6.223190361703157,66.22762108202039,0.7255,631835,667227.9256242088,469884.30674159626,0.8660254037844386,0.5000000000000001
2016-03-01,IU_West_1,West,IU,3,2016,1.06,1.15,1.0,9.0,34.286537983800834,41.10482743420102,6353.342964050317,6.457566079148604,60.50082709113873,0.7255,585189,631834.530692079,542226.919038511,1.0,6.123233995736766e-17
2016-04-01,IU_West_1,West,IU,4,2016,1.06,1.05,1.0,6.926663104847312,42.62669623069849,41.964884464851174,6477.272178401932,8.423610624692026,67.91845647671099,0.7255,471564,585189.4210375766,528133.1997909399,0.8660254037844387,-0.4999999999999998
2016-05-01,IU_West_1,West,IU,5,2016,1.06,0.95,1.0,8.060488425438027,78.65416958414504,40.35828694765901,6277.8215934289365,6.897695947377301,68.5971697136153,0.7255,441727,471563.6228847487,484849.6039271673,0.49999999999999994,-0.8660254037844387
2016-06-01,IU_West_1,West,IU,6,2016,1.06,0.72,1.0,7.7975023264614505,104.2337374889834,43.80220228469354,6044.362384880827,5.14663441047801,62.34731740683974,0.7255,313890,441727.124809236,282692.35845499864,1.2246467991473532e-16,-1.0
2016-07-01,IU_West_1,West,IU,7,2016,1.06,0.65,1.0,8.91426332322163,164.54158857697365,45.23655532998208,6693.179247345945,8.068052746540474,60.99732728972797,0.7255,284991,313889.5451581399,249064.7287846274,-0.4999999999999997,-0.8660254037844388
2016-08-01,IU_West_1,West,IU,8,2016,1.06,0.68,1.0,8.952957929975364,175.87250156159828,43.10403244497677,6208.595960298296,6.854894908670114,71.83840811096991,0.7255,254966,284991.2154523707,292708.02967766713,-0.8660254037844385,-0.5000000000000004
2016-09-01,IU_West_1,West,IU,9,2016,1.06,0.82,1.0,7.7923211353295585,154.24619502623378,42.88081960554469,6553.778166402715,5.620473595297275,65.68464728833662,0.7255,353147,254966.44135634523,339750.9965460535,-1.0,-1.8369701987210297e-16
2016-10-01,IU_West_1,West,IU,10,2016,1.06,1.02,1.0,5.739118813567919,148.892163815811,44.927214599884394,6664.707099855985,6.846653209629272,63.82529861187541,0.7255,441112,353146.6998121761,429382.1887862166,-0.8660254037844386,0.5000000000000001
2016-11-01,IU_West_1,West,IU,11,2016,1.06,1.1,1.0,9.0,121.1597179483327,42.99367652551091,6215.934277978663,7.5168031172839225,68.25418378655844,0.7255,498771,441112.12431908917,383623.8381115932,-0.5000000000000004,0.8660254037844384
2016-12-01,IU_West_1,West,IU,12,2016,1.06,1.15,1.0,8.227845092207987,120.62848473584596,45.430527481548516,5938.251464532207,7.423239333226375,64.00772254001208,0.7255,540641,498771.28359515505,430536.20673944714,-2.4492935982947064e-16,1.0
2017-01-01,IU_West_1,West,IU,1,2017,1.12,1.08,1.0,7.26987555033063,63.86848027995536,52.34270304022781,8544.558849261553,8.138731983331855,61.577517656323245,0.721,617238,540640.9752946497,667227.9256242088,0.49999999999999994,0.8660254037844387
2017-02-01,IU_West_1,West,IU,2,2017,1.12,1.12,1.0,8.487850565920034,37.946915559468565,51.03109140940242,7215.3229788522385,6.0177857099440555,63.92063904195022,0.721,711957,617237.6006007312,631834.530692079,0.8660254037844386,0.5000000000000001
2017-03-01,IU_West_1,West,IU,3,2017,1.12,1.15,1.0,6.1866877418569715,35.630868009746784,51.64304004149561,7733.358044398202,6.737376096211978,67.75461714927894,0.721,671777,711956.8990950976,585189.4210375766,1.0,6.123233995736766e-17
2017-04-01,IU_West_1,West,IU,4,2017,1.12,1.05,1.0,9.0,42.48193747697317,52.25775523452016,8325.578920334236,6.140344577137263,55.631257734603146,0.721,696006,671776.8399964895,471563.6228847487,0.8660254037844387,-0.4999999999999998
2017-05-01,IU_West_1,West,IU,5,2017,1.12,0.95,1.0,6.234545906865017,71.00459882826667,49.848484480356106,7808.278809111933,5.466245684650222,62.447877042243114,0.721,542104,696005.662565027,441727.124809236,0.49999999999999994,-0.8660254037844387
2017-06-01,IU_West_1,West,IU,6,2017,1.12,0.72,1.0,7.734998609555501,130.9141527295758,48.524076921870694,7317.621059055282,7.4084218978447645,69.13222959432642,0.721,342720,542104.3935462361,313889.5451581399,1.2246467991473532e-16,-1.0
2017-07-01,IU_West_1,West,IU,7,2017,1.12,0.65,1.0,8.29334533952666,154.62664444094875,46.683240787350414,7422.61794863688,7.070615655318016,61.55252639562593,0.721,301074,342719.92047404713,284991.2154523707,-0.4999999999999997,-0.8660254037844388
2017-08-01,IU_West_1,West,IU,8,2017,1.12,0.68,1.0,9.0,161.54158556535762,47.826465509092834,7078.1470741451985,6.926942759759083,69.78443424172563,0.721,348165,301074.04884680174,254966.44135634523,-0.8660254037844385,-0.5000000000000004
2017-09-01,IU_West_1,West,IU,9,2017,1.12,0.82,1.0,8.12785361172125,134.08520370274678,47.42894340196932,7849.583715158665,7.041432154606916,69.25897527743925,0.721,369736,348164.6600859633,353146.6998121761,-1.0,-1.8369701987210297e-16
2017-10-01,IU_West_1,West,IU,10,2017,1.12,1.02,1.0,8.76195544833506,148.82390297012344,51.195016979862736,7707.64214165409,6.151621717849264,63.337883538044196,0.721,470730,369735.73172076314,441112.12431908917,-0.8660254037844386,0.5000000000000001
2017-11-01,IU_West_1,West,IU,11,2017,1.12,1.1,1.0,7.966199709860536,150.5053404919242,50.04034766378259,7221.3287048098955,5.895443930145445,61.325842780444,0.721,553932,470730.16408536426,498771.28359515505,-0.5000000000000004,0.8660254037844384
2017-12-01,IU_West_1,West,IU,12,2017,1.12,1.15,1.0,7.961376858866861,84.08307209317422,51.09027358814291,6983.841659833381,6.7301178977354885,62.450564503401466,0.721,675514,553932.3553167474,540640.9752946497,-2.4492935982947064e-16,1.0
2018-01-01,IU_West_1,West,IU,1,2018,1.18,1.08,1.0,7.663232872197778,89.8378970225696,50.018989431699545,5752.624495023708,7.228969121929291,75.05845796800574,0.7165,613187,675513.824477032,617237.6006007312,0.49999999999999994,0.8660254037844387
2018-02-01,IU_West_1,West,IU,2,2018,1.18,1.12,1.0,7.333790666756972,43.203497834310184,57.795248452723236,6791.110978684259,7.586461708362838,71.89769778773298,0.7165,762288,613187.3938329222,711956.8990950976,0.8660254037844386,0.5000000000000001
2018-03-01,IU_West_1,West,IU,3,2018,1.18,1.15,1.0,5.536775880082098,34.24912680536838,52.21905888547971,6401.3475850023715,6.936346165445946,64.90156388722696,0.7165,685159,762288.1148349345,671776.8399964895,1.0,6.123233995736766e-17
2018-04-01,IU_West_1,West,IU,4,2018,1.18,1.05,1.0,6.638671979343867,38.79938414900747,50.19995007377601,6443.922718322107,6.323339541414477,61.96738579351837,0.7165,621140,685158.8674911819,696005.662565027,0.8660254037844387,-0.4999999999999998
2018-05-01,IU_West_1,West,IU,5,2018,1.18,0.95,1.0,7.854389981113859,73.06672511911232,52.18234670553456,5976.852795334308,6.515827143519949,64.86816414232506,0.7165,623430,621140.378079266,542104.3935462361,0.49999999999999994,-0.8660254037844387
2018-06-01,IU_West_1,West,IU,6,2018,1.18,0.72,1.0,7.261714967593358,84.28257236020984,60.95129797776252,5688.603280485386,6.309275087460297,65.37530770646707,0.7165,465520,623430.3303195176,342719.92047404713,1.2246467991473532e-16,-1.0
2018-07-01,IU_West_1,West,IU,7,2018,1.18,0.65,1.0,7.373689273161533,180.16380881766975,52.336849400525296,6780.355785592604,5.479245328240458,59.42656504956259,0.7165,325379,465520.0292763895,301074.04884680174,-0.4999999999999997,-0.8660254037844388
2018-08-01,IU_West_1,West,IU,8,2018,1.18,0.68,1.0,7.172635768453363,192.68197131299718,52.52471058558722,6366.097243621122,6.319717902568434,64.72016507686105,0.7165,321637,325378.63210076094,348164.6600859633,-0.8660254037844385,-0.5000000000000004
2018-09-01,IU_West_1,West,IU,9,2018,1.18,0.82,1.0,6.52434210050164,195.09955935252466,52.92368595811097,6755.435273998298,5.232138545929205,69.68961729924692,0.7165,365667,321636.83661293157,369735.73172076314,-1.0,-1.8369701987210297e-16
2018-10-01,IU_West_1,West,IU,10,2018,1.18,1.02,1.0,6.968940818608268,127.33386588879607,53.05413884970564,6173.509770040365,6.200738219117568,57.202573275134114,0.7165,600780,365667.35305486125,470730.16408536426,-0.8660254037844386,0.5000000000000001
2018-11-01,IU_West_1,West,IU,11,2018,1.18,1.1,1.0,7.192462078513508,140.1904307173381,51.155571802596235,6240.611647605782,7.608884088477055,67.706335860549,0.7165,573920,600780.2947858883,553932.3553167474,-0.5000000000000004,0.8660254037844384
2018-12-01,IU_West_1,West,IU,12,2018,1.18,1.15,1.0,7.56683194043004,120.49902188961428,53.92963924961839,6668.163856451653,6.958287378226681,69.89919188021912,0.7165,678674,573920.4646664684,675513.824477032,-2.4492935982947064e-16,1.0
2019-01-01,IU_West_1,West,IU,1,2019,1.24,1.08,1.0,6.972054013363655,74.04967507344895,61.22678472459499,7649.556635842587,5.161504652610777,62.95777061962253,0.712,707361,678673.7679485643,613187.3938329222,0.49999999999999994,0.8660254037844387
2019-02-01,IU_West_1,West,IU,2,2019,1.24,1.12,1.0,6.283339650937113,36.63009304992199,58.942867946436124,7678.904530208531,5.8420567442861735,71.97670303276423,0.712,776372,707360.7685855919,762288.1148349345,0.8660254037844386,0.5000000000000001
2019-03-01,IU_West_1,West,IU,3,2019,1.24,1.15,1.0,5.264413693169097,30.684521847925858,54.66650410330004,7187.159436103638,5.23249895059621,62.438651750206624,0.712,799550,776371.6675353092,685158.8674911819,1.0,6.123233995736766e-17
2019-04-01,IU_West_1,West,IU,4,2019,1.24,1.05,1.0,4.822301552097461,40.18780903046098,56.966962285198875,7596.546256942742,5.849988985458232,66.96433064744161,0.712,795545,799549.6543629341,621140.378079266,0.8660254037844387,-0.4999999999999998
2019-05-01,IU_West_1,West,IU,5,2019,1.24,0.95,1.0,9.0,61.8449340882162,56.34541779969511,7819.094759464374,6.732886253219651,63.97290926134548,0.712,616450,795545.4588115711,623430.3303195176,0.49999999999999994,-0.8660254037844387
2019-06-01,IU_West_1,West,IU,6,2019,1.24,0.72,1.0,5.144221963682524,125.3903161863677,58.158818404704405,7272.852594743161,6.422406350647924,63.97201457134959,0.712,418981,616449.6384613261,465520.0292763895,1.2246467991473532e-16,-1.0
2019-07-01,IU_West_1,West,IU,7,2019,1.24,0.65,1.0,5.877649998482741,96.81133196800558,61.99135501468695,7088.930236301527,7.887315264596269,62.73080372096782,0.712,446807,418981.04186078697,325378.63210076094,-0.4999999999999997,-0.8660254037844388
2019-08-01,IU_West_1,West,IU,8,2019,1.24,0.68,1.0,7.1204003630167225,176.71932519940648,57.55335161193735,7924.2364214923955,6.853981922006057,67.99430192344808,0.712,371150,446806.8090834691,321636.83661293157,-0.8660254037844385,-0.5000000000000004
2019-09-01,IU_West_1,West,IU,9,2019,1.24,0.82,1.0,6.933032731478817,137.0462639393245,57.73553539338883,7025.499419901763,6.0632003048621534,68.5952218309258,0.712,525916,371150.2241524823,365667.35305486125,-1.0,-1.8369701987210297e-16
2019-10-01,IU_West_1,West,IU,10,2019,1.24,1.02,1.0,7.125038831073887,137.69140398224684,63.33293445645829,7603.264423701366,6.441719979306635,64.94231120169125,0.712,639946,525916.3573118194,600780.2947858883,-0.8660254037844386,0.5000000000000001
2019-11-01,IU_West_1,West,IU,11,2019,1.24,1.1,1.0,5.9687395165613895,95.00143931587817,60.62861797501498,7293.709960265914,5.738045460653332,59.7601271453109,0.712,734641,639946.4160166929,573920.4646664684,-0.5000000000000004,0.8660254037844384
2019-12-01,IU_West_1,West,IU,12,2019,1.24,1.15,1.0,6.786269684767457,93.59946720326937,59.72224384631961,6491.295472581799,4.997996602330804,66.81268066653756,0.712,763019,734640.7969163529,678673.7679485643,-2.4492935982947064e-16,1.0
2020-01-01,IU_West_1,West,IU,1,2020,1.3,1.08,1.0,5.512952225309215,83.40946284569998,68.37439484590533,8800.68765339314,6.544621262630017,67.68805743764277,0.7075,867631,763018.593009142,707360.7685855919,0.49999999999999994,0.8660254037844387
2020-02-01,IU_West_1,West,IU,2,2020,1.3,1.12,1.0,5.064782187170635,44.8227693329421,63.96943376438204,7051.786189731464,6.307193181545318,65.1331399544543,0.7075,831894,867630.6206248888,776371.6675353092,0.8660254037844386,0.5000000000000001
2020-03-01,IU_West_1,West,IU,3,2020,1.3,1.15,1.0,5.733831518345787,27.888356110304606,56.54041857406743,7399.9626929868555,5.307156628324829,73.46892514872323,0.7075,826366,831894.4502638186,799549.6543629341,1.0,6.123233995736766e-17
2020-04-01,IU_West_1,West,IU,4,2020,1.3,1.05,0.68,6.705778484321026,49.687699561451645,64.99799727364108,8530.118858794081,5.71914858954507,59.74428294039738,0.7075,603496,826365.5913071018,795545.4588115711,0.8660254037844387,-0.4999999999999998
2020-05-01,IU_West_1,West,IU,5,2020,1.3,0.95,0.68,5.412699560097789,80.55930348840059,57.72397462864405,8530.002362432931,6.492751349907845,57.13086515898573,0.7075,401314,603495.6882461864,616449.6384613261,0.49999999999999994,-0.8660254037844387
2020-06-01,IU_West_1,West,IU,6,2020,1.3,0.72,0.68,5.42068324384789,103.59191115989802,63.856016105747344,8005.9093869828885,6.177081140964816,63.07666040120932,0.7075,340077,401313.72764053586,418981.04186078697,1.2246467991473532e-16,-1.0
2020-07-01,IU_West_1,West,IU,7,2020,1.3,0.65,1.0,6.72113307007136,177.50888282631283,57.35876927761228,8359.34026366424,4.329518999000241,68.84169813636579,0.7075,337974,340076.9234577934,446806.8090834691,-0.4999999999999997,-0.8660254037844388
2020-08-01,IU_West_1,West,IU,8,2020,1.3,0.68,1.0,6.592972260002755,180.7169116722794,61.09943376880024,7153.676802427677,5.6948960171918594,61.776621450264635,0.7075,392183,337974.2671267234,371150.2241524823,-0.8660254037844385,-0.5000000000000004
2020-09-01,IU_West_1,West,IU,9,2020,1.3,0.82,1.0,7.340063557376359,187.407638935961,61.40864641117039,8610.959282039548,5.365894779609309,62.0761163258957,0.7075,511325,392182.88871530525,525916.3573118194,-1.0,-1.8369701987210297e-16
2020-10-01,IU_West_1,West,IU,10,2020,1.3,1.02,1.0,3.331863546844687,141.50142027118946,60.18964267830474,8405.196792201898,6.390400559310945,69.80408534471262,0.7075,545273,511325.4358277127,639946.4160166929,-0.8660254037844386,0.5000000000000001
2020-11-01,IU_West_1,West,IU,11,2020,1.3,1.1,1.0,6.525482848023446,148.79892910667536,61.4534440084264,8272.281039027572,6.324834191026129,67.850191691191,0.7075,683199,545272.6616466366,734640.7969163529,-0.5000000000000004,0.8660254037844384
2020-12-01,IU_West_1,West,IU,12,2020,1.3,1.15,1.0,6.161235882702794,105.31690654734875,65.59768516108166,8302.198989989776,6.554886262542436,67.5082436385136,0.7075,851779,683198.8621011149,763018.593009142,-2.4492935982947064e-16,1.0
2021-01-01,IU_West_1,West,IU,1,2021,1.3599999999999999,1.08,1.0,3.9372171226960817,73.30225582724448,64.85814126352133,7409.144056259333,4.205684529023833,69.92571567786212,0.703,773029,851779.1434024731,867630.6206248888,0.49999999999999994,0.8660254037844387
2021-02-01,IU_West_1,West,IU,2,2021,1.3599999999999999,1.12,1.0,5.301905501598614,38.683371649663094,68.63542263853162,7174.173991398431,4.472710772755009,65.09922818690846,0.703,1019950,773028.567891252,831894.4502638186,0.8660254037844386,0.5000000000000001
2021-03-01,IU_West_1,West,IU,3,2021,1.3599999999999999,1.15,1.0,6.261346097309598,34.65330431023083,64.1030510811781,6343.85470074342,5.99126594890835,65.28406370376723,0.703,1011072,1019950.3079235784,826365.5913071018,1.0,6.123233995736766e-17
2021-04-01,IU_West_1,West,IU,4,2021,1.3599999999999999,1.05,1.0,4.00500929301752,37.82800425707746,66.43150127082362,8175.529182507604,4.626683347726043,70.0391170902457,0.703,856526,1011072.4129708294,603495.6882461864,0.8660254037844387,-0.4999999999999998
2021-05-01,IU_West_1,West,IU,5,2021,1.3599999999999999,0.95,1.0,5.531074914827369,46.09925258034647,67.97151779898235,7727.540045715272,3.8828536152685533,61.4204528768752,0.703,865326,856525.6888641014,401313.72764053586,0.49999999999999994,-0.8660254037844387
2021-06-01,IU_West_1,West,IU,6,2021,1.3599999999999999,0.72,1.0,6.04562441087722,117.27405989924927,64.01041475014432,6608.954579092796,5.526077190091252,58.229120614405815,0.703,541652,865326.1896005851,340076.9234577934,1.2246467991473532e-16,-1.0
2021-07-01,IU_West_1,West,IU,7,2021,1.3599999999999999,0.65,1.0,3.7147765249622147,105.35126477353386,63.06483870126793,7031.867923258003,4.662225247787221,65.06686330548858,0.703,479344,541652.1372029555,337974.2671267234,-0.4999999999999997,-0.8660254037844388
2021-08-01,IU_West_1,West,IU,8,2021,1.3599999999999999,0.68,1.0,4.829257169065823,163.47650762323565,68.47563445173667,7080.964291402251,6.53183261624672,70.52349315626276,0.703,488125,479343.68951431056,392182.88871530525,-0.8660254037844385,-0.5000000000000004
2021-09-01,IU_West_1,West,IU,9,2021,1.3599999999999999,0.82,1.0,5.361162051970894,178.49155430095053,70.36924119802191,7672.661981901502,5.33694764319077,67.82223879594721,0.703,547921,488124.83685193985,511325.4358277127,-1.0,-1.8369701987210297e-16
2021-10-01,IU_West_1,West,IU,10,2021,1.3599999999999999,1.02,1.0,4.044642193348454,168.77082265032,66.76280494153788,6215.508656078573,5.228207429313332,70.22916601649206,0.703,712321,547920.9659166115,545272.6616466366,-0.8660254037844386,0.5000000000000001
2021-11-01,IU_West_1,West,IU,11,2021,1.3599999999999999,1.1,1.0,3.9450161610877448,130.2251868985957,65.62806128032989,6962.625957979064,4.804604886707394,58.73482275830734,0.703,757357,712321.0218056367,683198.8621011149,-0.5000000000000004,0.8660254037844384
2021-12-01,IU_West_1,West,IU,12,2021,1.3599999999999999,1.15,1.0,4.837946477764671,106.14953557178362,67.46702616306516,6394.893277470592,6.372668267141577,68.06198723329396,0.703,851120,757356.8017370903,851779.1434024731,-2.4492935982947064e-16,1.0
2022-01-01,IU_West_1,West,IU,1,2022,1.42,1.08,1.0,6.401307488504609,72.80386411180866,71.66643975629614,8031.707017876899,4.986843567911856,70.2154580185695,0.6985,998717,851120.3027180725,773028.567891252,0.49999999999999994,0.8660254037844387
2022-02-01,IU_West_1,West,IU,2,2022,1.42,1.12,1.0,6.211820629650711,47.862952570108064,72.22870762213375,7947.374598111444,4.373200385475034,62.19681030955726,0.6985,1133566,998717.1243763291,1019950.3079235784,0.8660254037844386,0.5000000000000001
2022-03-01,IU_West_1,West,IU,3,2022,1.42,1.15,1.0,4.405644553196568,42.84055083085974,63.91526469905886,8195.862330321872,4.064733034715641,71.04823036218617,0.6985,955205,1133566.0614443233,1011072.4129708294,1.0,6.123233995736766e-17
2022-04-01,IU_West_1,West,IU,4,2022,1.42,1.05,1.0,6.221941290359002,44.62469859750581,68.29268712650212,7887.806520445519,4.641221556348625,67.15392441397682,0.6985,1058629,955205.1126326773,856525.6888641014,0.8660254037844387,-0.4999999999999998
2022-05-01,IU_West_1,West,IU,5,2022,1.42,0.95,1.0,4.436212096820369,68.65329821918056,68.96430968368944,7822.039473873916,3.9178825302761546,79.885346806424,0.6985,835408,1058628.9773704892,865326.1896005851,0.49999999999999994,-0.8660254037844387
2022-06-01,IU_West_1,West,IU,6,2022,1.42,0.72,1.0,3.507136070628058,88.12704683014356,71.95260288553469,8438.845511293068,5.523101953343154,58.89105572441305,0.6985,587873,835408.0511160711,541652.1372029555,1.2246467991473532e-16,-1.0
2022-07-01,IU_West_1,West,IU,7,2022,1.42,0.65,1.0,4.998767542963502,144.89330500754647,72.0576336508668,8364.602733423813,3.2533263567806117,73.076457470699,0.6985,466216,587873.377204568,479343.68951431056,-0.4999999999999997,-0.8660254037844388
2022-08-01,IU_West_1,West,IU,8,2022,1.42,0.68,1.0,6.786903074123062,176.99599029342997,73.40854146605211,8408.129254249861,4.588388777333543,66.0233676138957,0.6985,522765,466216.43757130083,488124.83685193985,-0.8660254037844385,-0.5000000000000004
2022-09-01,IU_West_1,West,IU,9,2022,1.42,0.82,1.0,6.226492490789827,165.0962688008185,72.2727452476313,8080.394959278772,5.188106836070347,61.13139314223982,0.6985,635159,522764.6940510376,547920.9659166115,-1.0,-1.8369701987210297e-16
2022-10-01,IU_West_1,West,IU,10,2022,1.42,1.02,1.0,5.437453659372346,174.03311106254637,67.59779478883799,7902.717637998317,4.973695536087725,65.49217942574003,0.6985,740992,635158.8055359704,712321.0218056367,-0.8660254037844386,0.5000000000000001
2022-11-01,IU_West_1,West,IU,11,2022,1.42,1.1,1.0,4.93929324791091,130.03266965159344,75.84101385275518,8106.516383090305,4.126173621587464,68.70991696534986,0.6985,929970,740991.7617837407,757356.8017370903,-0.5000000000000004,0.8660254037844384
2022-12-01,IU_West_1,West,IU,12,2022,1.42,1.15,1.0,4.971625264880462,112.26618757696056,75.3157549102671,8385.522931530455,5.2282069653652385,71.74986667826016,0.6985,970114,929969.7790347609,851120.3027180725,-2.4492935982947064e-16,1.0
2023-01-01,IU_West_1,West,IU,1,2023,1.48,1.08,1.0,6.6305418870329556,77.30854360310339,72.22540812991922,8153.269457590184,3.591168489291274,75.2878571525287,0.694,1036765,970114.4627792586,998717.1243763291,0.49999999999999994,0.8660254037844387
2023-02-01,IU_West_1,West,IU,2,2023,1.48,1.12,1.0,5.217875016985006,48.92128638003498,76.99811588312255,9310.170691694402,4.282092274802552,74.08757235481738,0.694,1152272,1036765.1428535937,1133566.0614443233,0.8660254037844386,0.5000000000000001
2023-03-01,IU_West_1,West,IU,3,2023,1.48,1.15,1.0,6.082271185758444,34.60100606332063,74.21372684427095,9271.932507328174,4.821473257584285,64.53847191718202,0.694,1113139,1152272.077879622,955205.1126326773,1.0,6.123233995736766e-17
2023-04-01,IU_West_1,West,IU,4,2023,1.48,1.05,1.0,6.241316646368277,36.38527597487385,76.41659196760165,9160.788230766093,4.67033022359449,72.92065876906447,0.694,1200513,1113138.51479853,1058628.9773704892,0.8660254037844387,-0.4999999999999998
2023-05-01,IU_West_1,West,IU,5,2023,1.48,0.95,1.0,4.878710649858203,61.75848686305343,79.15993083892562,9065.629283185262,3.7599687908644253,69.9651398284835,0.694,827497,1200513.1820652604,835408.0511160711,0.49999999999999994,-0.8660254037844387
2023-06-01,IU_West_1,West,IU,6,2023,1.48,0.72,1.0,5.49386209892291,111.10590705543635,82.39031279896288,7978.06659935793,5.257995613251491,65.78158791628405,0.694,751827,827496.6610688302,587873.377204568,1.2246467991473532e-16,-1.0
2023-07-01,IU_West_1,West,IU,7,2023,1.48,0.65,1.0,6.992608149783658,185.95577103710065,78.25383311542782,8934.886354632334,4.369355657188427,67.55235762609009,0.694,544586,751826.9101702123,466216.43757130083,-0.4999999999999997,-0.8660254037844388
2023-08-01,IU_West_1,West,IU,8,2023,1.48,0.68,1.0,6.511414207929193,152.66695664671403,76.88480420533041,9938.067743012334,4.894396328751321,65.5606293622211,0.694,610192,544585.8702974947,522764.6940510376,-0.8660254037844385,-0.5000000000000004
2023-09-01,IU_West_1,West,IU,9,2023,1.48,0.82,1.0,6.12948585056794,181.62386079889757,74.98053649507511,9138.625906033254,5.523280805338597,68.54836936774583,0.694,660335,610191.9360521035,635158.8055359704,-1.0,-1.8369701987210297e-16
2023-10-01,IU_West_1,West,IU,10,2023,1.48,1.02,1.0,5.406287074954443,147.47025579361897,76.54640461303353,8994.539895623893,5.194016439019686,65.48136847082353,0.694,867274,660334.8726010094,740991.7617837407,-0.8660254037844386,0.5000000000000001
2023-11-01,IU_West_1,West,IU,11,2023,1.48,1.1,1.0,8.39221979070706,116.13107229731834,80.07931567998494,9140.428111043066,5.196103525064835,64.28802370713025,0.694,1150430,867273.9118897836,929969.7790347609,-0.5000000000000004,0.8660254037844384
2023-12-01,IU_West_1,West,IU,12,2023,1.48,1.15,1.0,5.494424942384818,91.65236728726636,75.86587372972124,9292.46811391012,4.454143943879577,70.3164765111311,0.694,1098203,1150430.4061764386,970114.4627792586,-2.4492935982947064e-16,1.0
2024-01-01,IU_West_1,West,IU,1,2024,1.54,1.08,1.0,7.862571540493906,46.75878583763274,77.84166204595705,8323.648787082828,4.535148096728408,71.71492219303855,0.6895,1232415,1098202.9285266194,1036765.1428535937,0.49999999999999994,0.8660254037844387
2024-02-01,IU_West_1,West,IU,2,2024,1.54,1.12,1.0,6.975217266091267,51.86231570726959,75.64093040345011,7924.183603551494,4.070877259651453,68.44961199963356,0.6895,1298698,1232415.3435470576,1152272.077879622,0.8660254037844386,0.5000000000000001
2024-03-01,IU_West_1,West,IU,3,2024,1.54,1.15,1.0,7.604195322945823,22.62633571013547,82.03914360223075,8218.393498049725,2.932540425777269,74.67060521574389,0.6895,1363324,1298697.9548308223,1113138.51479853,1.0,6.123233995736766e-17
2024-04-01,IU_West_1,West,IU,4,2024,1.54,1.05,1.0,8.109791862108267,41.4042165051054,81.24186437688321,8781.67253821518,4.142195034004033,68.15827765401956,0.6895,1279118,1363324.0165264318,1200513.1820652604,0.8660254037844387,-0.4999999999999998
2024-05-01,IU_West_1,West,IU,5,2024,1.54,0.95,1.0,5.916352264730358,55.98309546742944,78.56227548021312,8479.99253671729,4.105088786990772,67.98890181949785,0.6895,1067756,1279117.5165216983,827496.6610688302,0.49999999999999994,-0.8660254037844387
2024-06-01,IU_West_1,West,IU,6,2024,1.54,0.72,1.0,7.552720678795636,88.46898270495826,83.57804237712189,9080.314774108208,4.366983489217455,71.84195592938279,0.6895,851180,1067756.3063270645,751826.9101702123,1.2246467991473532e-16,-1.0
2024-07-01,IU_West_1,West,IU,7,2024,1.54,0.65,1.0,8.989534550555636,164.08106225866882,79.23466940683711,7731.633015714296,3.7976024198292837,68.67029766022665,0.6895,666654,851179.9605863289,544585.8702974947,-0.4999999999999997,-0.8660254037844388
2024-08-01,IU_West_1,West,IU,8,2024,1.54,0.68,1.0,9.0,165.74216944136464,80.09606772452561,8781.464955348474,3.290835554588919,69.53919091610457,0.6895,659160,666653.9200752336,610191.9360521035,-0.8660254037844385,-0.5000000000000004
2024-09-01,IU_West_1,West,IU,9,2024,1.54,0.82,1.0,7.4046434038736635,145.38239794086664,80.45000760010618,7671.3765390074,4.425204866540182,59.11824611752374,0.6895,856593,659160.2678530756,660334.8726010094,-1.0,-1.8369701987210297e-16
2024-10-01,IU_West_1,West,IU,10,2024,1.54,1.02,1.0,7.610677620440112,146.66263984052225,79.44714177358574,8186.284443005777,2.8493821701982016,69.2668295389519,0.6895,964493,856593.2252027708,867273.9118897836,-0.8660254037844386,0.5000000000000001
2024-11-01,IU_West_1,West,IU,11,2024,1.54,1.1,1.0,9.0,120.38418310298145,81.20759519724871,8356.794115129713,5.067055308685175,61.891216250114965,0.6895,1320555,964493.2994010417,1150430.4061764386,-0.5000000000000004,0.8660254037844384
2024-12-01,IU_West_1,West,IU,12,2024,1.54,1.15,1.0,8.922569309698858,101.33375121719314,83.954545437799,7797.329940615556,3.714865551036006,64.31619771600452,0.6895,1342967,1320555.494566062,1098202.9285266194,-2.4492935982947064e-16,1.0
2025-01-01,IU_West_1,West,IU,1,2025,1.6,1.08,1.0,7.259258516893738,69.76349518483445,81.57255430564473,9039.583924862876,3.6964225376449344,64.65870984497798,0.6849999999999999,1155149,1342966.6734223804,1232415.3435470576,0.49999999999999994,0.8660254037844387
2025-02-01,IU_West_1,West,IU,2,2025,1.6,1.12,1.0,7.257219858936653,55.368084307488765,86.46556041542203,9409.707496102781,3.9468465226252576,65.8296673858647,0.6849999999999999,1311869,1155149.274399242,1298697.9548308223,0.8660254037844386,0.5000000000000001
2025-03-01,IU_West_1,West,IU,3,2025,1.6,1.15,1.0,9.0,24.226866093411697,85.51647600881932,8680.378095759093,3.9725504358753527,67.80458456147099,0.6849999999999999,1622254,1311868.562271311,1363324.0165264318,1.0,6.123233995736766e-17
2025-04-01,IU_West_1,West,IU,4,2025,1.6,1.05,1.0,6.786755443945124,42.88515728609976,85.46129148863412,9751.222556795894,2.372812560038612,68.05402953781805,0.6849999999999999,1314384,1622253.9508239103,1279117.5165216983,0.8660254037844387,-0.4999999999999998
2025-05-01,IU_West_1,West,IU,5,2025,1.6,0.95,1.0,9.0,64.78120953614788,87.61553370962227,8376.931518872145,4.159269264435411,72.6571008170285,0.6849999999999999,1413284,1314383.9745199601,1067756.3063270645,0.49999999999999994,-0.8660254037844387
2025-06-01,IU_West_1,West,IU,6,2025,1.6,0.72,1.0,8.40115995650121,116.48219247406678,85.14789227565147,9872.861149227225,3.742523062701019,70.8895512565388,0.6849999999999999,776054,1413284.328218752,851179.9605863289,1.2246467991473532e-16,-1.0
2025-07-01,IU_West_1,West,IU,7,2025,1.6,0.65,1.0,8.621264916832487,143.23828961083922,86.4406877857171,9450.59676065927,2.9917908923531127,62.39570228472806,0.6849999999999999,728971,776053.6538187416,666653.9200752336,-0.4999999999999997,-0.8660254037844388
2025-08-01,IU_West_1,West,IU,8,2025,1.6,0.68,1.0,7.6919194358239364,175.13720967205103,87.14759388871344,8959.623490651951,2.9002664392432687,70.33317855018723,0.6849999999999999,665876,728971.3322240213,659160.2678530756,-0.8660254037844385,-0.5000000000000004
2025-09-01,IU_West_1,West,IU,9,2025,1.6,0.82,1.0,7.244210234904308,178.79969774338463,83.48690439885819,8818.799304942924,3.2327575343545236,71.2730209863337,0.6849999999999999,783839,665875.8910776696,856593.2252027708,-1.0,-1.8369701987210297e-16
2025-10-01,IU_West_1,West,IU,10,2025,1.6,1.02,1.0,9.0,138.39755773641235,85.8975503824414,8771.837281743492,2.4610066507116066,68.68573393498816,0.6849999999999999,1280130,783839.2489527955,964493.2994010417,-0.8660254037844386,0.5000000000000001
2025-11-01,IU_West_1,West,IU,11,2025,1.6,1.1,1.0,7.70391526333583,160.70981612845748,84.24763717836811,8938.891961883795,4.8778139127896205,69.75645609237318,0.6849999999999999,1069539,1280129.8959962984,1320555.494566062,-0.5000000000000004,0.8660254037844384
2025-12-01,IU_West_1,West,IU,12,2025,1.6,1.15,1.0,7.506877908111366,114.21712504061975,84.60195466084032,8978.17686230248,4.688921060114676,70.76124050158823,0.6849999999999999,1333830,1069538.6007709277,1342966.6734223804,-2.4492935982947064e-16,1.0
2015-01-01,IU_West_2,West,IU,1,2015,1.0,1.08,1.0,6.97148883081727,46.781117304126994,39.19648170229507,5363.399074509068,7.842982394635254,57.89426355745646,0.73,487843,,,0.49999999999999994,0.8660254037844387
2015-02-01,IU_West_2,West,IU,2,2015,1.0,1.12,1.0,6.470994288370149,37.96824081701737,32.339106953054205,5738.8672079434555,7.336554233119867,59.969232086466455,0.73,407137,487843.23204354243,,0.8660254037844386,0.5000000000000001
2015-03-01,IU_West_2,West,IU,3,2015,1.0,1.15,1.0,7.123323947830085,39.34060094051529,35.99079272992521,5345.190398861228,8.041510563584572,61.31762934083972,0.73,478864,407137.043405778,,1.0,6.123233995736766e-17
2015-04-01,IU_West_2,West,IU,4,2015,1.0,1.05,1.0,5.107975541668054,42.74759190081419,37.36859818465773,5692.631112301404,7.4125469942111675,63.6296721386079,0.73,412629,478863.6349617168,,0.8660254037844387,-0.4999999999999998
2015-05-01,IU_West_2,West,IU,5,2015,1.0,0.95,1.0,8.487587009364269,79.86240497999678,43.29017262288785,6135.5892421777135,7.510922329660046,64.5577121687702,0.73,455430,412629.21348099154,,0.49999999999999994,-0.8660254037844387
2015-06-01,IU_West_2,West,IU,6,2015,1.0,0.72,1.0,8.809814594148225,92.51597261944436,42.06432407321281,4572.457830287261,7.701323095189243,65.57136221727718,0.73,350761,455430.40996527823,,1.2246467991473532e-16,-1.0
2015-07-01,IU_West_2,West,IU,7,2015,1.0,0.65,1.0,6.556525637311176,150.42496566617388,38.33819594847327,5865.943211315648,8.241599702987335,65.26341404031406,0.73,214486,350760.8670514059,,-0.4999999999999997,-0.8660254037844388
2015-08-01,IU_West_2,West,IU,8,2015,1.0,0.68,1.0,9.0,143.57400427628386,42.188109385389254,4814.604962265923,6.9594255980675745,63.011708816852504,0.73,316240,214486.42317694557,,-0.8660254037844385,-0.5000000000000004
2015-09-01,IU_West_2,West,IU,9,2015,1.0,0.82,1.0,6.021166482140096,145.37783734164913,42.66286889014119,6059.927146717641,7.110542501985362,63.66369063623036,0.73,336348,316239.75022722647,,-1.0,-1.8369701987210297e-16
2015-10-01,IU_West_2,West,IU,10,2015,1.0,1.02,1.0,6.980518392627536,158.3043771412638,39.51800545487583,5220.518152529846,6.964882806616628,57.63698513671101,0.73,353308,336347.723394391,,-0.8660254037844386,0.5000000000000001
2015-11-01,IU_West_2,West,IU,11,2015,1.0,1.1,1.0,8.218266876529416,122.43468316907207,35.84686556735893,4959.227557049716,7.2342418270864535,58.99589277272391,0.73,417510,353308.40179901855,,-0.5000000000000004,0.8660254037844384
2015-12-01,IU_West_2,West,IU,12,2015,1.0,1.15,1.0,5.949194647732509,78.39482111973066,39.37626306980166,5820.05082916257,8.640987406463811,65.58184089469933,0.73,504079,417510.4619167855,,-2.4492935982947064e-16,1.0
2016-01-01,IU_West_2,West,IU,1,2016,1.06,1.08,1.0,5.902801301124495,66.14039005268667,44.20632278448359,6643.876528414135,7.558180255463857,66.14883794691472,0.7255,538984,504079.455276737,487843.23204354243,0.49999999999999994,0.8660254037844387
2016-02-01,IU_West_2,West,IU,2,2016,1.06,1.12,1.0,5.626599693037196,43.79854151423979,40.802636827509325,6030.365893667304,6.195128203864926,65.69519766577768,0.7255,502815,538983.7656256229,407137.043405778,0.8660254037844386,0.5000000000000001
2016-03-01,IU_West_2,West,IU,3,2016,1.06,1.15,1.0,9.0,40.46862891862994,45.60114037878991,5916.150109274273,6.61964242752906,60.74233295337389,0.7255,676349,502815.35387626296,478863.6349617168,1.0,6.123233995736766e-17
2016-04-01,IU_West_2,West,IU,4,2016,1.06,1.05,1.0,6.925830591013288,49.16816475176553,45.33943556290706,6395.633330628973,7.398213779421122,66.44196852777478,0.7255,625266,676349.3483005533,412629.21348099154,0.8660254037844387,-0.4999999999999998
2016-05-01,IU_West_2,West,IU,5,2016,1.06,0.95,1.0,7.337776055677622,80.44342063217488,45.835128099682564,5938.160872423012,6.374793775253783,58.15502219007857,0.7255,475472,625266.1915117167,455430.40996527823,0.49999999999999994,-0.8660254037844387
2016-06-01,IU_West_2,West,IU,6,2016,1.06,0.72,1.0,6.225343277794556,113.02146972542067,45.33676929150233,6002.337162184418,6.519727967348194,67.10943923944909,0.7255,310847,475471.65073338296,350760.8670514059,1.2246467991473532e-16,-1.0
2016-07-01,IU_West_2,West,IU,7,2016,1.06,0.65,1.0,8.698667306974848,142.7853002825795,46.689529105344945,6532.029355689695,8.175967732939318,61.75651679501644,0.7255,307045,310847.4779086921,214486.42317694557,-0.4999999999999997,-0.8660254037844388
2016-08-01,IU_West_2,West,IU,8,2016,1.06,0.68,1.0,6.622788340710319,131.23103579798914,43.962015916380906,6045.3577645852565,6.60929949722145,69.53668162536253,0.7255,295258,307045.2750472154,316239.75022722647,-0.8660254037844385,-0.5000000000000004
2016-09-01,IU_West_2,West,IU,9,2016,1.06,0.82,1.0,6.971144538586235,173.8217410473495,45.10535532211286,6671.942680511995,7.863733452823509,56.71423163173806,0.7255,323153,295257.93556097185,336347.723394391,-1.0,-1.8369701987210297e-16
2016-10-01,IU_West_2,West,IU,10,2016,1.06,1.02,1.0,7.920084675079213,175.2924256847907,43.306779147263406,7150.564618147615,8.104258551624751,69.85361618367409,0.7255,420183,323152.63794729306,353308.40179901855,-0.8660254037844386,0.5000000000000001
2016-11-01,IU_West_2,West,IU,11,2016,1.06,1.1,1.0,6.283805059085134,165.73173416715687,42.74650235313415,6413.150063294788,6.513230327064829,61.35414268334615,0.7255,396611,420182.52067541046,417510.4619167855,-0.5000000000000004,0.8660254037844384
2016-12-01,IU_West_2,West,IU,12,2016,1.06,1.15,1.0,7.34636144836275,112.50021468849677,48.51474889228623,6538.567977893563,6.388029954754287,61.28208297595302,0.7255,539281,396611.0026520633,504079.455276737,-2.4492935982947064e-16,1.0
2017-01-01,IU_West_2,West,IU,1,2017,1.12,1.08,1.0,9.0,80.6519110329753,42.86869389542051,8360.96385280365,6.479094330815068,64.37935527594239,0.721,572075,539281.4825451464,538983.7656256229,0.49999999999999994,0.8660254037844387
2017-02-01,IU_West_2,West,IU,2,2017,1.12,1.12,1.0,8.513905277020235,36.43681598862757,51.63027996746279,6918.399820207875,5.8290978234611,60.811684348797215,0.721,648029,572075.0238841578,502815.35387626296,0.8660254037844386,0.5000000000000001
2017-03-01,IU_West_2,West,IU,3,2017,1.12,1.15,1.0,8.15665075091403,32.335270106644714,47.13837737366302,7988.876160859014,6.796827102802194,63.31068399479077,0.721,704917,648028.6435827325,676349.3483005533,1.0,6.123233995736766e-17
2017-04-01,IU_West_2,West,IU,4,2017,1.12,1.05,1.0,8.257837651356638,45.8866864850065,46.74988546707064,7934.706242088298,6.535478470517291,60.64949493891658,0.721,530960,704916.5715126883,625266.1915117167,0.8660254037844387,-0.4999999999999998
2017-05-01,IU_West_2,West,IU,5,2017,1.12,0.95,1.0,7.533037884828124,79.84171744557412,49.784732452196224,7837.2631256558825,6.988464012709041,60.79574587608325,0.721,472137,530959.7361299786,475471.65073338296,0.49999999999999994,-0.8660254037844387
2017-06-01,IU_West_2,West,IU,6,2017,1.12,0.72,1.0,9.0,99.77800171866453,44.53117116294699,8034.106855857364,7.817554764986257,65.5475438012023,0.721,355976,472136.9179377724,310847.4779086921,1.2246467991473532e-16,-1.0
2017-07-01,IU_West_2,West,IU,7,2017,1.12,0.65,1.0,7.025411443359119,134.31810243335727,46.55193078416139,7579.079057709059,7.353987984616255,59.99373801878594,0.721,307817,355975.7898362208,307045.2750472154,-0.4999999999999997,-0.8660254037844388
2017-08-01,IU_West_2,West,IU,8,2017,1.12,0.68,1.0,8.253111394356717,177.4727999410079,46.45258106046102,7190.50205000801,7.091391820329886,60.52722305997807,0.721,329378,307816.8173462581,295257.93556097185,-0.8660254037844385,-0.5000000000000004
2017-09-01,IU_West_2,West,IU,9,2017,1.12,0.82,1.0,8.138030679611369,141.29029390779934,48.335805225444716,7945.378304076936,5.127161269625666,58.10883500101436,0.721,402659,329378.4653731405,323152.63794729306,-1.0,-1.8369701987210297e-16
2017-10-01,IU_West_2,West,IU,10,2017,1.12,1.02,1.0,9.0,199.68195944755925,46.58758693551793,7962.599318298483,7.0547007856819,61.584277280154645,0.721,442984,402658.6401879918,420182.52067541046,-0.8660254037844386,0.5000000000000001
2017-11-01,IU_West_2,West,IU,11,2017,1.12,1.1,1.0,9.0,118.06562370060323,53.803356056917806,7950.21157869966,8.07810212856364,68.8464081188957,0.721,648639,442983.5048908688,396611.0026520633,-0.5000000000000004,0.8660254037844384
2017-12-01,IU_West_2,West,IU,12,2017,1.12,1.15,1.0,7.961577434615515,72.64558181954267,54.391049549493864,7472.8462600713365,4.291581986949186,60.21626543958813,0.721,666886,648639.201012596,539281.4825451464,-2.4492935982947064e-16,1.0
2018-01-01,IU_West_2,West,IU,1,2018,1.18,1.08,1.0,7.909459963515481,68.10268348693032,47.434019431755814,6024.892145846372,6.8515060343805,61.47346693925104,0.7165,644530,666885.792867553,572075.0238841578,0.49999999999999994,0.8660254037844387
2018-02-01,IU_West_2,West,IU,2,2018,1.18,1.12,1.0,7.954901876476558,54.09342517693719,55.132968114297206,6433.292691322594,6.1725131401948286,65.17568778592614,0.7165,712612,644529.515922973,648028.6435827325,0.8660254037844386,0.5000000000000001
2018-03-01,IU_West_2,West,IU,3,2018,1.18,1.15,1.0,4.834090185095093,36.99091096470141,56.07599031723272,6771.183184877895,5.620163997581644,62.9168142648019,0.7165,733485,712612.3382031679,704916.5715126883,1.0,6.123233995736766e-17
2018-04-01,IU_West_2,West,IU,4,2018,1.18,1.05,1.0,5.653872648806491,47.967230244623146,55.12895560717332,6808.137982409353,6.940902867129562,73.31261773339861,0.7165,659248,733484.5816451905,530959.7361299786,0.8660254037844387,-0.4999999999999998
2018-05-01,IU_West_2,West,IU,5,2018,1.18,0.95,1.0,6.834583742913456,68.42213477553257,51.525659520724915,6153.825419788801,7.667764720485865,63.74988814129498,0.7165,551998,659247.5470659033,472136.9179377724,0.49999999999999994,-0.8660254037844387
2018-06-01,IU_West_2,West,IU,6,2018,1.18,0.72,1.0,6.886741760127578,99.668624291751,52.767713313524375,6489.097480229694,6.920184583070203,65.74087338486949,0.7165,424172,551998.1665487872,355975.7898362208,1.2246467991473532e-16,-1.0
2018-07-01,IU_West_2,West,IU,7,2018,1.18,0.65,1.0,6.121521265422862,104.48384886030044,51.25517603566691,5758.229439953689,6.003046438990779,68.17507513919729,0.7165,364959,424171.5995141133,307816.8173462581,-0.4999999999999997,-0.8660254037844388
2018-08-01,IU_West_2,West,IU,8,2018,1.18,0.68,1.0,8.460159257428177,106.36292156908162,52.23920790652351,6790.407223325002,5.545224140473475,68.09831146345141,0.7165,434808,364958.6393910936,329378.4653731405,-0.8660254037844385,-0.5000000000000004
2018-09-01,IU_West_2,West,IU,9,2018,1.18,0.82,1.0,7.563202277000788,175.004944630242,49.870104913998475,5994.69073644609,6.415702107031635,65.33315032622953,0.7165,375677,434807.6639093406,402658.6401879918,-1.0,-1.8369701987210297e-16
2018-10-01,IU_West_2,West,IU,10,2018,1.18,1.02,1.0,7.3030267149156165,192.56607978010473,53.15563353509635,6700.544588779565,6.99853543390527,63.755490053256004,0.7165,510279,375676.7366848574,442983.5048908688,-0.8660254037844386,0.5000000000000001
2018-11-01,IU_West_2,West,IU,11,2018,1.18,1.1,1.0,6.053273842370957,143.02032757849256,48.99159486608479,5829.992617146796,5.9903575790130175,72.49611414551703,0.7165,526343,510279.08725222823,648639.201012596,-0.5000000000000004,0.8660254037844384
2018-12-01,IU_West_2,West,IU,12,2018,1.18,1.15,1.0,7.5072063346860745,111.54107276389583,52.899596337315586,6811.316834867672,6.067693606679362,64.00095889874294,0.7165,701406,526343.4639445959,666885.792867553,-2.4492935982947064e-16,1.0
2019-01-01,IU_West_2,West,IU,1,2019,1.24,1.08,1.0,3.347978292801666,84.1539189655233,54.254254932700704,7464.825835510098,8.15760019987072,63.43323958228608,0.712,627607,701405.6286687325,644529.515922973,0.49999999999999994,0.8660254037844387
2019-02-01,IU_West_2,West,IU,2,2019,1.24,1.12,1.0,6.304452427032991,45.236256827950506,58.62044908537421,6968.389036972225,6.762921556767781,62.61660404682393,0.712,825006,627607.2363710337,712612.3382031679,0.8660254037844386,0.5000000000000001
2019-03-01,IU_West_2,West,IU,3,2019,1.24,1.15,1.0,6.575820402569307,33.37445898843114,55.96174131717133,7631.110371486087,6.8201029427149065,58.29278718917298,0.712,778973,825005.9377041843,733484.5816451905,1.0,6.123233995736766e-17
2019-04-01,IU_West_2,West,IU,4,2019,1.24,1.05,1.0,6.790297981185798,37.81724842448309,58.871741043623615,7054.337238687452,4.73177127515295,68.48646300894866,0.712,815153,778972.8624594837,659247.5470659033,0.8660254037844387,-0.4999999999999998
2019-05-01,IU_West_2,West,IU,5,2019,1.24,0.95,1.0,4.623077883824864,88.62656814231528,61.244742185094346,7657.299766850158,5.334249056565232,55.8077264115967,0.712,556413,815152.5736533512,551998.1665487872,0.49999999999999994,-0.8660254037844387
2019-06-01,IU_West_2,West,IU,6,2019,1.24,0.72,1.0,6.76978008402977,110.05618102105132,62.76834080831412,7196.649836078526,5.959745311563392,65.17710863638032,0.712,444918,556413.135660386,424171.5995141133,1.2246467991473532e-16,-1.0
2019-07-01,IU_West_2,West,IU,7,2019,1.24,0.65,1.0,5.250282476162549,116.75052499524564,50.41598623293853,6545.528793466503,5.09908995369188,64.38055746291447,0.712,326907,444917.64522406395,364958.6393910936,-0.4999999999999997,-0.8660254037844388
2019-08-01,IU_West_2,West,IU,8,2019,1.24,0.68,1.0,5.5250362012492,132.62540042543307,55.49741771837865,6877.912691783429,7.180317839111436,74.1598607689258,0.712,387162,326906.5904639815,434807.6639093406,-0.8660254037844385,-0.5000000000000004
2019-09-01,IU_West_2,West,IU,9,2019,1.24,0.82,1.0,7.361517662987198,201.95312503668725,57.09074176866396,7126.313381090573,7.028249845272517,57.873395085145496,0.712,465511,387161.88864206214,375676.7366848574,-1.0,-1.8369701987210297e-16
2019-10-01,IU_West_2,West,IU,10,2019,1.24,1.02,1.0,8.916936468031693,135.85267068913916,59.38098345514445,7935.685060686711,5.473163730092757,61.595586852062574,0.712,564738,465510.7814840666,510279.08725222823,-0.8660254037844386,0.5000000000000001
2019-11-01,IU_West_2,West,IU,11,2019,1.24,1.1,1.0,6.561630510563216,173.8182168130453,53.04893648753641,7725.514633738002,7.3271348852859886,64.6556141652734,0.712,617423,564738.2904055907,526343.4639445959,-0.5000000000000004,0.8660254037844384
2019-12-01,IU_West_2,West,IU,12,2019,1.24,1.15,1.0,5.519485449631722,59.82611920451213,55.053722779599354,8050.737635544815,5.896598322624047,64.40988265012334,0.712,734992,617423.2474412239,701405.6286687325,-2.4492935982947064e-16,1.0
2020-01-01,IU_West_2,West,IU,1,2020,1.3,1.08,1.0,5.665744365232177,82.51047101745776,62.89107160797133,9036.956170241216,7.571511773911239,63.80182163675982,0.7075,695537,734992.3376350562,627607.2363710337,0.49999999999999994,0.8660254037844387
2020-02-01,IU_West_2,West,IU,2,2020,1.3,1.12,1.0,6.566174817219154,46.25879774397792,62.75466472458,8052.182460961868,5.6157489044200295,65.67604836239133,0.7075,886580,695537.0082380342,825005.9377041843,0.8660254037844386,0.5000000000000001
2020-03-01,IU_West_2,West,IU,3,2020,1.3,1.15,1.0,6.184536907267462,34.60483155759006,63.63285521926028,8208.001236136306,5.960954200262737,60.96174908452103,0.7075,975810,886579.9378837711,778972.8624594837,1.0,6.123233995736766e-17
2020-04-01,IU_West_2,West,IU,4,2020,1.3,1.05,0.68,8.731075275176673,41.97566339947438,63.83102718066435,8107.744357079037,6.619922752935647,67.42877151597976,0.7075,637690,975809.7245777735,815152.5736533512,0.8660254037844387,-0.4999999999999998
2020-05-01,IU_West_2,West,IU,5,2020,1.3,0.95,0.68,4.580934745306579,87.2854444556591,63.51578329934759,7990.640550642295,6.522106679846248,56.71405863168969,0.7075,471278,637689.5948391579,556413.135660386,0.49999999999999994,-0.8660254037844387
2020-06-01,IU_West_2,West,IU,6,2020,1.3,0.72,0.68,5.742017604123337,112.81800053353841,63.08096594989448,7464.147703826373,5.908585652908715,65.89692257649097,0.7075,311208,471277.6654693864,444917.64522406395,1.2246467991473532e-16,-1.0
2020-07-01,IU_West_2,West,IU,7,2020,1.3,0.65,1.0,7.2980413723220225,117.5746463785328,62.667219319979104,8286.1838499202,5.387087744444932,63.59857322294571,0.7075,448907,311208.0415507455,326906.5904639815,-0.4999999999999997,-0.8660254037844388
2020-08-01,IU_West_2,West,IU,8,2020,1.3,0.68,1.0,7.222730912642417,119.40648430496209,64.4942892691731,7714.31580585778,5.911306159994496,70.06515177102654,0.7075,468444,448906.69414530805,387161.88864206214,-0.8660254037844385,-0.5000000000000004
2020-09-01,IU_West_2,West,IU,9,2020,1.3,0.82,1.0,3.0992463163909223,174.52107893525638,55.782032000307325,8277.442976337332,4.847052662499108,73.02124428253322,0.7075,446232,468443.83907249174,465510.7814840666,-1.0,-1.8369701987210297e-16
2020-10-01,IU_West_2,West,IU,10,2020,1.3,1.02,1.0,5.435310684172202,160.8638772999061,67.1330004609137,9244.917187331122,5.621706975091293,64.67579132499857,0.7075,674384,446232.0677365098,564738.2904055907,-0.8660254037844386,0.5000000000000001
2020-11-01,IU_West_2,West,IU,11,2020,1.3,1.1,1.0,7.2207647472386185,104.99469203753961,55.886553847359025,8063.615029678961,4.612553974001604,71.56290371656573,0.7075,838309,674383.6573256733,617423.2474412239,-0.5000000000000004,0.8660254037844384
2020-12-01,IU_West_2,West,IU,12,2020,1.3,1.15,1.0,8.908111416699144,101.15247906012027,59.26251454928652,8380.46862556041,4.0752946879357586,64.73553487747836,0.7075,820559,838308.7865223015,734992.3376350562,-2.4492935982947064e-16,1.0
2021-01-01,IU_West_2,West,IU,1,2021,1.3599999999999999,1.08,1.0,5.844555060500982,62.14586674264316,66.31971761004957,7595.171450586646,5.140341411311554,62.93549390748364,0.703,852832,820559.3113640937,695537.0082380342,0.49999999999999994,0.8660254037844387
2021-02-01,IU_West_2,West,IU,2,2021,1.3599999999999999,1.12,1.0,4.55856404756422,43.17034714915439,69.01783867326952,7313.310758357127,6.109822312537338,73.78361452874248,0.703,936643,852831.786169628,886579.9378837711,0.8660254037844386,0.5000000000000001
2021-03-01,IU_West_2,West,IU,3,2021,1.3599999999999999,1.15,1.0,3.788956217075132,37.702210419406846,58.01419932760115,7318.797561546502,5.840643713276847,68.88310577893603,0.703,885984,936642.8746985234,975809.7245777735,1.0,6.123233995736766e-17
2021-04-01,IU_West_2,West,IU,4,2021,1.3599999999999999,1.05,1.0,7.662492029037018,52.76229578791677,66.9156270281745,7024.098581812833,5.034470163419513,66.81775409043925,0.703,931508,885984.1743742742,637689.5948391579,0.8660254037844387,-0.4999999999999998
2021-05-01,IU_West_2,West,IU,5,2021,1.3599999999999999,0.95,1.0,5.874489903758911,77.27066817096673,69.3771851182472,7082.834588194914,6.497591758540397,69.54870990039458,0.703,801976,931508.2461205812,471277.6654693864,0.49999999999999994,-0.8660254037844387
2021-06-01,IU_West_2,West,IU,6,2021,1.3599999999999999,0.72,1.0,3.9823196877374993,90.96195652759785,69.98355434808543,6755.174941987946,4.644750887322741,67.89686014052067,0.703,558824,801976.0988137316,311208.0415507455,1.2246467991473532e-16,-1.0
2021-07-01,IU_West_2,West,IU,7,2021,1.3599999999999999,0.65,1.0,4.756212360399463,143.52586862811557,64.90801102450763,7567.899930972702,3.565733870561581,66.52312236823393,0.703,437004,558824.4620066592,448906.69414530805,-0.4999999999999997,-0.8660254037844388
2021-08-01,IU_West_2,West,IU,8,2021,1.3599999999999999,0.68,1.0,5.372223820194445,162.4127205939622,66.09749413913491,6403.508431496126,3.35431896463923,61.49426069076801,0.703,449303,437004.46605513623,468443.83907249174,-0.8660254037844385,-0.5000000000000004
2021-09-01,IU_West_2,West,IU,9,2021,1.3599999999999999,0.82,1.0,5.652567984665741,136.03071165691202,65.15155561332212,7624.16942924446,4.1550472475234255,65.71785305135494,0.703,573143,449302.71871183446,446232.0677365098,-1.0,-1.8369701987210297e-16
2021-10-01,IU_West_2,West,IU,10,2021,1.3599999999999999,1.02,1.0,3.920457610945052,170.50046208639955,65.82197603942174,6555.515403837109,5.753299794609783,69.2930216938339,0.703,642323,573142.6154027866,674383.6573256733,-0.8660254037844386,0.5000000000000001
2021-11-01,IU_West_2,West,IU,11,2021,1.3599999999999999,1.1,1.0,4.262971498249409,173.87611569352134,63.904520347814696,7620.352950306962,4.592157853226091,66.30891429725276,0.703,676246,642323.2113666188,838308.7865223015,-0.5000000000000004,0.8660254037844384
2021-12-01,IU_West_2,West,IU,12,2021,1.3599999999999999,1.15,1.0,3.016478525152448,102.49612704406117,64.33224351258724,7027.961790176987,5.468766913485841,70.40930304452154,0.703,817710,676245.9634670538,820559.3113640937,-2.4492935982947064e-16,1.0
2022-01-01,IU_West_2,West,IU,1,2022,1.42,1.08,1.0,6.687054575745917,51.73933666680091,72.8031307660851,7605.6590903397655,6.017026706867181,69.13462009546716,0.6985,1154467,817709.6453642726,852831.786169628,0.49999999999999994,0.8660254037844387
2022-02-01,IU_West_2,West,IU,2,2022,1.42,1.12,1.0,5.0293976680957995,43.306006141807664,71.89484611981823,8420.684390285489,3.8199224299377543,64.08745472765837,0.6985,973347,1154466.996965481,936642.8746985234,0.8660254037844386,0.5000000000000001
2022-03-01,IU_West_2,West,IU,3,2022,1.42,1.15,1.0,5.99892580724013,27.810067785236427,72.97475952277142,8577.94539078375,5.082799785436711,62.3233121686715,0.6985,1103136,973346.5259313647,885984.1743742742,1.0,6.123233995736766e-17
2022-04-01,IU_West_2,West,IU,4,2022,1.42,1.05,1.0,7.146050038511771,48.69481285833943,72.14204316910251,7962.86460835306,5.131170458124577,66.97128600027932,0.6985,984878,1103136.1480495841,931508.2461205812,0.8660254037844387,-0.4999999999999998
2022-05-01,IU_West_2,West,IU,5,2022,1.42,0.95,1.0,5.703183999068914,73.3536229155963,73.61301580344279,8484.274746905172,4.011409609221516,65.50308620758165,0.6985,865350,984878.1984110504,801976.0988137316,0.49999999999999994,-0.8660254037844387
2022-06-01,IU_West_2,West,IU,6,2022,1.42,0.72,1.0,5.3037752570812975,99.38507618183642,74.13464199446499,7131.711977398444,5.783368740196066,68.94528723848674,0.6985,608448,865349.9572317625,558824.4620066592,1.2246467991473532e-16,-1.0
2022-07-01,IU_West_2,West,IU,7,2022,1.42,0.65,1.0,5.6720456004809,129.24424897654126,66.27485014040168,7565.731669613681,4.469834355560418,64.72744936494908,0.6985,498037,608448.0153056894,437004.46605513623,-0.4999999999999997,-0.8660254037844388
2022-08-01,IU_West_2,West,IU,8,2022,1.42,0.68,1.0,5.515172152840451,155.76777961573814,68.9370710487569,8741.58401871058,4.392997615269592,65.13843069698049,0.6985,524824,498037.1717705505,449302.71871183446,-0.8660254037844385,-0.5000000000000004
2022-09-01,IU_West_2,West,IU,9,2022,1.42,0.82,1.0,6.934737825673713,170.21099960572917,70.80587212752988,8059.34882661059,6.389290574734377,71.81227887037964,0.6985,543987,524823.5825809519,573142.6154027866,-1.0,-1.8369701987210297e-16
2022-10-01,IU_West_2,West,IU,10,2022,1.42,1.02,1.0,5.812345905266727,142.25302513984354,71.43196742353798,7322.004003097671,5.118213393893374,68.19281187451159,0.6985,831260,543986.7860820722,642323.2113666188,-0.8660254037844386,0.5000000000000001
2022-11-01,IU_West_2,West,IU,11,2022,1.42,1.1,1.0,4.786058604725484,107.68983714757069,69.4897282785459,7845.510218800755,5.440232439748398,64.78909173829082,0.6985,845305,831260.4359426233,676245.9634670538,-0.5000000000000004,0.8660254037844384
2022-12-01,IU_West_2,West,IU,12,2022,1.42,1.15,1.0,6.69675869648788,119.42209388442814,74.23607101296491,7744.469787363365,5.78391434521747,67.67056723494008,0.6985,1032427,845305.0381914625,817709.6453642726,-2.4492935982947064e-16,1.0
2023-01-01,IU_West_2,West,IU,1,2023,1.48,1.08,1.0,7.976581227630023,64.06891003973102,81.9398451048718,9058.1375438647,3.7796208004326264,73.91564497200673,0.694,1152775,1032427.001579443,1154466.996965481,0.49999999999999994,0.8660254037844387
2023-02-01,IU_West_2,West,IU,2,2023,1.48,1.12,1.0,4.894003247815444,44.19046360472368,76.5584858667452,8965.982380314075,5.299856877642943,69.57514675309889,0.694,1177808,1152775.4138288412,973346.5259313647,0.8660254037844386,0.5000000000000001
2023-03-01,IU_West_2,West,IU,3,2023,1.48,1.15,1.0,8.339340661721726,35.45493795095422,76.25302309659463,9213.339601049689,3.8984847080018636,70.77180323770052,0.694,1355389,1177808.1145377269,1103136.1480495841,1.0,6.123233995736766e-17
2023-04-01,IU_West_2,West,IU,4,2023,1.48,1.05,1.0,6.937654127850182,45.19263113899624,78.548368765313,9101.560599801856,3.864301288529362,65.39106185389024,0.694,1170245,1355388.9238172118,984878.1984110504,0.8660254037844387,-0.4999999999999998
2023-05-01,IU_West_2,West,IU,5,2023,1.48,0.95,1.0,6.839923940175918,56.02705642959607,70.4024807343897,9744.702987794175,4.082400022153491,72.50567750853841,0.694,944855,1170244.5751922957,865349.9572317625,0.49999999999999994,-0.8660254037844387
2023-06-01,IU_West_2,West,IU,6,2023,1.48,0.72,1.0,7.707949557915818,76.35964548235673,76.08540682131523,9323.867192901367,3.802348132044036,77.67240904185522,0.694,702389,944854.877006618,608448.0153056894,1.2246467991473532e-16,-1.0
2023-07-01,IU_West_2,West,IU,7,2023,1.48,0.65,1.0,5.819628330794865,123.99067249628335,78.93710747640255,9338.77254806463,4.95772514612573,65.2341294299486,0.694,566413,702388.9153315633,498037.1717705505,-0.4999999999999997,-0.8660254037844388
2023-08-01,IU_West_2,West,IU,8,2023,1.48,0.68,1.0,7.644997417029108,170.43961554768543,74.07053800839667,9657.14102878005,4.513768524116045,63.672424102512046,0.694,590094,566412.9224878986,524823.5825809519,-0.8660254037844385,-0.5000000000000004
2023-09-01,IU_West_2,West,IU,9,2023,1.48,0.82,1.0,6.047869436314573,151.43727837940503,72.3203182602941,8957.874385334204,3.9070204683063094,69.1021689753406,0.694,634892,590094.1385687311,543986.7860820722,-1.0,-1.8369701987210297e-16
2023-10-01,IU_West_2,West,IU,10,2023,1.48,1.02,1.0,4.730059184347594,152.32424747752276,75.44258316970067,8564.975473516197,4.839604026523857,71.90202019937765,0.694,883288,634892.0033116075,831260.4359426233,-0.8660254037844386,0.5000000000000001
2023-11-01,IU_West_2,West,IU,11,2023,1.48,1.1,1.0,5.302692465071679,179.3968672404912,75.81794370039424,9675.956969112029,4.079854050090923,68.03444131179896,0.694,832157,883287.8453103146,845305.0381914625,-0.5000000000000004,0.8660254037844384
2023-12-01,IU_West_2,West,IU,12,2023,1.48,1.15,1.0,7.180426199483872,73.76501456249062,73.27404315425362,9193.949109676167,4.037543703708258,64.18717441582936,0.694,1151403,832156.8860461549,1032427.001579443,-2.4492935982947064e-16,1.0
2024-01-01,IU_West_2,West,IU,1,2024,1.54,1.08,1.0,6.426098163786231,60.29865324171292,86.78848382815285,8089.887720527086,3.938947107921235,68.76566335287845,0.6895,1433530,1151403.0842389117,1152775.4138288412,0.49999999999999994,0.8660254037844387
2024-02-01,IU_West_2,West,IU,2,2024,1.54,1.12,1.0,9.0,55.37474028791862,79.06391085697616,7742.181212283962,4.2707682845329735,71.59236909110982,0.6895,1307326,1433529.7483195849,1177808.1145377269,0.8660254037844386,0.5000000000000001
2024-03-01,IU_West_2,West,IU,3,2024,1.54,1.15,1.0,8.987800315907393,33.77254677282436,77.0390219457203,7749.594777075958,4.211878119501936,67.57187269221576,0.6895,1424796,1307326.3574036222,1355388.9238172118,1.0,6.123233995736766e-17
2024-04-01,IU_West_2,West,IU,4,2024,1.54,1.05,1.0,9.0,38.544990608298434,80.21913604278816,8408.204729419447,3.6094006541977355,71.6290200710197,0.6895,1393665,1424795.5898169943,1170244.5751922957,0.8660254037844387,-0.4999999999999998
2024-05-01,IU_West_2,West,IU,5,2024,1.54,0.95,1.0,7.710394467392716,79.92144295351343,83.22358191311348,8470.274786134492,4.577688965951522,73.85884314095965,0.6895,1150590,1393664.5172676255,944854.877006618,0.49999999999999994,-0.8660254037844387
2024-06-01,IU_West_2,West,IU,6,2024,1.54,0.72,1.0,7.8700941125337724,102.845025678161,80.5522427469947,8379.900209558564,3.722084679136275,70.16092250308179,0.6895,764368,1150589.9175678787,702388.9153315633,1.2246467991473532e-16,-1.0
2024-07-01,IU_West_2,West,IU,7,2024,1.54,0.65,1.0,6.128205946686688,128.89450874110227,81.956781760132,8384.01239942303,3.3760124091130246,69.08820891488683,0.6895,622717,764368.0836884492,566412.9224878986,-0.4999999999999997,-0.8660254037844388
2024-08-01,IU_West_2,West,IU,8,2024,1.54,0.68,1.0,8.75560038396881,165.5322550936908,77.88546821700052,8283.24296873946,2.7255826809861188,72.51737570090513,0.6895,649472,622717.4222545952,590094.1385687311,-0.8660254037844385,-0.5000000000000004
2024-09-01,IU_West_2,West,IU,9,2024,1.54,0.82,1.0,8.016460317824324,153.21822536073947,84.96306533921054,8086.3649055077385,4.686542784799217,65.77559669025108,0.6895,923843,649472.1092476356,634892.0033116075,-1.0,-1.8369701987210297e-16
2024-10-01,IU_West_2,West,IU,10,2024,1.54,1.02,1.0,8.241426922130533,136.33414848759026,82.18513308375533,7948.258819028127,3.909912060955206,65.38116066522831,0.6895,1059966,923842.586444682,883287.8453103146,-0.8660254037844386,0.5000000000000001
2024-11-01,IU_West_2,West,IU,11,2024,1.54,1.1,1.0,9.0,133.68262267625113,83.64310470663283,8571.825409446266,4.068697886808412,68.13371086028405,0.6895,1207506,1059966.0200276556,832156.8860461549,-0.5000000000000004,0.8660254037844384
2024-12-01,IU_West_2,West,IU,12,2024,1.54,1.15,1.0,6.833504591042809,86.53174651083711,81.59548189742551,7859.005285251873,4.7366423325596125,67.23248218074214,0.6895,1230191,1207505.7014687147,1151403.0842389117,-2.4492935982947064e-16,1.0
2025-01-01,IU_West_2,West,IU,1,2025,1.6,1.08,1.0,7.848630140147218,68.1090717803241,87.47465211318635,9166.49064624579,3.118075014721747,66.7866320988381,0.6849999999999999,1421923,1230190.9641054461,1433529.7483195849,0.49999999999999994,0.8660254037844387
2025-02-01,IU_West_2,West,IU,2,2025,1.6,1.12,1.0,8.3920051058506,45.40205709986717,82.38084232096831,8638.194150920042,2.400480601220697,77.3218738999951,0.6849999999999999,1453600,1421923.386251357,1307326.3574036222,0.8660254037844386,0.5000000000000001
2025-03-01,IU_West_2,West,IU,3,2025,1.6,1.15,1.0,6.877477513449552,38.35060832586321,83.52576874993132,8703.31543341675,3.555824561772175,78.68797283797717,0.6849999999999999,1360389,1453600.0893969964,1424795.5898169943,1.0,6.123233995736766e-17
2025-04-01,IU_West_2,West,IU,4,2025,1.6,1.05,1.0,7.774881414467792,50.40404557265381,89.03944178666809,8893.730444463701,3.7463692416642362,68.58517983097767,0.6849999999999999,1323205,1360388.947091718,1393664.5172676255,0.8660254037844387,-0.4999999999999998
2025-05-01,IU_West_2,West,IU,5,2025,1.6,0.95,1.0,8.591539772560363,63.86148768335104,89.67922584185189,8638.227730472228,3.289720747071702,70.36687579899346,0.6849999999999999,1140243,1323205.2855006235,1150589.9175678787,0.49999999999999994,-0.8660254037844387
2025-06-01,IU_West_2,West,IU,6,2025,1.6,0.72,1.0,7.609494474352603,109.64104350146775,81.55880320084277,9359.033321464687,4.678990062460935,69.24862871974483,0.6849999999999999,752322,1140243.453058699,764368.0836884492,1.2246467991473532e-16,-1.0
2025-07-01,IU_West_2,West,IU,7,2025,1.6,0.65,1.0,9.0,146.04747830260968,85.74920820359144,8393.38458680419,1.5110667458229148,74.42999696047262,0.6849999999999999,771914,752322.0145643475,622717.4222545952,-0.4999999999999997,-0.8660254037844388
2025-08-01,IU_West_2,West,IU,8,2025,1.6,0.68,1.0,6.186890525819607,168.80112703379925,83.70716859854431,9044.653330520936,4.396045310319827,75.2225822473602,0.6849999999999999,702588,771914.3459024472,649472.1092476356,-0.8660254037844385,-0.5000000000000004
2025-09-01,IU_West_2,West,IU,9,2025,1.6,0.82,1.0,9.0,157.7737850207633,82.90890559190541,9059.628643578433,4.132922920291381,62.89094480524141,0.6849999999999999,911392,702587.7835844206,923842.586444682,-1.0,-1.8369701987210297e-16
2025-10-01,IU_West_2,West,IU,10,2025,1.6,1.02,1.0,8.793422569779205,136.0788949340894,85.85451908606635,8185.140189755596,3.8654166221603674,71.9040432002625,0.6849999999999999,1214763,911391.5957518889,1059966.0200276556,-0.8660254037844386,0.5000000000000001
2025-11-01,IU_West_2,West,IU,11,2025,1.6,1.1,1.0,7.317405694932091,146.2408385369578,88.42288879709622,8801.539280763829,0.8312787604247229,64.77271463535541,0.6849999999999999,1199359,1214762.7451645362,1207505.7014687147,-0.5000000000000004,0.8660254037844384
2025-12-01,IU_West_2,West,IU,12,2025,1.6,1.15,1.0,6.890709718124002,75.88500279844635,86.35498741985258,9115.064792121117,4.527111026616215,77.03308863150112,0.6849999999999999,1435586,1199359.301485655,1230190.9641054461,-2.4492935982947064e-16,1.0
2015-01-01,IU_West_3,West,IU,1,2015,1.0,1.08,1.0,6.843533867698261,69.42475604590936,44.16034197185564,5267.39648358555,8.138769071182306,66.347662471156,0.73,522808,,,0.49999999999999994,0.8660254037844387
2015-02-01,IU_West_3,West,IU,2,2015,1.0,1.12,1.0,8.665338766384549,52.50872434431536,37.95177146558729,4997.3267223710045,7.645016927611244,58.27536859937359,0.73,547806,522807.7564273429,,0.8660254037844386,0.5000000000000001
2015-03-01,IU_West_3,West,IU,3,2015,1.0,1.15,1.0,6.381865622987902,32.0150231594965,40.88975151145241,5819.574646297985,6.295542927184253,57.21177998069436,0.73,534466,547806.2690307919,,1.0,6.123233995736766e-17
2015-04-01,IU_West_3,West,IU,4,2015,1.0,1.05,1.0,8.111609700483358,42.58673217978155,41.279703735351035,4855.340753057469,7.290268863899888,72.82675176390201,0.73,449417,534465.762905573,,0.8660254037844387,-0.4999999999999998
2015-05-01,IU_West_3,West,IU,5,2015,1.0,0.95,1.0,7.548936898181432,78.30578267194137,42.085802500756714,4919.699080060296,7.231969686385319,66.25028802293345,0.73,464925,449417.00121507846,,0.49999999999999994,-0.8660254037844387
2015-06-01,IU_West_3,West,IU,6,2015,1.0,0.72,1.0,7.382531943444991,107.21532310759808,43.38184337029621,5028.964552985079,6.593539861526274,64.35747842907828,0.73,298504,464924.6079895027,,1.2246467991473532e-16,-1.0
2015-07-01,IU_West_3,West,IU,7,2015,1.0,0.65,1.0,4.086210409445815,103.92557409361861,37.848208282466956,5320.2269596051965,6.311070180314707,62.29940724886247,0.73,217346,298504.19173782784,,-0.4999999999999997,-0.8660254037844388
2015-08-01,IU_West_3,West,IU,8,2015,1.0,0.68,1.0,7.615027473857253,163.2762180385352,39.65748919671856,4905.830326825683,7.89417547725362,63.09408626990007,0.73,254596,217346.215310591,,-0.8660254037844385,-0.5000000000000004
2015-09-01,IU_West_3,West,IU,9,2015,1.0,0.82,1.0,6.346990425309016,208.56199022197274,38.169550763259565,4634.719717750923,7.759603457896651,56.071706898070296,0.73,281942,254596.22600217638,,-1.0,-1.8369701987210297e-16
2015-10-01,IU_West_3,West,IU,10,2015,1.0,1.02,1.0,5.96728820667813,159.99820884393586,39.84216437993087,4996.229789520928,6.56608241594591,62.62815668078707,0.73,381401,281942.10200416035,,-0.8660254037844386,0.5000000000000001
2015-11-01,IU_West_3,West,IU,11,2015,1.0,1.1,1.0,4.720504350586504,80.07361563866152,42.095298346188926,5796.293177930312,6.903297194851048,62.28492558983606,0.73,463955,381400.7137762613,,-0.5000000000000004,0.8660254037844384
2015-12-01,IU_West_3,West,IU,12,2015,1.0,1.15,1.0,6.49329543923818,107.93968937134342,35.037893499217894,4934.9848445155885,8.42897781852333,58.38344462759408,0.73,406950,463954.673081425,,-2.4492935982947064e-16,1.0
2016-01-01,IU_West_3,West,IU,1,2016,1.06,1.08,1.0,7.600922087961712,65.97574431665083,47.82811470837785,6326.878644920674,6.397842789186751,60.645894185726085,0.7255,561665,406950.0762027261,522807.7564273429,0.49999999999999994,0.8660254037844387
2016-02-01,IU_West_3,West,IU,2,2016,1.06,1.12,1.0,5.997057865602056,31.282358739098576,41.08245362720875,7356.014308064553,7.236639123147041,68.86070557377423,0.7255,533172,561664.9346410137,547806.2690307919,0.8660254037844386,0.5000000000000001
2016-03-01,IU_West_3,West,IU,3,2016,1.06,1.15,1.0,5.792723964307391,25.4360387407257,43.5778890409083,6457.871641487859,6.948177360345615,62.29930031882055,0.7255,567264,533171.5498153555,534465.762905573,1.0,6.123233995736766e-17
2016-04-01,IU_West_3,West,IU,4,2016,1.06,1.05,1.0,8.144603547933555,49.415842748479186,48.231825774898375,6634.138945378367,7.5050907768496495,71.08468521013243,0.7255,613156,567264.0858764387,449417.00121507846,0.8660254037844387,-0.4999999999999998
2016-05-01,IU_West_3,West,IU,5,2016,1.06,0.95,1.0,8.606706329053473,60.52969599493019,45.48402915395022,6054.281991786851,6.415113877874855,55.837282254050464,0.7255,530381,613155.7632630563,464924.6079895027,0.49999999999999994,-0.8660254037844387
2016-06-01,IU_West_3,West,IU,6,2016,1.06,0.72,1.0,7.788999663686727,88.11530537473932,45.51858984479098,7453.563684165114,7.172066782032085,60.711479255097004,0.7255,360195,530381.2863196925,298504.19173782784,1.2246467991473532e-16,-1.0
2016-07-01,IU_West_3,West,IU,7,2016,1.06,0.65,1.0,8.941661751401057,135.27297335699396,40.958121864114666,6236.4174798877575,7.234978061876701,56.61088579501232,0.7255,243088,360195.28074483614,217346.215310591,-0.4999999999999997,-0.8660254037844388
2016-08-01,IU_West_3,West,IU,8,2016,1.06,0.68,1.0,7.456998190558022,145.3428807333072,41.367742192528475,6377.352891996868,7.2841446449833755,57.96231018443266,0.7255,279603,243088.32770621375,254596.22600217638,-0.8660254037844385,-0.5000000000000004
2016-09-01,IU_West_3,West,IU,9,2016,1.06,0.82,1.0,7.495438642499578,172.55124000833248,47.32376919000676,7072.676405085364,7.16325908637009,59.48717717736281,0.7255,348208,279602.5250181758,281942.10200416035,-1.0,-1.8369701987210297e-16
2016-10-01,IU_West_3,West,IU,10,2016,1.06,1.02,1.0,6.460226537290873,155.99739191441031,42.73256936354683,6398.219589815922,7.375687456475288,64.06123850708236,0.7255,408231,348208.3908954521,381400.7137762613,-0.8660254037844386,0.5000000000000001
2016-11-01,IU_West_3,West,IU,11,2016,1.06,1.1,1.0,5.68836979871536,111.52009016608969,43.015264380100454,6501.549952203897,8.853416265640648,63.867304684321546,0.7255,442256,408231.2569049324,463954.673081425,-0.5000000000000004,0.8660254037844384
2016-12-01,IU_West_3,West,IU,12,2016,1.06,1.15,1.0,9.0,94.17867368201082,47.391853753164135,6353.2402556449415,9.149038221416884,60.08283872148957,0.7255,557795,442255.50831918267,406950.0762027261,-2.4492935982947064e-16,1.0
2017-01-01,IU_West_3,West,IU,1,2017,1.12,1.08,1.0,9.0,72.51608387735287,45.85025936389142,7329.145752901928,6.188627087370623,54.688801770653676,0.721,611343,557794.5409071468,561664.9346410137,0.49999999999999994,0.8660254037844387
2017-02-01,IU_West_3,West,IU,2,2017,1.12,1.12,1.0,6.328984919433826,43.38133726352935,49.807705398658776,7619.546227900321,4.8454056157180005,69.51077149212861,0.721,620147,611343.2151967547,533171.5498153555,0.8660254037844386,0.5000000000000001
2017-03-01,IU_West_3,West,IU,3,2017,1.12,1.15,1.0,8.186902289397537,33.58209333980166,49.12872197850307,7701.644758166828,7.176396240577579,62.45694113585458,0.721,717838,620146.7469794415,567264.0858764387,1.0,6.123233995736766e-17
2017-04-01,IU_West_3,West,IU,4,2017,1.12,1.05,1.0,7.8799444266756,55.63844694122232,48.99194282241027,7163.358528982025,6.849001967921013,59.13483931879544,0.721,585598,717838.1147000383,613155.7632630563,0.8660254037844387,-0.4999999999999998
2017-05-01,IU_West_3,West,IU,5,2017,1.12,0.95,1.0,7.671209032204348,75.45658275893246,47.44469310436749,7108.084117761562,7.548833487346864,64.69972312428035,0.721,554557,585597.8325905574,530381.2863196925,0.49999999999999994,-0.8660254037844387
2017-06-01,IU_West_3,West,IU,6,2017,1.12,0.72,1.0,7.509178582622073,115.04235135176654,47.26043445561002,7178.7090830417765,6.927908719772254,64.4177806820927,0.721,379458,554557.1052440758,360195.28074483614,1.2246467991473532e-16,-1.0
2017-07-01,IU_West_3,West,IU,7,2017,1.12,0.65,1.0,8.457522976361574,132.61424448098353,45.7649075086154,6822.256016637784,6.746883151620575,62.30929414000014,0.721,323556,379457.80379594024,243088.32770621375,-0.4999999999999997,-0.8660254037844388
2017-08-01,IU_West_3,West,IU,8,2017,1.12,0.68,1.0,8.98181063056577,166.20259240884099,50.44799507812392,6737.126706693996,7.603125276701778,64.19412406256602,0.721,340565,323555.8815384536,279602.5250181758,-0.8660254037844385,-0.5000000000000004
2017-09-01,IU_West_3,West,IU,9,2017,1.12,0.82,1.0,8.482869402833847,159.00695026709485,46.995552425449794,7586.545539278889,7.715024470731073,58.97988063836793,0.721,404925,340564.8196413945,348208.3908954521,-1.0,-1.8369701987210297e-16
2017-10-01,IU_West_3,West,IU,10,2017,1.12,1.02,1.0,7.855377950744968,179.6546929362964,51.906233863501754,7875.1884344564805,5.590751952975202,66.63965137270594,0.721,499415,404925.071077219,408231.2569049324,-0.8660254037844386,0.5000000000000001
2017-11-01,IU_West_3,West,IU,11,2017,1.12,1.1,1.0,7.811327939730656,133.74784195637952,48.32633487522804,7844.790704943029,6.046715050288333,59.61253162097252,0.721,547745,499415.2106079592,442255.50831918267,-0.5000000000000004,0.8660254037844384
2017-12-01,IU_West_3,West,IU,12,2017,1.12,1.15,1.0,9.0,105.40237955863753,45.824648531736884,6380.924250116184,6.6155256325690575,61.17772137878627,0.721,641439,547744.6992805481,557794.5409071468,-2.4492935982947064e-16,1.0
2018-01-01,IU_West_3,West,IU,1,2018,1.18,1.08,1.0,8.116794097519096,69.63823528198272,52.78655835355474,6236.900387802902,6.378750099139666,66.99520726460631,0.7165,751300,641439.2649225711,611343.2151967547,0.49999999999999994,0.8660254037844387
2018-02-01,IU_West_3,West,IU,2,2018,1.18,1.12,1.0,7.64788752742234,42.99279566136227,52.267428402590575,5851.2382969557175,6.1192134373182006,69.21583586004094,0.7165,693274,751300.4074812001,620146.7469794415,0.8660254037844386,0.5000000000000001
2018-03-01,IU_West_3,West,IU,3,2018,1.18,1.15,1.0,7.5175786146596915,48.984759142494426,56.52731023518416,6411.861523991754,6.647365742289509,70.74309827218536,0.7165,749282,693274.4143861354,717838.1147000383,1.0,6.123233995736766e-17
2018-04-01,IU_West_3,West,IU,4,2018,1.18,1.05,1.0,7.974984783314568,38.79955173241007,52.392999432245404,6159.159093508148,7.09688383145368,68.6231929538663,0.7165,678733,749281.6112955147,585597.8325905574,0.8660254037844387,-0.4999999999999998
2018-05-01,IU_West_3,West,IU,5,2018,1.18,0.95,1.0,6.998641745508482,61.10774239238134,52.67136885639902,6613.540034782433,7.678167768576582,63.10371126479288,0.7165,545667,678732.9489872394,554557.1052440758,0.49999999999999994,-0.8660254037844387
2018-06-01,IU_West_3,West,IU,6,2018,1.18,0.72,1.0,8.546506752549673,112.61968022621987,57.73464011647731,6338.560786291765,6.763130419018319,58.235867723598155,0.7165,466271,545666.9715397364,379457.80379594024,1.2246467991473532e-16,-1.0
2018-07-01,IU_West_3,West,IU,7,2018,1.18,0.65,1.0,6.269629897574381,123.85855241886635,55.02480196439005,5493.978824259319,5.618133057237512,70.02022234241159,0.7165,385510,466271.49375957495,323555.8815384536,-0.4999999999999997,-0.8660254037844388
2018-08-01,IU_West_3,West,IU,8,2018,1.18,0.68,1.0,7.0669123600600425,153.85708394882795,58.48811804801049,5911.991034212576,6.182099019841745,69.88278395561991,0.7165,396638,385509.97669471684,340564.8196413945,-0.8660254037844385,-0.5000000000000004
2018-09-01,IU_West_3,West,IU,9,2018,1.18,0.82,1.0,8.29398748631505,142.29652068943173,57.277135012191714,6349.782978644363,6.239718206992355,61.71209538658602,0.7165,483057,396637.63343177654,404925.071077219,-1.0,-1.8369701987210297e-16
2018-10-01,IU_West_3,West,IU,10,2018,1.18,1.02,1.0,6.201200795754693,172.75272040966888,50.838512234911434,6387.729370126358,6.711712191984927,68.08475615129825,0.7165,526318,483057.485600711,499415.2106079592,-0.8660254037844386,0.5000000000000001
2018-11-01,IU_West_3,West,IU,11,2018,1.18,1.1,1.0,5.673049920600421,146.2868477874767,56.46985256320032,5714.625113505568,6.6105344267471535,63.071288824277055,0.7165,609052,526318.191199881,547744.6992805481,-0.5000000000000004,0.8660254037844384
2018-12-01,IU_West_3,West,IU,12,2018,1.18,1.15,1.0,7.636353382294909,97.17756148317132,58.075909876223776,5655.772810376614,7.940317320889208,70.40510753404692,0.7165,771031,609051.7709337403,641439.2649225711,-2.4492935982947064e-16,1.0
2019-01-01,IU_West_3,West,IU,1,2019,1.24,1.08,1.0,4.464250214664235,75.29113022249675,62.59843939697026,7345.310401907781,5.530789491796074,63.14054135038487,0.712,765087,771031.3593107645,751300.4074812001,0.49999999999999994,0.8660254037844387
2019-02-01,IU_West_3,West,IU,2,2019,1.24,1.12,1.0,4.941435735137766,31.09463117860033,60.96428795073006,6688.349712277113,6.207800427013443,73.11460515019402,0.712,807169,765086.7701814199,693274.4143861354,0.8660254037844386,0.5000000000000001
2019-03-01,IU_West_3,West,IU,3,2019,1.24,1.15,1.0,7.407912942207719,30.395047652276848,60.90256898472753,6569.116758074497,7.7837691181952735,68.34448219039298,0.712,1016072,807169.0966342937,749281.6112955147,1.0,6.123233995736766e-17
2019-04-01,IU_West_3,West,IU,4,2019,1.24,1.05,1.0,6.254257690873117,42.01109518603831,57.09201686897335,7119.686769315747,5.431834482477119,72.39017937874395,0.712,719564,1016071.6869392309,678732.9489872394,0.8660254037844387,-0.4999999999999998
2019-05-01,IU_West_3,West,IU,5,2019,1.24,0.95,1.0,8.042584339650782,56.042718531589884,55.487853746951274,7100.199258897458,6.0161189569362845,63.34481092140049,0.712,750677,719563.787681894,545666.9715397364,0.49999999999999994,-0.8660254037844387
2019-06-01,IU_West_3,West,IU,6,2019,1.24,0.72,1.0,5.054222790875054,75.24469052749355,56.94334804330763,6924.719785197165,5.144095599100788,66.82011841777677,0.712,432207,750677.0717311354,466271.49375957495,1.2246467991473532e-16,-1.0
2019-07-01,IU_West_3,West,IU,7,2019,1.24,0.65,1.0,6.3872571612412585,129.71892231321567,53.00563299570171,7003.318369473617,5.965669519701946,61.32288320662254,0.712,380264,432207.34109709604,385509.97669471684,-0.4999999999999997,-0.8660254037844388
2019-08-01,IU_West_3,West,IU,8,2019,1.24,0.68,1.0,6.979501463849311,177.63883285591032,62.02838594626512,7326.226075449928,5.275826281489887,68.57595700847679,0.712,395016,380263.659371727,396637.63343177654,-0.8660254037844385,-0.5000000000000004
2019-09-01,IU_West_3,West,IU,9,2019,1.24,0.82,1.0,5.095382083845309,202.69376398137607,57.150121121746864,6995.926693343932,6.737440722793077,68.7961661313485,0.712,440446,395015.68165560236,483057.485600711,-1.0,-1.8369701987210297e-16
2019-10-01,IU_West_3,West,IU,10,2019,1.24,1.02,1.0,7.73811428539955,147.68177770189914,61.87399218719488,7351.813659749028,6.017855087225117,74.78809567280474,0.712,646114,440445.7453099921,526318.191199881,-0.8660254037844386,0.5000000000000001
2019-11-01,IU_West_3,West,IU,11,2019,1.24,1.1,1.0,7.1128146597992465,150.9576030874805,54.3055012683352,7148.78915874705,5.1516821920141656,67.1281591888786,0.712,638371,646114.4996826824,609051.7709337403,-0.5000000000000004,0.8660254037844384
2019-12-01,IU_West_3,West,IU,12,2019,1.24,1.15,1.0,4.568855495975079,111.73909318255774,61.247874763006635,7395.442569923846,6.572454158233338,68.09637681002438,0.712,681589,638371.4301023723,771031.3593107645,-2.4492935982947064e-16,1.0
2020-01-01,IU_West_3,West,IU,1,2020,1.3,1.08,1.0,5.394049672769858,80.42980337821187,61.01535802546204,8688.01282747427,5.64373283109727,64.11667849398488,0.7075,780176,681588.8410280364,765086.7701814199,0.49999999999999994,0.8660254037844387
2020-02-01,IU_West_3,West,IU,2,2020,1.3,1.12,1.0,5.902487911730538,40.84574792857487,58.646891775072476,8670.481853453548,6.262255021778764,68.16551749054095,0.7075,785548,780175.60188614,807169.0966342937,0.8660254037844386,0.5000000000000001
2020-03-01,IU_West_3,West,IU,3,2020,1.3,1.15,1.0,4.73127181998651,24.827647474558162,67.38135415647928,8872.515035007516,4.581869897641801,64.48043516524966,0.7075,1007834,785547.9959838811,1016071.6869392309,1.0,6.123233995736766e-17
2020-04-01,IU_West_3,West,IU,4,2020,1.3,1.05,0.68,3.663501941609603,43.564132226645675,65.82193500802232,8669.986426631502,5.795059529798929,66.463443035368,0.7075,494371,1007834.4068357248,719563.787681894,0.8660254037844387,-0.4999999999999998
2020-05-01,IU_West_3,West,IU,5,2020,1.3,0.95,0.68,5.7734903755570715,57.65930384210883,63.135377260557355,8400.171212221592,6.118673355715767,66.69806264618317,0.7075,448413,494371.4361653784,750677.0717311354,0.49999999999999994,-0.8660254037844387
2020-06-01,IU_West_3,West,IU,6,2020,1.3,0.72,0.68,8.092831368559253,90.93037183135128,62.60181365540489,8097.776086089714,5.161298007811411,64.59078050660332,0.7075,393142,448412.66356475063,432207.34109709604,1.2246467991473532e-16,-1.0
2020-07-01,IU_West_3,West,IU,7,2020,1.3,0.65,1.0,4.974958909230951,129.85512946131507,63.818530056457355,8118.327907760478,4.492797818425479,66.25178038616798,0.7075,407431,393141.62447890994,380263.659371727,-0.4999999999999997,-0.8660254037844388
2020-08-01,IU_West_3,West,IU,8,2020,1.3,0.68,1.0,7.322429245761829,152.71023132201293,63.08388573375223,7897.820535131665,5.466714003703685,64.49881932114631,0.7075,456495,407431.2402389064,395015.68165560236,-0.8660254037844385,-0.5000000000000004
2020-09-01,IU_West_3,West,IU,9,2020,1.3,0.82,1.0,4.5365932421064175,173.60976130584277,60.12317213748559,8294.85850400098,6.482492235024743,64.48107549986464,0.7075,450569,456494.6848661558,440445.7453099921,-1.0,-1.8369701987210297e-16
2020-10-01,IU_West_3,West,IU,10,2020,1.3,1.02,1.0,5.697994590232121,177.85932167364095,61.26384319064523,8606.64468844815,6.400744264507245,70.30665860600908,0.7075,554126,450569.21027340024,646114.4996826824,-0.8660254037844386,0.5000000000000001
2020-11-01,IU_West_3,West,IU,11,2020,1.3,1.1,1.0,6.365166865271522,128.4981941011703,68.3821534961161,7966.26990173042,5.157257252195539,66.70165456730564,0.7075,794065,554126.3878702366,638371.4301023723,-0.5000000000000004,0.8660254037844384
2020-12-01,IU_West_3,West,IU,12,2020,1.3,1.15,1.0,5.429243429054541,108.0541718511025,70.51647022788404,8276.072286629082,4.473531650898845,67.3882650888011,0.7075,913683,794065.4666017119,681588.8410280364,-2.4492935982947064e-16,1.0
2021-01-01,IU_West_3,West,IU,1,2021,1.3599999999999999,1.08,1.0,4.642717221342522,68.15112330129115,71.68800551569205,6882.366674047673,4.7550562237203415,60.970780924057856,0.703,957313,913683.3509198352,780175.60188614,0.49999999999999994,0.8660254037844387
2021-02-01,IU_West_3,West,IU,2,2021,1.3599999999999999,1.12,1.0,5.871353025620449,49.159685297925535,68.43467182048786,7281.389125556895,4.72521787941447,68.49383332732155,0.703,985918,957313.343238672,785547.9959838811,0.8660254037844386,0.5000000000000001
2021-03-01,IU_West_3,West,IU,3,2021,1.3599999999999999,1.15,1.0,7.269746138323065,33.03818155935778,65.98675290189419,6939.957154194991,5.457157426643821,68.92169385590095,0.703,1118035,985918.1035257695,1007834.4068357248,1.0,6.123233995736766e-17
2021-04-01,IU_West_3,West,IU,4,2021,1.3599999999999999,1.05,1.0,5.360704309566957,42.599889967129116,64.6054423183091,6854.399919890145,5.015998797676702,65.20664550924499,0.703,819071,1118034.9123565606,494371.4361653784,0.8660254037844387,-0.4999999999999998
2021-05-01,IU_West_3,West,IU,5,2021,1.3599999999999999,0.95,1.0,4.380727788163583,64.18111543041115,64.8031527687094,6881.194664253057,4.497388630610286,75.14011870504277,0.703,718362,819071.4525610381,448412.66356475063,0.49999999999999994,-0.8660254037844387
2021-06-01,IU_West_3,West,IU,6,2021,1.3599999999999999,0.72,1.0,4.77229813128838,99.51759733863503,65.34019702393972,7413.677625202974,5.983410453808534,57.643090943263736,0.703,538751,718361.5193192945,393141.62447890994,1.2246467991473532e-16,-1.0
2021-07-01,IU_West_3,West,IU,7,2021,1.3599999999999999,0.65,1.0,8.02364917477445,120.01684218174417,73.4534921242773,7143.642444573809,5.212340693955867,69.93746854308218,0.703,565611,538750.8148832556,407431.2402389064,-0.4999999999999997,-0.8660254037844388
2021-08-01,IU_West_3,West,IU,8,2021,1.3599999999999999,0.68,1.0,5.161888539605753,139.58960193400893,72.4188468891478,6994.389898472453,5.448332522184752,69.65121921981944,0.703,508602,565611.191192482,456494.6848661558,-0.8660254037844385,-0.5000000000000004
2021-09-01,IU_West_3,West,IU,9,2021,1.3599999999999999,0.82,1.0,4.286703561706433,189.78201732470947,69.23883516980618,7304.811703118714,3.7200116526949856,68.96633172799764,0.703,492128,508601.76119335473,450569.21027340024,-1.0,-1.8369701987210297e-16
2021-10-01,IU_West_3,West,IU,10,2021,1.3599999999999999,1.02,1.0,3.625918500220952,134.74832391900617,64.11816047076152,7000.647379112026,3.160588103442171,67.50485082255449,0.703,588739,492127.88838828827,554126.3878702366,-0.8660254037844386,0.5000000000000001
2021-11-01,IU_West_3,West,IU,11,2021,1.3599999999999999,1.1,1.0,2.8089186870648732,129.48999097016278,69.67916778013311,7694.112729131035,3.949963374844473,69.00271729050014,0.703,776696,588738.6937590842,794065.4666017119,-0.5000000000000004,0.8660254037844384
2021-12-01,IU_West_3,West,IU,12,2021,1.3599999999999999,1.15,1.0,5.436301128615428,117.53474462994626,66.28414891446819,6748.939907810503,4.715565259514579,70.27270191822358,0.703,865439,776695.922725363,913683.3509198352,-2.4492935982947064e-16,1.0
2022-01-01,IU_West_3,West,IU,1,2022,1.42,1.08,1.0,6.224910219609583,64.4024518909632,65.04097168406764,8075.862819231875,5.161084814091046,64.69644966467202,0.6985,959847,865438.6392509324,957313.343238672,0.49999999999999994,0.8660254037844387
2022-02-01,IU_West_3,West,IU,2,2022,1.42,1.12,1.0,4.963304412261931,48.46935656648487,72.36130191220377,7527.855650249501,2.8262025036741605,68.79678248872035,0.6985,1003358,959847.1782255358,985918.1035257695,0.8660254037844386,0.5000000000000001
2022-03-01,IU_West_3,West,IU,3,2022,1.42,1.15,1.0,5.421375326583034,30.98566682429311,68.97426087749784,8003.90652364911,5.97428165149759,66.86673263190679,0.6985,1014931,1003357.8784231615,1118034.9123565606,1.0,6.123233995736766e-17
2022-04-01,IU_West_3,West,IU,4,2022,1.42,1.05,1.0,4.0347857770738305,36.31288010915613,69.07583971272989,7404.164026031668,4.8364528214161,63.22492639909796,0.6985,916890,1014930.9607405842,819071.4525610381,0.8660254037844387,-0.4999999999999998
2022-05-01,IU_West_3,West,IU,5,2022,1.42,0.95,1.0,5.5988539860131805,51.732776280011635,70.74877601929597,8495.842435151259,5.788235994359928,70.46867989845315,0.6985,898103,916890.4053847425,718361.5193192945,0.49999999999999994,-0.8660254037844387
2022-06-01,IU_West_3,West,IU,6,2022,1.42,0.72,1.0,6.017134212900729,122.08467825987172,70.00503108117276,8504.926695152162,3.991223934020696,65.34255830126386,0.6985,568896,898103.2857933388,538750.8148832556,1.2246467991473532e-16,-1.0
2022-07-01,IU_West_3,West,IU,7,2022,1.42,0.65,1.0,4.797142707619014,112.80782789465792,71.39722954268798,8512.876578175667,5.1030879473379915,61.60856530088213,0.6985,537066,568895.672214118,565611.191192482,-0.4999999999999997,-0.8660254037844388
2022-08-01,IU_West_3,West,IU,8,2022,1.42,0.68,1.0,7.467883031723186,178.92192448409284,71.25300834994839,8172.992616078162,4.768156743976629,65.4435573571934,0.6985,497918,537066.1006180102,508601.76119335473,-0.8660254037844385,-0.5000000000000004
2022-09-01,IU_West_3,West,IU,9,2022,1.42,0.82,1.0,4.434812236123885,144.50135081676873,65.8725727214571,7764.05831788011,5.354149050443643,64.40440440762747,0.6985,566692,497918.3378320925,492127.88838828827,-1.0,-1.8369701987210297e-16
2022-10-01,IU_West_3,West,IU,10,2022,1.42,1.02,1.0,5.779511753042958,192.6827583844453,76.0608339666485,7799.846715583474,4.5129669059202255,71.71391603676044,0.6985,769964,566691.72316752,588738.6937590842,-0.8660254037844386,0.5000000000000001
2022-11-01,IU_West_3,West,IU,11,2022,1.42,1.1,1.0,6.457320491865706,181.01836758214804,68.54986983115396,8848.577424848887,5.078572167206071,68.2127725622323,0.6985,838937,769963.5230887904,776695.922725363,-0.5000000000000004,0.8660254037844384
2022-12-01,IU_West_3,West,IU,12,2022,1.42,1.15,1.0,5.34659242804092,76.19609008673787,68.64280484460858,8806.05469670956,5.581756255016959,73.12953098275976,0.6985,966257,838937.271716485,865438.6392509324,-2.4492935982947064e-16,1.0
2023-01-01,IU_West_3,West,IU,1,2023,1.48,1.08,1.0,6.273827817326611,56.9354843715801,75.01434024462911,9187.970143655362,3.7790589648865796,65.73377507506783,0.694,1175210,966257.466397464,959847.1782255358,0.49999999999999994,0.8660254037844387
2023-02-01,IU_West_3,West,IU,2,2023,1.48,1.12,1.0,4.7853606194604055,48.10976134665371,75.67499545789212,8900.78500769137,4.49379538599172,71.896679487586,0.694,1002969,1175209.8300475972,1003357.8784231615,0.8660254037844386,0.5000000000000001
2023-03-01,IU_West_3,West,IU,3,2023,1.48,1.15,1.0,8.12880979485954,36.616518909165656,80.37693945049551,9748.700863241846,2.789710210222121,79.75849165923165,0.694,1336136,1002969.2249871249,1014930.9607405842,1.0,6.123233995736766e-17
2023-04-01,IU_West_3,West,IU,4,2023,1.48,1.05,1.0,6.296128157998885,48.13426947811708,76.8082703561647,8820.293900404351,4.862002415250686,69.82412986850856,0.694,1098386,1336135.5263829813,916890.4053847425,0.8660254037844387,-0.4999999999999998
2023-05-01,IU_West_3,West,IU,5,2023,1.48,0.95,1.0,7.14483850992179,62.147693385875364,77.6993964523286,9235.802466670673,5.863730034769992,71.84659544929262,0.694,1025425,1098386.2219761303,898103.2857933388,0.49999999999999994,-0.8660254037844387
2023-06-01,IU_West_3,West,IU,6,2023,1.48,0.72,1.0,7.3072645854321685,132.4092726636575,76.82360856274984,9741.201110456823,3.3044511618010435,71.17407065690163,0.694,625055,1025425.4709371403,568895.672214118,1.2246467991473532e-16,-1.0
2023-07-01,IU_West_3,West,IU,7,2023,1.48,0.65,1.0,5.7460418095786965,138.40820912047138,76.69438474749631,8756.467998178434,4.2268949916576455,62.7116986902967,0.694,613056,625054.82305125,537066.1006180102,-0.4999999999999997,-0.8660254037844388
2023-08-01,IU_West_3,West,IU,8,2023,1.48,0.68,1.0,6.262965674850542,131.52021086022108,76.92918850926102,9505.970936564216,5.00438504073129,70.7432691898698,0.694,600300,613056.0332605692,497918.3378320925,-0.8660254037844385,-0.5000000000000004
2023-09-01,IU_West_3,West,IU,9,2023,1.48,0.82,1.0,8.101378820892204,163.5447132489049,70.20179757229319,9367.072681157257,4.32513397877324,69.62582528259829,0.694,634107,600300.0573756954,566691.72316752,-1.0,-1.8369701987210297e-16
2023-10-01,IU_West_3,West,IU,10,2023,1.48,1.02,1.0,5.159362801111466,131.8434949707015,75.25024454548141,9115.037879023314,4.432079641194581,67.36101046640677,0.694,852626,634106.5912226697,769963.5230887904,-0.8660254037844386,0.5000000000000001
2023-11-01,IU_West_3,West,IU,11,2023,1.48,1.1,1.0,9.0,168.45520371450374,79.48678333171347,8685.775203417614,3.987200446781089,64.86385450318048,0.694,1019181,852625.64267828,838937.271716485,-0.5000000000000004,0.8660254037844384
2023-12-01,IU_West_3,West,IU,12,2023,1.48,1.15,1.0,5.6061526576684715,91.89693167915823,87.82699303242006,8806.822430981041,3.9574781975296682,71.17593296130815,0.694,1390367,1019180.6522110848,966257.466397464,-2.4492935982947064e-16,1.0
2024-01-01,IU_West_3,West,IU,1,2024,1.54,1.08,1.0,6.145239223811207,73.02333154439515,76.88707320238147,8157.4326597553645,3.8306446771316978,65.31038504155752,0.6895,1184166,1390366.7648648776,1175209.8300475972,0.49999999999999994,0.8660254037844387
2024-02-01,IU_West_3,West,IU,2,2024,1.54,1.12,1.0,7.719430996606063,40.066645408854384,81.76923988097306,7386.678119275944,3.9333371377114847,77.7345824187276,0.6895,1391052,1184165.6709350385,1002969.2249871249,0.8660254037844386,0.5000000000000001
2024-03-01,IU_West_3,West,IU,3,2024,1.54,1.15,1.0,9.0,30.861524720211182,78.78686026637698,8086.01441353078,2.954846990738152,69.65667633395252,0.6895,1438678,1391051.9166469628,1336135.5263829813,1.0,6.123233995736766e-17
2024-04-01,IU_West_3,West,IU,4,2024,1.54,1.05,1.0,5.267501049069175,30.757535785541407,86.64295571169055,8270.652619800316,3.847182411243177,64.306771808854,0.6895,1324624,1438678.0105932923,1098386.2219761303,0.8660254037844387,-0.4999999999999998
2024-05-01,IU_West_3,West,IU,5,2024,1.54,0.95,1.0,7.3914413095921905,74.10138095050378,76.43865171762556,8470.528754736662,5.154827150967462,67.14401488668665,0.6895,1072083,1324623.7704077943,1025425.4709371403,0.49999999999999994,-0.8660254037844387
2024-06-01,IU_West_3,West,IU,6,2024,1.54,0.72,1.0,8.132178192487688,121.87747316522652,82.37481847094764,7397.918993465468,3.5646929651288763,68.08746264684073,0.6895,659458,1072083.378071502,625054.82305125,1.2246467991473532e-16,-1.0
2024-07-01,IU_West_3,West,IU,7,2024,1.54,0.65,1.0,7.601040122022458,117.31426134015089,76.27836670148743,8619.49096069514,2.910196013700298,78.84950661569539,0.6895,668049,659457.7591125899,613056.0332605692,-0.4999999999999997,-0.8660254037844388
2024-08-01,IU_West_3,West,IU,8,2024,1.54,0.68,1.0,8.018966175783433,123.59800378164897,79.5442999958175,8790.093249353538,3.7788671456108585,65.66164421276201,0.6895,700713,668048.6874696115,600300.0573756954,-0.8660254037844385,-0.5000000000000004
2024-09-01,IU_West_3,West,IU,9,2024,1.54,0.82,1.0,6.699020473173092,190.48455908981464,80.39706000775057,8211.747882443686,3.3283097503005625,68.73513094699446,0.6895,675690,700712.5005818735,634106.5912226697,-1.0,-1.8369701987210297e-16
2024-10-01,IU_West_3,West,IU,10,2024,1.54,1.02,1.0,6.840993956662164,121.16022915933513,83.70907504521882,7560.057815331471,2.829326539742448,67.04868652053992,0.6895,1130595,675689.9525932753,852625.64267828,-0.8660254037844386,0.5000000000000001
2024-11-01,IU_West_3,West,IU,11,2024,1.54,1.1,1.0,7.382552995188782,160.87847189334448,77.26849952152442,7879.5304972104595,4.011334769386097,71.19703394232666,0.6895,1151404,1130594.6494976543,1019180.6522110848,-0.5000000000000004,0.8660254037844384
2024-12-01,IU_West_3,West,IU,12,2024,1.54,1.15,1.0,6.204794466296519,88.16275461879432,82.49014914654215,8005.76091666924,3.3317743702791374,67.11246634517983,0.6895,1275447,1151403.7336737996,1390366.7648648776,-2.4492935982947064e-16,1.0
2025-01-01,IU_West_3,West,IU,1,2025,1.6,1.08,1.0,7.946376318271772,56.74641402318881,85.05633317016384,9121.708578928203,3.00022866651738,65.44377333544116,0.6849999999999999,1451841,1275446.7435009675,1184165.6709350385,0.49999999999999994,0.8660254037844387
2025-02-01,IU_West_3,West,IU,2,2025,1.6,1.12,1.0,7.533505647594199,44.71696494639497,85.81838015885793,9009.891698689074,3.6227419043083113,69.21882168081521,0.6849999999999999,1587726,1451840.73856585,1391051.9166469628,0.8660254037844386,0.5000000000000001
2025-03-01,IU_West_3,West,IU,3,2025,1.6,1.15,1.0,7.435945777814157,28.70548964644167,87.87499814405543,9126.52431430203,2.2734603237101325,68.80242462667103,0.6849999999999999,1479381,1587725.5519874678,1438678.0105932923,1.0,6.123233995736766e-17
2025-04-01,IU_West_3,West,IU,4,2025,1.6,1.05,1.0,8.384607695118365,38.537709827785584,81.15232992098413,8959.163959196847,2.1067442797991003,67.63102248950395,0.6849999999999999,1206155,1479381.3214739931,1324623.7704077943,0.8660254037844387,-0.4999999999999998
2025-05-01,IU_West_3,West,IU,5,2025,1.6,0.95,1.0,5.815208608160836,71.61061571324427,87.43178491944578,9119.298192529963,4.036697755601545,67.84475856441153,0.6849999999999999,1155809,1206155.184863582,1072083.378071502,0.49999999999999994,-0.8660254037844387
2025-06-01,IU_West_3,West,IU,6,2025,1.6,0.72,1.0,7.725091875940215,64.83458124135032,83.29328544073172,8792.764460476861,1.9553331194207335,74.738783191524,0.6849999999999999,869326,1155809.38669289,659457.7591125899,1.2246467991473532e-16,-1.0
2025-07-01,IU_West_3,West,IU,7,2025,1.6,0.65,1.0,9.0,169.50535261693776,88.28762036493048,8847.815977357342,2.7186578437541162,68.72103914292998,0.6849999999999999,667537,869325.7368059029,668048.6874696115,-0.4999999999999997,-0.8660254037844388
2025-08-01,IU_West_3,West,IU,8,2025,1.6,0.68,1.0,6.69666837640925,161.94291481013403,86.00367290361363,8740.788673284951,2.06012837168925,65.46348935008626,0.6849999999999999,691257,667537.0135676548,700712.5005818735,-0.8660254037844385,-0.5000000000000004
2025-09-01,IU_West_3,West,IU,9,2025,1.6,0.82,1.0,9.0,137.02936668371004,84.37141485544883,9862.766790526284,3.1110908265209343,68.15153614480057,0.6849999999999999,950552,691257.4971861369,675689.9525932753,-1.0,-1.8369701987210297e-16
2025-10-01,IU_West_3,West,IU,10,2025,1.6,1.02,1.0,8.065587345095238,136.3400779240714,83.22992209272753,9658.755353777899,3.8424469981209324,70.21734263786158,0.6849999999999999,1085719,950552.2403231765,1130594.6494976543,-0.8660254037844386,0.5000000000000001
2025-11-01,IU_West_3,West,IU,11,2025,1.6,1.1,1.0,7.276450629342298,156.22958611652038,87.469884983066,9249.88238550558,3.5898703589859013,64.65492145379459,0.6849999999999999,1114912,1085718.982259138,1151403.7336737996,-0.5000000000000004,0.8660254037844384
2025-12-01,IU_West_3,West,IU,12,2025,1.6,1.15,1.0,6.415230008564232,111.1961099066338,88.78285505644278,9596.389048769935,5.413498711565827,76.5039118400256,0.6849999999999999,1276207,1114911.5608272932,1275446.7435009675,-2.4492935982947064e-16,1.0
