Date,Supplying_IU,Receiving_GU,Mode,Units_Dispatched,Unit_Type,Quantity_MT,Total_Cost_INR
2015-01-01,IU_Central_1,GU_Central_2,road,990,Trucks (30 MT),29700.0,4557323.57
2015-01-01,IU_Central_2,GU_Central_1,road,10052,Trucks (30 MT),301560.0,20974934.0
2015-01-01,IU_Central_2,GU_Central_2,road,10443,Trucks (30 MT),313290.0,32603046.0
2015-01-01,IU_Central_3,GU_Central_1,road,3637,Trucks (30 MT),109110.0,9674679.79
2015-01-01,IU_Central_3,GU_Central_3,road,11940,Trucks (30 MT),358200.0,16736468.57
2015-01-01,IU_East_1,GU_East_3,road,8042,Trucks (30 MT),241260.0,42656491.29
2015-01-01,IU_East_2,GU_East_1,road,12708,Trucks (30 MT),381240.0,25100115.43
2015-01-01,IU_East_2,GU_East_3,road,3483,Trucks (30 MT),104490.0,11595155.79
2015-01-01,IU_East_3,GU_East_2,road,13428,Trucks (30 MT),402840.0,24169440.86
2015-01-01,IU_North_1,GU_North_2,road,8689,Trucks (30 MT),260670.0,24082184.14
2015-01-01,IU_North_1,GU_North_3,road,15962,Trucks (30 MT),478860.0,21865659.71
2015-01-01,IU_North_2,GU_North_2,road,6764,Trucks (30 MT),202920.0,29413254.0
2015-01-01,IU_North_3,GU_North_1,road,17007,Trucks (30 MT),510210.0,18962805.0
2015-01-01,IU_South_1,GU_South_2,road,20386,Trucks (30 MT),611580.0,18509031.86
2015-01-01,IU_South_2,GU_South_1,road,15186,Trucks (30 MT),455580.0,14755368.43
2015-01-01,IU_South_2,GU_South_3,road,15345,Trucks (30 MT),460350.0,16131979.29
2015-01-01,IU_South_3,GU_South_1,road,3949,Trucks (30 MT),118470.0,15159364.79
2015-01-01,IU_West_1,GU_West_2,road,14164,Trucks (30 MT),424920.0,25268576.0
2015-01-01,IU_West_2,GU_West_3,road,13784,Trucks (30 MT),413520.0,53352941.14
2015-01-01,IU_West_3,GU_West_1,road,12559,Trucks (30 MT),376770.0,17204035.86
2015-02-01,IU_Central_1,GU_Central_2,road,498,Trucks (30 MT),14940.0,2307686.47
2015-02-01,IU_Central_2,GU_Central_1,road,6068,Trucks (30 MT),182040.0,12745781.99
2015-02-01,IU_Central_2,GU_Central_2,road,12043,Trucks (30 MT),361290.0,37847776.96
2015-02-01,IU_Central_3,GU_Central_1,road,5400,Trucks (30 MT),162000.0,14459718.86
2015-02-01,IU_Central_3,GU_Central_3,road,11976,Trucks (30 MT),359280.0,16898341.3
2015-02-01,IU_East_1,GU_East_3,road,12011,Trucks (30 MT),360330.0,64131739.3
2015-02-01,IU_East_2,GU_East_1,road,13978,Trucks (30 MT),419340.0,27791778.47
2015-02-01,IU_East_2,GU_East_3,road,4234,Trucks (30 MT),127020.0,14188835.63
2015-02-01,IU_East_3,GU_East_2,road,14906,Trucks (30 MT),447180.0,27007798.1
2015-02-01,IU_North_1,GU_North_2,road,417,Trucks (30 MT),12510.0,1163415.7
2015-02-01,IU_North_1,GU_North_3,road,18995,Trucks (30 MT),569850.0,26193128.11
2015-02-01,IU_North_2,GU_North_2,road,19083,Trucks (30 MT),572490.0,83533160.88
2015-02-01,IU_North_3,GU_North_1,road,16468,Trucks (30 MT),494040.0,18483683.2
2015-02-01,IU_South_1,GU_South_2,road,19062,Trucks (30 MT),571860.0,17421796.59
2015-02-01,IU_South_2,GU_South_1,road,7112,Trucks (30 MT),213360.0,6956186.24
2015-02-01,IU_South_2,GU_South_3,road,17659,Trucks (30 MT),529770.0,18687863.79
2015-02-01,IU_South_3,GU_South_1,road,12200,Trucks (30 MT),366000.0,47144006.86
2015-02-01,IU_West_1,GU_West_2,road,13115,Trucks (30 MT),393450.0,23552441.6
2015-02-01,IU_West_2,GU_West_3,road,15149,Trucks (30 MT),454470.0,59025524.81
2015-02-01,IU_West_3,GU_West_1,road,13205,Trucks (30 MT),396150.0,18209015.89
2015-03-01,IU_Central_1,GU_Central_2,road,3083,Trucks (30 MT),92490.0,13988495.9
2015-03-01,IU_Central_2,GU_Central_1,road,9276,Trucks (30 MT),278280.0,19077949.2
2015-03-01,IU_Central_2,GU_Central_2,road,9281,Trucks (30 MT),278430.0,28559493.2
2015-03-01,IU_Central_3,GU_Central_1,road,6008,Trucks (30 MT),180240.0,15752375.2
2015-03-01,IU_Central_3,GU_Central_3,road,11756,Trucks (30 MT),352680.0,16242089.6
2015-03-01,IU_East_1,GU_East_3,road,6367,Trucks (30 MT),191010.0,33287312.7
2015-03-01,IU_East_2,GU_East_1,road,11906,Trucks (30 MT),357180.0,23178600.8
2015-03-01,IU_East_2,GU_East_3,road,9178,Trucks (30 MT),275340.0,30115771.4
2015-03-01,IU_East_3,GU_East_2,road,15120,Trucks (30 MT),453600.0,26824392.0
2015-03-01,IU_North_1,GU_North_2,road,12797,Trucks (30 MT),383910.0,34958844.6
2015-03-01,IU_North_1,GU_North_3,road,16258,Trucks (30 MT),487740.0,21951551.6
2015-03-01,IU_North_2,GU_North_2,road,6560,Trucks (30 MT),196800.0,28116816.0
2015-03-01,IU_North_3,GU_North_1,road,17338,Trucks (30 MT),520140.0,19054462.0
2015-03-01,IU_South_1,GU_South_2,road,17905,Trucks (30 MT),537150.0,16023184.5
2015-03-01,IU_South_2,GU_South_1,road,10743,Trucks (30 MT),322290.0,10288571.1
2015-03-01,IU_South_2,GU_South_3,road,20792,Trucks (30 MT),623760.0,21544670.4
2015-03-01,IU_South_3,GU_South_1,road,8846,Trucks (30 MT),265380.0,33470610.2
2015-03-01,IU_West_1,GU_West_2,road,13390,Trucks (30 MT),401700.0,23544976.0
2015-03-01,IU_West_2,GU_West_3,road,13292,Trucks (30 MT),398760.0,50710309.2
2015-03-01,IU_West_3,GU_West_1,road,11632,Trucks (30 MT),348960.0,15705526.4
2015-04-01,IU_Central_1,GU_Central_2,road,897,Trucks (30 MT),26910.0,4282529.16
2015-04-01,IU_Central_2,GU_Central_1,road,7137,Trucks (30 MT),214110.0,15445324.44
2015-04-01,IU_Central_2,GU_Central_2,road,11121,Trucks (30 MT),333630.0,36008908.32
2015-04-01,IU_Central_3,GU_Central_1,road,5852,Trucks (30 MT),175560.0,16144731.68
2015-04-01,IU_Central_3,GU_Central_3,road,11876,Trucks (30 MT),356280.0,17264853.76
2015-04-01,IU_East_1,GU_East_3,road,9057,Trucks (30 MT),271710.0,49824006.12
2015-04-01,IU_East_2,GU_East_1,road,13582,Trucks (30 MT),407460.0,27822455.36
2015-04-01,IU_East_2,GU_East_3,road,2747,Trucks (30 MT),82410.0,9484511.96
2015-04-01,IU_East_3,GU_East_2,road,13620,Trucks (30 MT),408600.0,25425271.2
2015-04-01,IU_North_1,GU_North_2,road,4252,Trucks (30 MT),127560.0,12222288.96
2015-04-01,IU_North_1,GU_North_3,road,19018,Trucks (30 MT),570540.0,27019252.96
2015-04-01,IU_North_2,GU_North_2,road,12036,Trucks (30 MT),361080.0,54281878.56
2015-04-01,IU_North_3,GU_North_1,road,17147,Trucks (30 MT),514410.0,19828790.8
2015-04-01,IU_South_1,GU_South_2,road,17489,Trucks (30 MT),524670.0,16468341.96
2015-04-01,IU_South_2,GU_South_1,road,9951,Trucks (30 MT),298530.0,10027821.72
2015-04-01,IU_South_2,GU_South_3,road,18903,Trucks (30 MT),567090.0,20610318.96
2015-04-01,IU_South_3,GU_South_1,road,8390,Trucks (30 MT),251700.0,33403274.8
2015-04-01,IU_West_1,GU_West_2,road,11023,Trucks (30 MT),330690.0,20395195.52
2015-04-01,IU_West_2,GU_West_3,road,13017,Trucks (30 MT),390510.0,52254924.12
2015-04-01,IU_West_3,GU_West_1,road,11235,Trucks (30 MT),337050.0,15961789.2
2015-05-01,IU_Central_1,GU_Central_2,road,3302,Trucks (30 MT),99060.0,14968532.06
2015-05-01,IU_Central_2,GU_Central_1,road,7801,Trucks (30 MT),234030.0,16029717.69
2015-05-01,IU_Central_2,GU_Central_2,road,6486,Trucks (30 MT),194580.0,19940558.4
2015-05-01,IU_Central_3,GU_Central_1,road,3223,Trucks (30 MT),96690.0,8442694.54
2015-05-01,IU_Central_3,GU_Central_3,road,9928,Trucks (30 MT),297840.0,13704043.89
2015-05-01,IU_East_1,GU_East_3,road,7111,Trucks (30 MT),213330.0,37143191.06
2015-05-01,IU_East_2,GU_East_1,road,11710,Trucks (30 MT),351300.0,22776284.57
2015-05-01,IU_East_2,GU_East_3,road,4641,Trucks (30 MT),139230.0,15214656.6
2015-05-01,IU_East_3,GU_East_2,road,10443,Trucks (30 MT),313290.0,18510068.31
2015-05-01,IU_North_1,GU_North_2,road,4982,Trucks (30 MT),149460.0,13597443.77
2015-05-01,IU_North_1,GU_North_3,road,14681,Trucks (30 MT),440430.0,19804249.54
2015-05-01,IU_North_2,GU_North_2,road,8518,Trucks (30 MT),255540.0,36475779.6
2015-05-01,IU_North_3,GU_North_1,road,14930,Trucks (30 MT),447900.0,16393140.0
2015-05-01,IU_South_1,GU_South_2,road,15272,Trucks (30 MT),458160.0,13654477.03
2015-05-01,IU_South_2,GU_South_1,road,9678,Trucks (30 MT),290340.0,9260186.91
2015-05-01,IU_South_2,GU_South_3,road,11467,Trucks (30 MT),344010.0,11871293.66
2015-05-01,IU_South_3,GU_South_1,road,4976,Trucks (30 MT),149280.0,18810559.54
2015-05-01,IU_West_1,GU_West_2,road,12567,Trucks (30 MT),377010.0,22077705.6
2015-05-01,IU_West_2,GU_West_3,road,11295,Trucks (30 MT),338850.0,43052344.71
2015-05-01,IU_West_3,GU_West_1,road,11621,Trucks (30 MT),348630.0,15676396.97
2015-06-01,IU_Central_1,GU_Central_2,road,390,Trucks (30 MT),11700.0,1772767.29
2015-06-01,IU_Central_2,GU_Central_1,road,2137,Trucks (30 MT),64110.0,4403166.39
2015-06-01,IU_Central_2,GU_Central_2,road,8965,Trucks (30 MT),268950.0,27637302.0
2015-06-01,IU_Central_3,GU_Central_1,road,4634,Trucks (30 MT),139020.0,12171995.4
2015-06-01,IU_Central_3,GU_Central_3,road,6186,Trucks (30 MT),185580.0,8562130.97
2015-06-01,IU_East_1,GU_East_3,road,4483,Trucks (30 MT),134490.0,23480224.84
2015-06-01,IU_East_2,GU_East_1,road,6989,Trucks (30 MT),209670.0,13630946.23
2015-06-01,IU_East_2,GU_East_3,road,3167,Trucks (30 MT),95010.0,10410788.61
2015-06-01,IU_East_3,GU_East_2,road,8506,Trucks (30 MT),255180.0,15117956.83
2015-06-01,IU_North_1,GU_North_2,road,5624,Trucks (30 MT),168720.0,15391602.51
2015-06-01,IU_North_1,GU_North_3,road,9469,Trucks (30 MT),284070.0,12808310.49
2015-06-01,IU_North_2,GU_North_2,road,5488,Trucks (30 MT),164640.0,23564923.2
2015-06-01,IU_North_3,GU_North_1,road,10115,Trucks (30 MT),303450.0,11136615.0
2015-06-01,IU_South_1,GU_South_2,road,9856,Trucks (30 MT),295680.0,8836185.6
2015-06-01,IU_South_2,GU_South_1,road,5091,Trucks (30 MT),152730.0,4884523.59
2015-06-01,IU_South_2,GU_South_3,road,9943,Trucks (30 MT),298290.0,10321686.26
2015-06-01,IU_South_3,GU_South_1,road,5129,Trucks (30 MT),153870.0,19441914.13
2015-06-01,IU_West_1,GU_West_2,road,10188,Trucks (30 MT),305640.0,17947180.8
2015-06-01,IU_West_2,GU_West_3,road,7384,Trucks (30 MT),221520.0,28221964.46
2015-06-01,IU_West_3,GU_West_1,road,6859,Trucks (30 MT),205770.0,9277875.34
2015-07-01,IU_Central_1,GU_Central_2,road,4060,Trucks (30 MT),121800.0,18860602.4
2015-07-01,IU_Central_2,GU_Central_1,road,5599,Trucks (30 MT),167970.0,11789990.27
2015-07-01,IU_Central_2,GU_Central_2,road,2287,Trucks (30 MT),68610.0,7205330.72
2015-07-01,IU_Central_3,GU_Central_1,road,293,Trucks (30 MT),8790.0,786530.87
2015-07-01,IU_Central_3,GU_Central_3,road,6344,Trucks (30 MT),190320.0,8973823.63
2015-07-01,IU_East_1,GU_East_3,road,2944,Trucks (30 MT),88320.0,15758458.15
2015-07-01,IU_East_2,GU_East_1,road,6751,Trucks (30 MT),202530.0,13456170.35
2015-07-01,IU_East_2,GU_East_3,road,3312,Trucks (30 MT),99360.0,11126749.17
2015-07-01,IU_East_3,GU_East_2,road,6241,Trucks (30 MT),187230.0,11336116.74
2015-07-01,IU_North_1,GU_North_2,road,4164,Trucks (30 MT),124920.0,11646398.67
2015-07-01,IU_North_1,GU_North_3,road,7855,Trucks (30 MT),235650.0,10858662.23
2015-07-01,IU_North_2,GU_North_2,road,4901,Trucks (30 MT),147030.0,21506960.28
2015-07-01,IU_North_3,GU_North_1,road,8302,Trucks (30 MT),249060.0,9341410.4
2015-07-01,IU_South_1,GU_South_2,road,7980,Trucks (30 MT),239400.0,7311549.6
2015-07-01,IU_South_2,GU_South_1,road,3277,Trucks (30 MT),98310.0,3213201.49
2015-07-01,IU_South_2,GU_South_3,road,8047,Trucks (30 MT),241410.0,8537085.29
2015-07-01,IU_South_3,GU_South_1,road,7547,Trucks (30 MT),226410.0,29236344.86
2015-07-01,IU_West_1,GU_West_2,road,7060,Trucks (30 MT),211800.0,12710259.2
2015-07-01,IU_West_2,GU_West_3,road,6747,Trucks (30 MT),202410.0,26354128.99
2015-07-01,IU_West_3,GU_West_1,road,5406,Trucks (30 MT),162180.0,7473192.62
2015-07-01,IU_West_3,GU_West_3,road,935,Trucks (30 MT),28050.0,4223277.46
2015-08-01,IU_Central_1,GU_Central_2,road,5094,Trucks (30 MT),152820.0,22486284.1
2015-08-01,IU_Central_2,GU_Central_1,road,4432,Trucks (30 MT),132960.0,8868128.09
2015-08-01,IU_Central_2,GU_Central_2,road,1553,Trucks (30 MT),46590.0,4649309.28
2015-08-01,IU_Central_3,GU_Central_1,road,744,Trucks (30 MT),22320.0,1897799.45
2015-08-01,IU_Central_3,GU_Central_3,road,5577,Trucks (30 MT),167310.0,7496252.85
2015-08-01,IU_East_1,GU_East_3,road,4044,Trucks (30 MT),121320.0,20569147.41
2015-08-01,IU_East_2,GU_East_1,road,6371,Trucks (30 MT),191130.0,12066746.81
2015-08-01,IU_East_2,GU_East_3,road,1502,Trucks (30 MT),45060.0,4794873.22
2015-08-01,IU_East_3,GU_East_2,road,4839,Trucks (30 MT),145170.0,8352086.35
2015-08-01,IU_North_1,GU_North_2,road,2956,Trucks (30 MT),88680.0,7856237.21
2015-08-01,IU_North_1,GU_North_3,road,7010,Trucks (30 MT),210300.0,9208255.89
2015-08-01,IU_North_2,GU_North_1,road,616,Trucks (30 MT),18480.0,1486615.68
2015-08-01,IU_North_2,GU_North_2,road,5188,Trucks (30 MT),155640.0,21633337.44
2015-08-01,IU_North_3,GU_North_1,road,8684,Trucks (30 MT),260520.0,9284932.8
2015-08-01,IU_South_1,GU_South_2,road,8356,Trucks (30 MT),250680.0,7275020.09
2015-08-01,IU_South_2,GU_South_1,road,635,Trucks (30 MT),19050.0,591649.46
2015-08-01,IU_South_2,GU_South_3,road,9508,Trucks (30 MT),285240.0,9585041.97
2015-08-01,IU_South_3,GU_South_1,road,7346,Trucks (30 MT),220380.0,27041381.59
2015-08-01,IU_West_1,GU_West_2,road,6515,Trucks (30 MT),195450.0,11145340.8
2015-08-01,IU_West_2,GU_West_3,road,6383,Trucks (30 MT),191490.0,23691471.07
2015-08-01,IU_West_3,GU_West_1,road,7691,Trucks (30 MT),230730.0,10102809.7
2015-09-01,IU_Central_2,GU_Central_1,road,3226,Trucks (30 MT),96780.0,6602313.17
2015-09-01,IU_Central_2,GU_Central_2,road,7527,Trucks (30 MT),225810.0,23048276.16
2015-09-01,IU_Central_3,GU_Central_1,road,3571,Trucks (30 MT),107130.0,9316800.22
2015-09-01,IU_Central_3,GU_Central_3,road,6665,Trucks (30 MT),199950.0,9163118.17
2015-09-01,IU_East_1,GU_East_3,road,6051,Trucks (30 MT),181530.0,31479791.55
2015-09-01,IU_East_2,GU_East_1,road,8272,Trucks (30 MT),248160.0,16024802.01
2015-09-01,IU_East_2,GU_East_3,road,12,Trucks (30 MT),360.0,39182.13
2015-09-01,IU_East_3,GU_East_2,road,6451,Trucks (30 MT),193530.0,11388484.81
2015-09-01,IU_North_1,GU_North_2,road,5209,Trucks (30 MT),156270.0,14160026.54
2015-09-01,IU_North_1,GU_North_3,road,10698,Trucks (30 MT),320940.0,14373466.01
2015-09-01,IU_North_2,GU_North_2,road,4917,Trucks (30 MT),147510.0,20971201.68
2015-09-01,IU_North_3,GU_North_1,road,11558,Trucks (30 MT),346740.0,12639828.8
2015-09-01,IU_South_1,GU_South_2,road,11142,Trucks (30 MT),334260.0,9921982.83
2015-09-01,IU_South_2,GU_South_1,road,4537,Trucks (30 MT),136110.0,4323735.07
2015-09-01,IU_South_2,GU_South_3,road,9343,Trucks (30 MT),280290.0,9633647.38
2015-09-01,IU_South_3,GU_South_1,road,5202,Trucks (30 MT),156060.0,19586094.79
2015-09-01,IU_West_1,GU_West_2,road,7162,Trucks (30 MT),214860.0,12531781.12
2015-09-01,IU_West_2,GU_West_3,road,8640,Trucks (30 MT),259200.0,32800501.03
2015-09-01,IU_West_3,GU_West_1,road,7218,Trucks (30 MT),216540.0,9697857.33
2015-10-01,IU_Central_1,GU_Central_2,road,1046,Trucks (30 MT),31380.0,4749470.59
2015-10-01,IU_Central_2,GU_Central_1,road,4348,Trucks (30 MT),130440.0,8949041.18
2015-10-01,IU_Central_2,GU_Central_2,road,9021,Trucks (30 MT),270630.0,27779628.24
2015-10-01,IU_Central_3,GU_Central_1,road,4240,Trucks (30 MT),127200.0,11124948.34
2015-10-01,IU_Central_3,GU_Central_3,road,9448,Trucks (30 MT),283440.0,13062858.79
2015-10-01,IU_East_1,GU_East_3,road,2572,Trucks (30 MT),77160.0,13456461.5
2015-10-01,IU_East_2,GU_East_1,road,9577,Trucks (30 MT),287310.0,18658075.58
2015-10-01,IU_East_2,GU_East_3,road,4974,Trucks (30 MT),149220.0,16333066.95
2015-10-01,IU_East_3,GU_East_2,road,8140,Trucks (30 MT),244200.0,14451686.23
2015-10-01,IU_North_1,GU_North_2,road,5152,Trucks (30 MT),154560.0,14084478.72
2015-10-01,IU_North_1,GU_North_3,road,11766,Trucks (30 MT),352980.0,15898017.5
2015-10-01,IU_North_2,GU_North_2,road,9331,Trucks (30 MT),279930.0,40022711.82
2015-10-01,IU_North_3,GU_North_1,road,10737,Trucks (30 MT),322110.0,11808552.6
2015-10-01,IU_South_1,GU_South_2,road,12278,Trucks (30 MT),368340.0,10995580.44
2015-10-01,IU_South_2,GU_South_1,road,3445,Trucks (30 MT),103350.0,3301678.16
2015-10-01,IU_South_2,GU_South_3,road,13369,Trucks (30 MT),401070.0,13863041.85
2015-10-01,IU_South_3,GU_South_1,road,10415,Trucks (30 MT),312450.0,39435921.39
2015-10-01,IU_West_1,GU_West_2,road,10275,Trucks (30 MT),308250.0,18080712.0
2015-10-01,IU_West_2,GU_West_3,road,10342,Trucks (30 MT),310260.0,39484485.41
2015-10-01,IU_West_3,GU_West_1,road,11387,Trucks (30 MT),341610.0,15385919.19
2015-11-01,IU_Central_1,GU_Central_2,road,2578,Trucks (30 MT),77340.0,12495418.69
2015-11-01,IU_Central_2,GU_Central_1,road,8579,Trucks (30 MT),257370.0,18848553.23
2015-11-01,IU_Central_2,GU_Central_2,road,8744,Trucks (30 MT),262320.0,28743276.8
2015-11-01,IU_Central_3,GU_Central_1,road,3106,Trucks (30 MT),93180.0,8699373.54
2015-11-01,IU_Central_3,GU_Central_3,road,10560,Trucks (30 MT),316800.0,15585353.14
2015-11-01,IU_East_1,GU_East_3,road,3460,Trucks (30 MT),103800.0,19323704.57
2015-11-01,IU_East_2,GU_East_1,road,8776,Trucks (30 MT),263280.0,18251071.09
2015-11-01,IU_East_2,GU_East_3,road,5665,Trucks (30 MT),169950.0,19857119.86
2015-11-01,IU_East_3,GU_East_2,road,11538,Trucks (30 MT),346140.0,21866487.94
2015-11-01,IU_North_1,GU_North_2,road,6418,Trucks (30 MT),192540.0,18729190.97
2015-11-01,IU_North_1,GU_North_3,road,13057,Trucks (30 MT),391710.0,18832670.69
2015-11-01,IU_North_2,GU_North_2,road,6066,Trucks (30 MT),181980.0,27773787.6
2015-11-01,IU_North_3,GU_North_1,road,13112,Trucks (30 MT),393360.0,15393488.0
2015-11-01,IU_South_1,GU_South_2,road,14964,Trucks (30 MT),448920.0,14305156.46
2015-11-01,IU_South_2,GU_South_1,road,1133,Trucks (30 MT),33990.0,1159123.74
2015-11-01,IU_South_2,GU_South_3,road,16164,Trucks (30 MT),484920.0,17892162.51
2015-11-01,IU_South_3,GU_South_1,road,15154,Trucks (30 MT),454620.0,61251169.09
2015-11-01,IU_West_1,GU_West_2,road,11651,Trucks (30 MT),349530.0,21885238.4
2015-11-01,IU_West_2,GU_West_3,road,12888,Trucks (30 MT),386640.0,52524491.66
2015-11-01,IU_West_3,GU_West_1,road,10653,Trucks (30 MT),319590.0,15365278.46
2015-12-01,IU_Central_1,GU_Central_2,road,1300,Trucks (30 MT),39000.0,6091707.14
2015-12-01,IU_Central_2,GU_Central_1,road,10496,Trucks (30 MT),314880.0,22294253.71
2015-12-01,IU_Central_2,GU_Central_2,road,8948,Trucks (30 MT),268440.0,28436744.0
2015-12-01,IU_Central_3,GU_Central_1,road,3520,Trucks (30 MT),105600.0,9531405.71
2015-12-01,IU_Central_3,GU_Central_3,road,12111,Trucks (30 MT),363330.0,17280666.86
2015-12-01,IU_East_1,GU_East_3,road,6522,Trucks (30 MT),195660.0,35214607.29
2015-12-01,IU_East_2,GU_East_1,road,11592,Trucks (30 MT),347760.0,23306544.0
2015-12-01,IU_East_2,GU_East_3,road,5663,Trucks (30 MT),169890.0,19190693.5
2015-12-01,IU_East_3,GU_East_2,road,11882,Trucks (30 MT),356460.0,21770370.14
2015-12-01,IU_North_1,GU_North_2,road,7998,Trucks (30 MT),239940.0,22564643.14
2015-12-01,IU_North_1,GU_North_3,road,15491,Trucks (30 MT),464730.0,21601093.0
2015-12-01,IU_North_2,GU_North_2,road,6933,Trucks (30 MT),207990.0,30688924.5
2015-12-01,IU_North_3,GU_North_1,road,14461,Trucks (30 MT),433830.0,16413235.0
2015-12-01,IU_South_1,GU_South_2,road,17282,Trucks (30 MT),518460.0,15972271.29
2015-12-01,IU_South_2,GU_South_1,road,7587,Trucks (30 MT),227610.0,7504084.93
2015-12-01,IU_South_2,GU_South_3,road,14822,Trucks (30 MT),444660.0,15861657.43
2015-12-01,IU_South_3,GU_South_1,road,7477,Trucks (30 MT),224310.0,29217445.64
2015-12-01,IU_West_1,GU_West_2,road,13460,Trucks (30 MT),403800.0,24443360.0
2015-12-01,IU_West_2,GU_West_3,road,11121,Trucks (30 MT),333630.0,43817534.36
2015-12-01,IU_West_3,GU_West_1,road,13159,Trucks (30 MT),394770.0,18349285.57
2016-01-01,IU_Central_1,GU_Central_2,road,324,Trucks (30 MT),9720.0,1497640.94
2016-01-01,IU_Central_2,GU_Central_1,road,7137,Trucks (30 MT),214110.0,14953809.45
2016-01-01,IU_Central_2,GU_Central_2,road,14085,Trucks (30 MT),422550.0,44154784.8
2016-01-01,IU_Central_3,GU_Central_1,road,5890,Trucks (30 MT),176700.0,15732459.26
2016-01-01,IU_Central_3,GU_Central_3,road,13999,Trucks (30 MT),419970.0,19703552.5
2016-01-01,IU_East_1,GU_East_3,road,10806,Trucks (30 MT),324180.0,57553805.73
2016-01-01,IU_East_2,GU_East_1,road,15477,Trucks (30 MT),464310.0,30695401.44
2016-01-01,IU_East_2,GU_East_3,road,4428,Trucks (30 MT),132840.0,14801943.7
2016-01-01,IU_East_3,GU_East_2,road,16587,Trucks (30 MT),497610.0,29978585.54
2016-01-01,IU_North_1,GU_North_2,road,10147,Trucks (30 MT),304410.0,28239158.98
2016-01-01,IU_North_1,GU_North_3,road,17548,Trucks (30 MT),526440.0,24137424.41
2016-01-01,IU_North_2,GU_North_2,road,8644,Trucks (30 MT),259320.0,37743507.36
2016-01-01,IU_North_3,GU_North_1,road,18032,Trucks (30 MT),540960.0,20188627.2
2016-01-01,IU_South_1,GU_South_2,road,21023,Trucks (30 MT),630690.0,19166128.51
2016-01-01,IU_South_2,GU_South_1,road,10661,Trucks (30 MT),319830.0,10401419.88
2016-01-01,IU_South_2,GU_South_3,road,20627,Trucks (30 MT),618810.0,21774332.67
2016-01-01,IU_South_3,GU_South_1,road,9261,Trucks (30 MT),277830.0,35697662.28
2016-01-01,IU_West_1,GU_West_2,road,13832,Trucks (30 MT),414960.0,24778091.52
2016-01-01,IU_West_2,GU_West_3,road,16174,Trucks (30 MT),485220.0,62862053.25
2016-01-01,IU_West_3,GU_West_1,road,14134,Trucks (30 MT),424020.0,19441438.15
2016-02-01,IU_Central_1,GU_Central_2,road,455,Trucks (30 MT),13650.0,2074615.4
2016-02-01,IU_Central_2,GU_Central_1,road,7973,Trucks (30 MT),239190.0,16478641.96
2016-02-01,IU_Central_2,GU_Central_2,road,14018,Trucks (30 MT),420540.0,43348141.76
2016-02-01,IU_Central_3,GU_Central_1,road,7959,Trucks (30 MT),238770.0,20970236.76
2016-02-01,IU_Central_3,GU_Central_3,road,15261,Trucks (30 MT),457830.0,21188197.99
2016-02-01,IU_East_1,GU_East_3,road,12826,Trucks (30 MT),384780.0,67385092.22
2016-02-01,IU_East_2,GU_East_1,road,16717,Trucks (30 MT),501510.0,32704565.65
2016-02-01,IU_East_2,GU_East_3,road,5495,Trucks (30 MT),164850.0,18119338.6
2016-02-01,IU_East_3,GU_East_2,road,15224,Trucks (30 MT),456720.0,27141608.18
2016-02-01,IU_North_1,GU_North_2,road,5102,Trucks (30 MT),153060.0,14006127.02
2016-02-01,IU_North_1,GU_North_3,road,20694,Trucks (30 MT),620820.0,28078328.71
2016-02-01,IU_North_2,GU_North_2,road,14195,Trucks (30 MT),425850.0,61140136.2
2016-02-01,IU_North_3,GU_North_1,road,20542,Trucks (30 MT),616260.0,22686584.8
2016-02-01,IU_South_1,GU_South_2,road,22363,Trucks (30 MT),670890.0,20110982.01
2016-02-01,IU_South_2,GU_South_1,road,2988,Trucks (30 MT),89640.0,2875668.27
2016-02-01,IU_South_2,GU_South_3,road,22368,Trucks (30 MT),671040.0,23291606.67
2016-02-01,IU_South_3,GU_South_1,road,18412,Trucks (30 MT),552360.0,70007789.78
2016-02-01,IU_West_1,GU_West_2,road,17295,Trucks (30 MT),518850.0,30560956.8
2016-02-01,IU_West_2,GU_West_3,road,16818,Trucks (30 MT),504540.0,64477617.22
2016-02-01,IU_West_3,GU_West_1,road,14359,Trucks (30 MT),430770.0,19482783.51
2016-03-01,IU_Central_1,GU_Central_2,road,2010,Trucks (30 MT),60300.0,9327433.71
2016-03-01,IU_Central_2,GU_Central_1,road,9464,Trucks (30 MT),283920.0,19907388.8
2016-03-01,IU_Central_2,GU_Central_2,road,14152,Trucks (30 MT),424560.0,44539174.4
2016-03-01,IU_Central_3,GU_Central_1,road,7031,Trucks (30 MT),210930.0,18853927.83
2016-03-01,IU_Central_3,GU_Central_3,road,13909,Trucks (30 MT),417270.0,19653814.4
2016-03-01,IU_East_1,GU_East_3,road,8862,Trucks (30 MT),265860.0,47385367.2
2016-03-01,IU_East_2,GU_East_1,road,15591,Trucks (30 MT),467730.0,31043017.37
2016-03-01,IU_East_2,GU_East_3,road,7522,Trucks (30 MT),225660.0,25243402.17
2016-03-01,IU_East_3,GU_East_2,road,15459,Trucks (30 MT),463770.0,28049692.97
2016-03-01,IU_North_1,GU_North_2,road,7270,Trucks (30 MT),218100.0,20311964.57
2016-03-01,IU_North_1,GU_North_3,road,23234,Trucks (30 MT),697020.0,32084162.51
2016-03-01,IU_North_2,GU_North_2,road,11413,Trucks (30 MT),342390.0,50030026.8
2016-03-01,IU_North_3,GU_North_1,road,18596,Trucks (30 MT),557880.0,20901904.0
2016-03-01,IU_South_1,GU_South_2,road,24045,Trucks (30 MT),721350.0,22007358.0
2016-03-01,IU_South_2,GU_South_1,road,4984,Trucks (30 MT),149520.0,4881756.8
2016-03-01,IU_South_2,GU_South_3,road,25115,Trucks (30 MT),753450.0,26616159.43
2016-03-01,IU_South_3,GU_South_1,road,18335,Trucks (30 MT),550050.0,70952259.14
2016-03-01,IU_West_1,GU_West_2,road,17342,Trucks (30 MT),520260.0,31187852.8
2016-03-01,IU_West_2,GU_West_3,road,16283,Trucks (30 MT),488490.0,63534405.09
2016-03-01,IU_West_3,GU_West_1,road,17223,Trucks (30 MT),516690.0,23783486.74
2016-04-01,IU_Central_1,GU_Central_2,road,3641,Trucks (30 MT),109230.0,16941208.9
2016-04-01,IU_Central_2,GU_Central_1,road,9016,Trucks (30 MT),270480.0,19015645.6
2016-04-01,IU_Central_2,GU_Central_2,road,10694,Trucks (30 MT),320820.0,33745986.4
2016-04-01,IU_Central_3,GU_Central_1,road,4303,Trucks (30 MT),129090.0,11569476.1
2016-04-01,IU_Central_3,GU_Central_3,road,14143,Trucks (30 MT),424290.0,20037802.4
2016-04-01,IU_East_1,GU_East_3,road,11277,Trucks (30 MT),338310.0,60459380.1
2016-04-01,IU_East_2,GU_East_1,road,17960,Trucks (30 MT),538800.0,35855344.0
2016-04-01,IU_East_2,GU_East_3,road,3602,Trucks (30 MT),108060.0,12120369.8
2016-04-01,IU_East_3,GU_East_2,road,15249,Trucks (30 MT),457470.0,27742505.7
2016-04-01,IU_North_1,GU_North_2,road,10104,Trucks (30 MT),303120.0,28305345.6
2016-04-01,IU_North_1,GU_North_3,road,17432,Trucks (30 MT),522960.0,24136347.2
2016-04-01,IU_North_2,GU_North_2,road,8904,Trucks (30 MT),267120.0,39135751.2
2016-04-01,IU_North_3,GU_North_1,road,16346,Trucks (30 MT),490380.0,18421942.0
2016-04-01,IU_South_1,GU_South_2,road,19593,Trucks (30 MT),587790.0,17980496.1
2016-04-01,IU_South_2,GU_South_1,road,7409,Trucks (30 MT),222270.0,7276378.9
2016-04-01,IU_South_2,GU_South_3,road,21081,Trucks (30 MT),632430.0,22400670.6
2016-04-01,IU_South_3,GU_South_1,road,14509,Trucks (30 MT),435270.0,56296370.9
2016-04-01,IU_West_1,GU_West_2,road,15558,Trucks (30 MT),466740.0,28054185.6
2016-04-01,IU_West_2,GU_West_3,road,15791,Trucks (30 MT),473730.0,61779129.3
2016-04-01,IU_West_3,GU_West_1,road,15924,Trucks (30 MT),477720.0,22048370.4
2016-05-01,IU_Central_2,GU_Central_1,road,4569,Trucks (30 MT),137070.0,9812619.38
2016-05-01,IU_Central_2,GU_Central_2,road,13150,Trucks (30 MT),394500.0,42254632.0
2016-05-01,IU_Central_3,GU_Central_1,road,5494,Trucks (30 MT),164820.0,15041724.35
2016-05-01,IU_Central_3,GU_Central_3,road,11784,Trucks (30 MT),353520.0,17000743.13
2016-05-01,IU_East_1,GU_East_3,road,4572,Trucks (30 MT),137160.0,24959906.54
2016-05-01,IU_East_2,GU_East_1,road,11907,Trucks (30 MT),357210.0,24205638.24
2016-05-01,IU_East_2,GU_East_3,road,8802,Trucks (30 MT),264060.0,30159223.1
2016-05-01,IU_East_3,GU_East_2,road,12665,Trucks (30 MT),379950.0,23462600.03
2016-05-01,IU_North_1,GU_North_2,road,9468,Trucks (30 MT),284040.0,27008470.9
2016-05-01,IU_North_1,GU_North_3,road,15552,Trucks (30 MT),466560.0,21926898.1
2016-05-01,IU_North_2,GU_North_2,road,7100,Trucks (30 MT),213000.0,31777044.0
2016-05-01,IU_North_3,GU_North_1,road,18321,Trucks (30 MT),549630.0,21025179.6
2016-05-01,IU_South_1,GU_South_2,road,17926,Trucks (30 MT),537780.0,16751386.05
2016-05-01,IU_South_2,GU_South_1,road,2427,Trucks (30 MT),72810.0,2427124.82
2016-05-01,IU_South_2,GU_South_3,road,19127,Trucks (30 MT),573810.0,20695851.19
2016-05-01,IU_South_3,GU_South_1,road,15022,Trucks (30 MT),450660.0,59352265.36
2016-05-01,IU_West_1,GU_West_2,road,14041,Trucks (30 MT),421230.0,25781522.56
2016-05-01,IU_West_2,GU_West_3,road,13863,Trucks (30 MT),415890.0,55227577.83
2016-05-01,IU_West_3,GU_West_1,road,11571,Trucks (30 MT),347130.0,16314052.08
2016-06-01,IU_Central_2,GU_Central_1,road,4926,Trucks (30 MT),147780.0,10837453.34
2016-06-01,IU_Central_2,GU_Central_2,road,7597,Trucks (30 MT),227910.0,25006892.96
2016-06-01,IU_Central_3,GU_Central_1,road,2830,Trucks (30 MT),84900.0,7937147.37
2016-06-01,IU_Central_3,GU_Central_3,road,7299,Trucks (30 MT),218970.0,10787171.25
2016-06-01,IU_East_1,GU_East_3,road,3138,Trucks (30 MT),94140.0,17549256.03
2016-06-01,IU_East_2,GU_East_1,road,7722,Trucks (30 MT),231660.0,16080998.81
2016-06-01,IU_East_2,GU_East_3,road,4997,Trucks (30 MT),149910.0,17539498.55
2016-06-01,IU_East_3,GU_East_2,road,9394,Trucks (30 MT),281820.0,17827503.76
2016-06-01,IU_North_1,GU_North_2,road,7866,Trucks (30 MT),235980.0,22986070.15
2016-06-01,IU_North_1,GU_North_3,road,9352,Trucks (30 MT),280560.0,13507173.76
2016-06-01,IU_North_2,GU_North_2,road,3688,Trucks (30 MT),110640.0,16908889.92
2016-06-01,IU_North_3,GU_North_1,road,11891,Trucks (30 MT),356730.0,13979059.6
2016-06-01,IU_South_1,GU_South_2,road,12663,Trucks (30 MT),379890.0,12121964.28
2016-06-01,IU_South_2,GU_South_1,road,4308,Trucks (30 MT),129240.0,4413336.75
2016-06-01,IU_South_2,GU_South_3,road,12454,Trucks (30 MT),373620.0,13804298.26
2016-06-01,IU_South_3,GU_South_1,road,9258,Trucks (30 MT),277740.0,37471040.81
2016-06-01,IU_West_1,GU_West_2,road,7911,Trucks (30 MT),237330.0,14880274.56
2016-06-01,IU_West_2,GU_West_3,road,9495,Trucks (30 MT),284850.0,38749203.51
2016-06-01,IU_West_3,GU_West_1,road,9682,Trucks (30 MT),290460.0,13983795.59
2016-07-01,IU_Central_1,GU_Central_2,road,4822,Trucks (30 MT),144660.0,23097228.45
2016-07-01,IU_Central_2,GU_Central_1,road,5371,Trucks (30 MT),161130.0,11661684.0
2016-07-01,IU_Central_2,GU_Central_2,road,2967,Trucks (30 MT),89010.0,9638477.52
2016-07-01,IU_Central_3,GU_Central_1,road,2637,Trucks (30 MT),79110.0,7298967.37
2016-07-01,IU_Central_3,GU_Central_3,road,7447,Trucks (30 MT),223410.0,10861726.1
2016-07-01,IU_East_1,GU_East_3,road,5629,Trucks (30 MT),168870.0,31067785.88
2016-07-01,IU_East_2,GU_East_1,road,8070,Trucks (30 MT),242100.0,16585556.23
2016-07-01,IU_East_2,GU_East_3,road,705,Trucks (30 MT),21150.0,2442138.13
2016-07-01,IU_East_3,GU_East_2,road,6495,Trucks (30 MT),194850.0,12164448.39
2016-07-01,IU_North_1,GU_North_2,road,4288,Trucks (30 MT),128640.0,12366273.46
2016-07-01,IU_North_1,GU_North_3,road,8324,Trucks (30 MT),249720.0,11864934.47
2016-07-01,IU_North_2,GU_North_1,road,670,Trucks (30 MT),20100.0,1754553.89
2016-07-01,IU_North_2,GU_North_2,road,6296,Trucks (30 MT),188880.0,28488014.88
2016-07-01,IU_North_3,GU_North_1,road,11870,Trucks (30 MT),356100.0,13771574.0
2016-07-01,IU_South_1,GU_South_2,road,8778,Trucks (30 MT),263340.0,8292877.56
2016-07-01,IU_South_2,GU_South_1,road,2626,Trucks (30 MT),78780.0,2654968.53
2016-07-01,IU_South_2,GU_South_3,road,10592,Trucks (30 MT),317760.0,11586619.06
2016-07-01,IU_South_3,GU_South_1,road,7335,Trucks (30 MT),220050.0,29298944.96
2016-07-01,IU_South_3,GU_South_2,road,1298,Trucks (30 MT),38940.0,6411000.01
2016-07-01,IU_West_1,GU_West_1,road,1323,Trucks (30 MT),39690.0,4297844.88
2016-07-01,IU_West_1,GU_West_2,road,8297,Trucks (30 MT),248910.0,15401887.04
2016-07-01,IU_West_2,GU_West_3,road,8061,Trucks (30 MT),241830.0,32466092.07
2016-07-01,IU_West_3,GU_West_1,road,7978,Trucks (30 MT),239340.0,11371750.02
2016-08-01,IU_Central_1,GU_Central_1,road,1191,Trucks (30 MT),35730.0,6025650.12
2016-08-01,IU_Central_1,GU_Central_2,road,8454,Trucks (30 MT),253620.0,38993567.76
2016-08-01,IU_Central_2,GU_Central_1,road,6678,Trucks (30 MT),200340.0,13962095.28
2016-08-01,IU_Central_3,GU_Central_3,road,8204,Trucks (30 MT),246120.0,11522353.92
2016-08-01,IU_East_1,GU_Central_1,road,46,Trucks (30 MT),1380.0,328903.68
2016-08-01,IU_East_1,GU_East_3,road,5203,Trucks (30 MT),156090.0,27652280.04
2016-08-01,IU_East_2,GU_East_1,road,5827,Trucks (30 MT),174810.0,11531866.08
2016-08-01,IU_East_2,GU_East_2,road,552,Trucks (30 MT),16560.0,854562.24
2016-08-01,IU_East_2,GU_East_3,road,2170,Trucks (30 MT),65100.0,7238338.8
2016-08-01,IU_East_3,GU_East_2,road,7868,Trucks (30 MT),236040.0,14189780.64
2016-08-01,IU_North_1,GU_North_2,road,1869,Trucks (30 MT),56070.0,5190287.76
2016-08-01,IU_North_1,GU_North_3,road,8613,Trucks (30 MT),258390.0,11821859.28
2016-08-01,IU_North_2,GU_North_2,road,7900,Trucks (30 MT),237000.0,34420932.0
2016-08-01,IU_North_3,GU_North_1,road,8668,Trucks (30 MT),260040.0,9683889.6
2016-08-01,IU_South_1,GU_South_2,road,10155,Trucks (30 MT),304650.0,9238206.6
2016-08-01,IU_South_2,GU_South_1,road,3075,Trucks (30 MT),92250.0,2993697.0
2016-08-01,IU_South_2,GU_South_3,road,9191,Trucks (30 MT),275730.0,9681431.76
2016-08-01,IU_South_3,GU_South_1,road,5874,Trucks (30 MT),176220.0,22593518.64
2016-08-01,IU_West_1,GU_West_2,road,8083,Trucks (30 MT),242490.0,14448524.16
2016-08-01,IU_West_2,GU_West_3,road,7320,Trucks (30 MT),219600.0,28389009.6
2016-08-01,IU_West_3,GU_Central_3,road,186,Trucks (30 MT),5580.0,1240858.08
2016-08-01,IU_West_3,GU_West_1,road,8248,Trucks (30 MT),247440.0,11320874.88
2016-09-01,IU_Central_2,GU_Central_1,road,5174,Trucks (30 MT),155220.0,11446972.38
2016-09-01,IU_Central_2,GU_Central_2,road,5818,Trucks (30 MT),174540.0,19258510.88
2016-09-01,IU_Central_3,GU_Central_1,road,3111,Trucks (30 MT),93330.0,8774237.73
2016-09-01,IU_Central_3,GU_Central_3,road,8139,Trucks (30 MT),244170.0,12096135.29
2016-09-01,IU_East_1,GU_East_3,road,5188,Trucks (30 MT),155640.0,29176763.55
2016-09-01,IU_East_2,GU_East_1,road,8352,Trucks (30 MT),250560.0,17490615.22
2016-09-01,IU_East_2,GU_East_3,road,1964,Trucks (30 MT),58920.0,6932353.25
2016-09-01,IU_East_3,GU_East_2,road,8379,Trucks (30 MT),251370.0,15990555.42
2016-09-01,IU_North_1,GU_North_2,road,9722,Trucks (30 MT),291660.0,28569180.31
2016-09-01,IU_North_1,GU_North_3,road,12127,Trucks (30 MT),363810.0,17613462.69
2016-09-01,IU_North_2,GU_North_2,road,3993,Trucks (30 MT),119790.0,18410045.94
2016-09-01,IU_North_3,GU_North_1,road,11221,Trucks (30 MT),336630.0,13265466.2
2016-09-01,IU_South_1,GU_South_2,road,9959,Trucks (30 MT),298770.0,9587017.12
2016-09-01,IU_South_2,GU_South_1,road,8132,Trucks (30 MT),243960.0,8377609.63
2016-09-01,IU_South_2,GU_South_3,road,10777,Trucks (30 MT),323310.0,12012536.86
2016-09-01,IU_South_3,GU_South_1,road,4124,Trucks (30 MT),123720.0,16785280.93
2016-09-01,IU_West_1,GU_West_2,road,8965,Trucks (30 MT),268950.0,16957476.8
2016-09-01,IU_West_2,GU_West_3,road,11267,Trucks (30 MT),338010.0,46238898.83
2016-09-01,IU_West_3,GU_West_1,road,11282,Trucks (30 MT),338460.0,16386170.21
2016-10-01,IU_Central_1,GU_Central_2,road,7081,Trucks (30 MT),212430.0,33900226.81
2016-10-01,IU_Central_1,GU_Central_3,road,102,Trucks (30 MT),3060.0,591396.0
2016-10-01,IU_Central_2,GU_Central_1,road,11428,Trucks (30 MT),342840.0,24800000.75
2016-10-01,IU_Central_2,GU_Central_2,road,3376,Trucks (30 MT),101280.0,10961466.88
2016-10-01,IU_Central_3,GU_Central_3,road,12015,Trucks (30 MT),360450.0,17515261.03
2016-10-01,IU_East_1,GU_East_3,road,4960,Trucks (30 MT),148800.0,27361258.97
2016-10-01,IU_East_2,GU_East_1,road,9617,Trucks (30 MT),288510.0,19754746.81
2016-10-01,IU_East_2,GU_East_3,road,5469,Trucks (30 MT),164070.0,18934959.31
2016-10-01,IU_East_3,GU_East_2,road,8759,Trucks (30 MT),262770.0,16396197.33
2016-10-01,IU_North_1,GU_North_2,road,4025,Trucks (30 MT),120750.0,11601798.0
2016-10-01,IU_North_1,GU_North_3,road,15531,Trucks (30 MT),465930.0,22126261.34
2016-10-01,IU_North_2,GU_North_2,road,14286,Trucks (30 MT),428580.0,64607577.84
2016-10-01,IU_North_3,GU_North_1,road,13205,Trucks (30 MT),396150.0,15312518.0
2016-10-01,IU_South_1,GU_South_2,road,14214,Trucks (30 MT),426420.0,13421508.58
2016-10-01,IU_South_2,GU_South_1,road,8898,Trucks (30 MT),266940.0,8991505.27
2016-10-01,IU_South_2,GU_South_3,road,16255,Trucks (30 MT),487650.0,17772195.26
2016-10-01,IU_South_3,GU_South_1,road,6032,Trucks (30 MT),180960.0,24081777.65
2016-10-01,IU_West_1,GU_West_2,road,13213,Trucks (30 MT),396390.0,24514871.68
2016-10-01,IU_West_2,GU_West_3,road,13185,Trucks (30 MT),395550.0,53075803.11
2016-10-01,IU_West_3,GU_West_1,road,11998,Trucks (30 MT),359940.0,17092967.84
2016-11-01,IU_Central_1,GU_Central_2,road,6235,Trucks (30 MT),187050.0,28871826.63
2016-11-01,IU_Central_2,GU_Central_1,road,9956,Trucks (30 MT),298680.0,20897587.11
2016-11-01,IU_Central_2,GU_Central_2,road,6149,Trucks (30 MT),184470.0,19310811.52
2016-11-01,IU_Central_3,GU_Central_1,road,3862,Trucks (30 MT),115860.0,10334005.81
2016-11-01,IU_Central_3,GU_Central_3,road,11519,Trucks (30 MT),345570.0,16241921.65
2016-11-01,IU_East_1,GU_East_3,road,3849,Trucks (30 MT),115470.0,20536768.39
2016-11-01,IU_East_2,GU_East_1,road,11972,Trucks (30 MT),359160.0,23786380.07
2016-11-01,IU_East_2,GU_East_3,road,7384,Trucks (30 MT),221520.0,24727370.42
2016-11-01,IU_East_3,GU_East_2,road,12757,Trucks (30 MT),382710.0,23097605.51
2016-11-01,IU_North_1,GU_North_2,road,4831,Trucks (30 MT),144930.0,13468717.58
2016-11-01,IU_North_1,GU_North_3,road,18359,Trucks (30 MT),550770.0,25298072.55
2016-11-01,IU_North_2,GU_North_2,road,13617,Trucks (30 MT),408510.0,59564026.08
2016-11-01,IU_North_3,GU_North_1,road,15358,Trucks (30 MT),460740.0,17225532.8
2016-11-01,IU_South_1,GU_South_2,road,15174,Trucks (30 MT),455220.0,13858457.55
2016-11-01,IU_South_2,GU_South_1,road,5810,Trucks (30 MT),174300.0,5678660.8
2016-11-01,IU_South_2,GU_South_3,road,16610,Trucks (30 MT),498300.0,17565217.37
2016-11-01,IU_South_3,GU_South_1,road,15324,Trucks (30 MT),459720.0,59173757.35
2016-11-01,IU_West_1,GU_West_2,road,12860,Trucks (30 MT),385800.0,23078041.6
2016-11-01,IU_West_2,GU_West_3,road,13550,Trucks (30 MT),406500.0,52757660.57
2016-11-01,IU_West_3,GU_West_1,road,15652,Trucks (30 MT),469560.0,21567919.36
2016-12-01,IU_Central_1,GU_Central_2,road,5554,Trucks (30 MT),166620.0,26488835.02
2016-12-01,IU_Central_2,GU_Central_1,road,7232,Trucks (30 MT),216960.0,15634674.83
2016-12-01,IU_Central_2,GU_Central_2,road,7174,Trucks (30 MT),215220.0,23204733.44
2016-12-01,IU_Central_3,GU_Central_1,road,6291,Trucks (30 MT),188730.0,17337852.21
2016-12-01,IU_Central_3,GU_Central_3,road,14790,Trucks (30 MT),443700.0,21478798.63
2016-12-01,IU_East_1,GU_East_1,road,484,Trucks (30 MT),14520.0,2619861.58
2016-12-01,IU_East_1,GU_East_3,road,14907,Trucks (30 MT),447210.0,81920694.45
2016-12-01,IU_East_2,GU_East_1,road,18219,Trucks (30 MT),546570.0,37282528.73
2016-12-01,IU_East_3,GU_East_2,road,13165,Trucks (30 MT),394950.0,24550392.91
2016-12-01,IU_North_1,GU_North_2,road,8207,Trucks (30 MT),246210.0,23566377.05
2016-12-01,IU_North_1,GU_North_3,road,17537,Trucks (30 MT),526110.0,24889312.09
2016-12-01,IU_North_2,GU_North_2,road,10308,Trucks (30 MT),309240.0,46440426.24
2016-12-01,IU_North_3,GU_North_1,road,16772,Trucks (30 MT),503160.0,19375014.4
2016-12-01,IU_South_1,GU_South_2,road,19284,Trucks (30 MT),578520.0,18139742.54
2016-12-01,IU_South_2,GU_South_1,road,7256,Trucks (30 MT),217680.0,7304428.62
2016-12-01,IU_South_2,GU_South_3,road,17102,Trucks (30 MT),513060.0,18627302.95
2016-12-01,IU_South_3,GU_South_1,road,13555,Trucks (30 MT),406650.0,53910791.09
2016-12-01,IU_West_1,GU_West_2,road,15037,Trucks (30 MT),451110.0,27793187.84
2016-12-01,IU_West_2,GU_West_3,road,13458,Trucks (30 MT),403740.0,53969194.7
2016-12-01,IU_West_3,GU_West_1,road,16683,Trucks (30 MT),500490.0,23677276.25
2017-01-01,IU_Central_2,GU_Central_1,road,9040,Trucks (30 MT),271200.0,20003505.37
2017-01-01,IU_Central_2,GU_Central_2,road,15837,Trucks (30 MT),475110.0,52431872.64
2017-01-01,IU_Central_3,GU_Central_1,road,9421,Trucks (30 MT),282630.0,26575402.81
2017-01-01,IU_Central_3,GU_Central_3,road,14113,Trucks (30 MT),423390.0,20978208.37
2017-01-01,IU_East_1,GU_East_3,road,9331,Trucks (30 MT),279930.0,52485435.36
2017-01-01,IU_East_2,GU_East_1,road,17454,Trucks (30 MT),523620.0,36558051.29
2017-01-01,IU_East_2,GU_East_3,road,8108,Trucks (30 MT),243240.0,28623741.9
2017-01-01,IU_East_3,GU_East_2,road,17674,Trucks (30 MT),530220.0,33734919.27
2017-01-01,IU_North_1,GU_North_2,road,8590,Trucks (30 MT),257700.0,25246942.63
2017-01-01,IU_North_1,GU_North_3,road,22246,Trucks (30 MT),667380.0,32315937.92
2017-01-01,IU_North_2,GU_North_2,road,12699,Trucks (30 MT),380970.0,58559660.64
2017-01-01,IU_North_3,GU_North_1,road,22821,Trucks (30 MT),684630.0,26983550.4
2017-01-01,IU_South_1,GU_South_2,road,21595,Trucks (30 MT),647850.0,20791912.8
2017-01-01,IU_South_2,GU_South_1,road,18628,Trucks (30 MT),558840.0,19193865.42
2017-01-01,IU_South_2,GU_South_3,road,21001,Trucks (30 MT),630030.0,23412634.83
2017-01-01,IU_South_3,GU_South_1,road,5743,Trucks (30 MT),172290.0,23378801.3
2017-01-01,IU_West_1,GU_West_2,road,18027,Trucks (30 MT),540810.0,34104199.68
2017-01-01,IU_West_2,GU_West_3,road,18174,Trucks (30 MT),545220.0,74597311.95
2017-01-01,IU_West_3,GU_West_1,road,17963,Trucks (30 MT),538890.0,26094182.9
2017-02-01,IU_Central_2,GU_Central_1,road,10867,Trucks (30 MT),326010.0,24095057.57
2017-02-01,IU_Central_2,GU_Central_2,road,16064,Trucks (30 MT),481920.0,53291356.16
2017-02-01,IU_Central_3,GU_Central_1,road,7999,Trucks (30 MT),239970.0,22609927.69
2017-02-01,IU_Central_3,GU_Central_3,road,15975,Trucks (30 MT),479250.0,23794169.14
2017-02-01,IU_East_1,GU_East_3,road,12803,Trucks (30 MT),384090.0,72161073.36
2017-02-01,IU_East_2,GU_East_1,road,16997,Trucks (30 MT),509910.0,35673109.35
2017-02-01,IU_East_2,GU_East_3,road,4479,Trucks (30 MT),134370.0,15844347.33
2017-02-01,IU_East_3,GU_East_2,road,19127,Trucks (30 MT),573810.0,36582409.5
2017-02-01,IU_North_1,GU_North_2,road,5852,Trucks (30 MT),175560.0,17234574.72
2017-02-01,IU_North_1,GU_North_3,road,24684,Trucks (30 MT),740520.0,35930312.5
2017-02-01,IU_North_2,GU_North_2,road,15367,Trucks (30 MT),461010.0,71006604.24
2017-02-01,IU_North_3,GU_North_1,road,20782,Trucks (30 MT),623460.0,24622513.6
2017-02-01,IU_South_1,GU_South_2,road,23611,Trucks (30 MT),708330.0,22779083.28
2017-02-01,IU_South_2,GU_South_1,road,8456,Trucks (30 MT),253680.0,8730554.24
2017-02-01,IU_South_2,GU_South_3,road,28116,Trucks (30 MT),843480.0,31408303.27
2017-02-01,IU_South_3,GU_South_1,road,19007,Trucks (30 MT),570210.0,77531399.39
2017-02-01,IU_West_1,GU_West_2,road,18482,Trucks (30 MT),554460.0,35035957.76
2017-02-01,IU_West_2,GU_West_3,road,18753,Trucks (30 MT),562590.0,77130124.56
2017-02-01,IU_West_3,GU_West_1,road,17332,Trucks (30 MT),519960.0,25228657.28
2017-03-01,IU_Central_2,GU_Central_1,road,9553,Trucks (30 MT),286590.0,20695291.67
2017-03-01,IU_Central_2,GU_Central_2,road,18545,Trucks (30 MT),556350.0,60109537.6
2017-03-01,IU_Central_3,GU_Central_1,road,8814,Trucks (30 MT),264420.0,24341648.98
2017-03-01,IU_Central_3,GU_Central_3,road,18067,Trucks (30 MT),542010.0,26292337.28
2017-03-01,IU_East_1,GU_East_3,road,11607,Trucks (30 MT),348210.0,63918223.51
2017-03-01,IU_East_2,GU_East_1,road,21922,Trucks (30 MT),657660.0,44953378.47
2017-03-01,IU_East_2,GU_East_3,road,8469,Trucks (30 MT),254070.0,29271090.14
2017-03-01,IU_East_3,GU_East_2,road,22222,Trucks (30 MT),666660.0,41526187.91
2017-03-01,IU_North_1,GU_North_2,road,11717,Trucks (30 MT),351510.0,33715232.3
2017-03-01,IU_North_1,GU_North_3,road,23241,Trucks (30 MT),697230.0,33053217.39
2017-03-01,IU_North_2,GU_North_2,road,11699,Trucks (30 MT),350970.0,52816773.36
2017-03-01,IU_North_3,GU_North_1,road,25484,Trucks (30 MT),764520.0,29500278.4
2017-03-01,IU_South_1,GU_South_2,road,28439,Trucks (30 MT),853170.0,26807088.93
2017-03-01,IU_South_2,GU_South_1,road,18657,Trucks (30 MT),559710.0,18820541.93
2017-03-01,IU_South_2,GU_South_3,road,23547,Trucks (30 MT),706410.0,25700406.79
2017-03-01,IU_South_3,GU_South_1,road,4486,Trucks (30 MT),134580.0,17878735.11
2017-03-01,IU_West_1,GU_West_2,road,17641,Trucks (30 MT),529230.0,32673954.56
2017-03-01,IU_West_2,GU_West_3,road,17289,Trucks (30 MT),518670.0,69476291.07
2017-03-01,IU_West_3,GU_West_1,road,21054,Trucks (30 MT),631620.0,29942878.49
2017-04-01,IU_Central_1,GU_Central_2,road,6097,Trucks (30 MT),182910.0,30508342.8
2017-04-01,IU_Central_2,GU_Central_1,road,11709,Trucks (30 MT),351270.0,26558019.26
2017-04-01,IU_Central_2,GU_Central_2,road,8813,Trucks (30 MT),264390.0,29907796.8
2017-04-01,IU_Central_3,GU_Central_1,road,6765,Trucks (30 MT),202950.0,19560900.86
2017-04-01,IU_Central_3,GU_Central_3,road,18255,Trucks (30 MT),547650.0,27814361.14
2017-04-01,IU_East_1,GU_East_3,road,9308,Trucks (30 MT),279240.0,53666736.69
2017-04-01,IU_East_2,GU_East_1,road,16198,Trucks (30 MT),485940.0,34776643.2
2017-04-01,IU_East_2,GU_East_3,road,8759,Trucks (30 MT),262770.0,31696068.17
2017-04-01,IU_East_3,GU_East_2,road,19392,Trucks (30 MT),581760.0,37940725.03
2017-04-01,IU_North_1,GU_North_2,road,5684,Trucks (30 MT),170520.0,17124105.6
2017-04-01,IU_North_1,GU_North_3,road,24323,Trucks (30 MT),729690.0,36217641.94
2017-04-01,IU_North_2,GU_North_2,road,13352,Trucks (30 MT),400560.0,63112233.6
2017-04-01,IU_North_3,GU_North_1,road,22801,Trucks (30 MT),684030.0,27634812.0
2017-04-01,IU_South_1,GU_South_2,road,21147,Trucks (30 MT),634410.0,20870276.4
2017-04-01,IU_South_2,GU_South_1,road,12308,Trucks (30 MT),369240.0,12999357.94
2017-04-01,IU_South_2,GU_South_3,road,23711,Trucks (30 MT),711330.0,27095575.89
2017-04-01,IU_South_3,GU_South_1,road,11873,Trucks (30 MT),356190.0,49542975.94
2017-04-01,IU_West_1,GU_West_2,road,15547,Trucks (30 MT),466410.0,30148742.4
2017-04-01,IU_West_2,GU_West_3,road,16876,Trucks (30 MT),506280.0,71003600.23
2017-04-01,IU_West_3,GU_West_1,road,18030,Trucks (30 MT),540900.0,26847185.14
2017-05-01,IU_Central_1,GU_Central_2,road,8867,Trucks (30 MT),266010.0,42421400.06
2017-05-01,IU_Central_2,GU_Central_1,road,13283,Trucks (30 MT),398490.0,28805665.61
2017-05-01,IU_Central_2,GU_Central_2,road,5732,Trucks (30 MT),171960.0,18598276.48
2017-05-01,IU_Central_3,GU_Central_1,road,1248,Trucks (30 MT),37440.0,3450178.01
2017-05-01,IU_Central_3,GU_Central_3,road,14904,Trucks (30 MT),447120.0,21711806.54
2017-05-01,IU_East_1,GU_East_3,road,11505,Trucks (30 MT),345150.0,63422200.03
2017-05-01,IU_East_2,GU_East_1,road,15008,Trucks (30 MT),450240.0,30807393.28
2017-05-01,IU_East_2,GU_East_3,road,4766,Trucks (30 MT),142980.0,16489624.67
2017-05-01,IU_East_3,GU_East_2,road,12555,Trucks (30 MT),376650.0,23485813.46
2017-05-01,IU_North_1,GU_North_2,road,6644,Trucks (30 MT),199320.0,19137681.33
2017-05-01,IU_North_1,GU_North_3,road,17631,Trucks (30 MT),528930.0,25100700.58
2017-05-01,IU_North_2,GU_North_2,road,13715,Trucks (30 MT),411450.0,61982473.8
2017-05-01,IU_North_3,GU_North_1,road,20194,Trucks (30 MT),605820.0,23400807.2
2017-05-01,IU_South_1,GU_South_2,road,19139,Trucks (30 MT),574170.0,18059451.03
2017-05-01,IU_South_2,GU_South_1,road,9768,Trucks (30 MT),293040.0,9863838.03
2017-05-01,IU_South_2,GU_South_3,road,21171,Trucks (30 MT),635130.0,23131071.67
2017-05-01,IU_South_3,GU_South_1,road,6380,Trucks (30 MT),191400.0,25453538.63
2017-05-01,IU_West_1,GU_West_2,road,16803,Trucks (30 MT),504090.0,31154106.24
2017-05-01,IU_West_2,GU_West_3,road,16745,Trucks (30 MT),502350.0,67359967.97
2017-05-01,IU_West_3,GU_West_1,road,15618,Trucks (30 MT),468540.0,22234855.75
2017-06-01,IU_Central_1,GU_Central_2,road,175,Trucks (30 MT),5250.0,864832.5
2017-06-01,IU_Central_2,GU_Central_1,road,6114,Trucks (30 MT),183420.0,13695971.4
2017-06-01,IU_Central_2,GU_Central_2,road,9159,Trucks (30 MT),274770.0,30697304.4
2017-06-01,IU_Central_3,GU_Central_1,road,4810,Trucks (30 MT),144300.0,13735917.0
2017-06-01,IU_Central_3,GU_Central_3,road,9259,Trucks (30 MT),277770.0,13932943.2
2017-06-01,IU_East_1,GU_East_3,road,6410,Trucks (30 MT),192300.0,36500463.0
2017-06-01,IU_East_2,GU_East_1,road,10697,Trucks (30 MT),320910.0,22681918.8
2017-06-01,IU_East_2,GU_East_3,road,3579,Trucks (30 MT),107370.0,12790988.1
2017-06-01,IU_East_3,GU_East_2,road,9526,Trucks (30 MT),285780.0,18407089.8
2017-06-01,IU_North_1,GU_North_2,road,8411,Trucks (30 MT),252330.0,25026089.4
2017-06-01,IU_North_1,GU_North_3,road,12771,Trucks (30 MT),383130.0,18781032.6
2017-06-01,IU_North_2,GU_North_2,road,4886,Trucks (30 MT),146580.0,22809313.8
2017-06-01,IU_North_3,GU_North_1,road,12784,Trucks (30 MT),383520.0,15302448.0
2017-06-01,IU_South_1,GU_South_2,road,13589,Trucks (30 MT),407670.0,13245198.3
2017-06-01,IU_South_2,GU_South_1,road,2904,Trucks (30 MT),87120.0,3029162.4
2017-06-01,IU_South_2,GU_South_3,road,16788,Trucks (30 MT),503640.0,18946936.8
2017-06-01,IU_South_3,GU_South_1,road,12272,Trucks (30 MT),368160.0,50574139.2
2017-06-01,IU_West_1,GU_West_2,road,11371,Trucks (30 MT),341130.0,21777739.2
2017-06-01,IU_West_2,GU_West_3,road,10895,Trucks (30 MT),326850.0,45271993.5
2017-06-01,IU_West_3,GU_West_1,road,10169,Trucks (30 MT),305070.0,14954531.4
2017-07-01,IU_Central_1,GU_Central_2,road,3922,Trucks (30 MT),117660.0,19035617.5
2017-07-01,IU_Central_2,GU_Central_1,road,7205,Trucks (30 MT),216150.0,15851370.54
2017-07-01,IU_Central_2,GU_Central_2,road,2997,Trucks (30 MT),89910.0,9865164.96
2017-07-01,IU_Central_3,GU_Central_1,road,1638,Trucks (30 MT),49140.0,4594009.68
2017-07-01,IU_Central_3,GU_Central_3,road,9667,Trucks (30 MT),290010.0,14286831.68
2017-07-01,IU_East_1,GU_East_3,road,7244,Trucks (30 MT),217320.0,40512049.3
2017-07-01,IU_East_2,GU_East_1,road,9759,Trucks (30 MT),292770.0,20323033.85
2017-07-01,IU_East_2,GU_East_3,road,1529,Trucks (30 MT),45870.0,5366798.74
2017-07-01,IU_East_3,GU_East_2,road,7903,Trucks (30 MT),237090.0,14997952.12
2017-07-01,IU_North_1,GU_North_2,road,2916,Trucks (30 MT),87480.0,8521151.86
2017-07-01,IU_North_1,GU_North_3,road,10933,Trucks (30 MT),327990.0,15790625.61
2017-07-01,IU_North_2,GU_North_2,road,8200,Trucks (30 MT),246000.0,37595688.0
2017-07-01,IU_North_3,GU_North_1,road,12980,Trucks (30 MT),389400.0,15259288.0
2017-07-01,IU_South_1,GU_South_2,road,11303,Trucks (30 MT),339090.0,10820071.25
2017-07-01,IU_South_2,GU_South_1,road,481,Trucks (30 MT),14430.0,492761.14
2017-07-01,IU_South_2,GU_South_3,road,12075,Trucks (30 MT),362250.0,13384206.0
2017-07-01,IU_South_3,GU_South_1,road,9019,Trucks (30 MT),270570.0,36503706.75
2017-07-01,IU_South_3,GU_South_2,road,2835,Trucks (30 MT),85050.0,14188316.4
2017-07-01,IU_West_1,GU_West_2,road,8602,Trucks (30 MT),258060.0,16180017.92
2017-07-01,IU_West_2,GU_West_3,road,9802,Trucks (30 MT),294060.0,40002074.02
2017-07-01,IU_West_3,GU_West_1,road,8880,Trucks (30 MT),266400.0,12825460.11
2017-08-01,IU_Central_1,GU_Central_2,road,4986,Trucks (30 MT),149580.0,23874549.27
2017-08-01,IU_Central_2,GU_Central_1,road,7245,Trucks (30 MT),217350.0,15725148.3
2017-08-01,IU_Central_2,GU_Central_2,road,1851,Trucks (30 MT),55530.0,6011011.44
2017-08-01,IU_Central_3,GU_Central_1,road,1916,Trucks (30 MT),57480.0,5301478.94
2017-08-01,IU_Central_3,GU_Central_3,road,8272,Trucks (30 MT),248160.0,12060859.61
2017-08-01,IU_East_1,GU_East_3,road,6268,Trucks (30 MT),188040.0,34582651.3
2017-08-01,IU_East_2,GU_East_1,road,8165,Trucks (30 MT),244950.0,16775015.83
2017-08-01,IU_East_2,GU_East_2,road,34,Trucks (30 MT),1020.0,54643.15
2017-08-01,IU_East_2,GU_East_3,road,1107,Trucks (30 MT),33210.0,3833354.39
2017-08-01,IU_East_3,GU_East_2,road,8847,Trucks (30 MT),265410.0,16563783.11
2017-08-01,IU_North_1,GU_North_2,road,2552,Trucks (30 MT),76560.0,7357241.01
2017-08-01,IU_North_1,GU_North_3,road,11947,Trucks (30 MT),358410.0,17023246.17
2017-08-01,IU_North_2,GU_North_2,road,8442,Trucks (30 MT),253260.0,38185023.24
2017-08-01,IU_North_3,GU_North_1,road,10817,Trucks (30 MT),324510.0,12545556.6
2017-08-01,IU_South_1,GU_South_2,road,9907,Trucks (30 MT),297210.0,9356255.72
2017-08-01,IU_South_2,GU_South_1,road,739,Trucks (30 MT),22170.0,746894.63
2017-08-01,IU_South_2,GU_South_3,road,11983,Trucks (30 MT),359490.0,13103718.63
2017-08-01,IU_South_3,GU_South_1,road,12534,Trucks (30 MT),376020.0,50048584.3
2017-08-01,IU_South_3,GU_South_2,road,1775,Trucks (30 MT),53250.0,8763945.86
2017-08-01,IU_West_1,GU_West_2,road,8868,Trucks (30 MT),266040.0,16456170.24
2017-08-01,IU_West_2,GU_West_3,road,9577,Trucks (30 MT),287310.0,38558561.68
2017-08-01,IU_West_3,GU_South_2,road,1022,Trucks (30 MT),30660.0,7179625.92
2017-08-01,IU_West_3,GU_West_1,road,8898,Trucks (30 MT),266940.0,12678734.78
2017-09-01,IU_Central_1,GU_Central_2,road,1731,Trucks (30 MT),51930.0,8721658.34
2017-09-01,IU_Central_2,GU_Central_1,road,7072,Trucks (30 MT),212160.0,16151680.18
2017-09-01,IU_Central_2,GU_Central_2,road,8017,Trucks (30 MT),240510.0,27395051.04
2017-09-01,IU_Central_3,GU_Central_1,road,2209,Trucks (30 MT),66270.0,6431560.3
2017-09-01,IU_Central_3,GU_Central_3,road,11549,Trucks (30 MT),346470.0,17718673.78
2017-09-01,IU_East_1,GU_East_3,road,6128,Trucks (30 MT),183840.0,35576821.85
2017-09-01,IU_East_2,GU_East_1,road,11444,Trucks (30 MT),343320.0,24740227.75
2017-09-01,IU_East_2,GU_East_3,road,3321,Trucks (30 MT),99630.0,12100945.94
2017-09-01,IU_East_3,GU_East_2,road,8213,Trucks (30 MT),246390.0,16180220.11
2017-09-01,IU_North_1,GU_North_2,road,6473,Trucks (30 MT),194190.0,19636270.87
2017-09-01,IU_North_1,GU_North_3,road,12824,Trucks (30 MT),384720.0,19227646.08
2017-09-01,IU_North_2,GU_North_2,road,5049,Trucks (30 MT),151470.0,24031018.44
2017-09-01,IU_North_3,GU_North_1,road,13204,Trucks (30 MT),396120.0,16114161.6
2017-09-01,IU_South_1,GU_South_2,road,10935,Trucks (30 MT),328050.0,10866703.11
2017-09-01,IU_South_2,GU_South_1,road,4307,Trucks (30 MT),129210.0,4580457.58
2017-09-01,IU_South_2,GU_South_3,road,12593,Trucks (30 MT),377790.0,14490297.36
2017-09-01,IU_South_3,GU_South_1,road,9522,Trucks (30 MT),285660.0,40008233.73
2017-09-01,IU_West_1,GU_West_2,road,11425,Trucks (30 MT),342750.0,22308912.0
2017-09-01,IU_West_2,GU_West_3,road,11546,Trucks (30 MT),346380.0,48914991.87
2017-09-01,IU_West_3,GU_West_1,road,10859,Trucks (30 MT),325770.0,16281426.14
2017-10-01,IU_Central_1,GU_Central_2,road,3273,Trucks (30 MT),98190.0,16172136.14
2017-10-01,IU_Central_2,GU_Central_1,road,7774,Trucks (30 MT),233220.0,17411627.7
2017-10-01,IU_Central_2,GU_Central_2,road,9748,Trucks (30 MT),292440.0,32665937.92
2017-10-01,IU_Central_3,GU_Central_1,road,4904,Trucks (30 MT),147120.0,14002012.89
2017-10-01,IU_Central_3,GU_Central_3,road,13685,Trucks (30 MT),410550.0,20589747.2
2017-10-01,IU_East_1,GU_East_3,road,6274,Trucks (30 MT),188220.0,35720068.94
2017-10-01,IU_East_2,GU_East_1,road,11467,Trucks (30 MT),344010.0,24310564.21
2017-10-01,IU_East_2,GU_East_3,road,8354,Trucks (30 MT),250620.0,29851372.07
2017-10-01,IU_East_3,GU_East_2,road,11160,Trucks (30 MT),334800.0,21560864.91
2017-10-01,IU_North_1,GU_North_2,road,7853,Trucks (30 MT),235590.0,23361912.14
2017-10-01,IU_North_1,GU_North_3,road,17210,Trucks (30 MT),516300.0,25304797.26
2017-10-01,IU_North_2,GU_North_2,road,9887,Trucks (30 MT),296610.0,46147770.24
2017-10-01,IU_North_3,GU_North_1,road,17409,Trucks (30 MT),522270.0,20835091.2
2017-10-01,IU_South_1,GU_South_2,road,16259,Trucks (30 MT),487770.0,15844999.41
2017-10-01,IU_South_2,GU_South_1,road,5340,Trucks (30 MT),160200.0,5569223.31
2017-10-01,IU_South_2,GU_South_3,road,16144,Trucks (30 MT),484320.0,18217074.1
2017-10-01,IU_South_3,GU_South_1,road,11944,Trucks (30 MT),358320.0,49214194.1
2017-10-01,IU_West_1,GU_West_2,road,12810,Trucks (30 MT),384300.0,24529612.8
2017-10-01,IU_West_2,GU_West_3,road,12433,Trucks (30 MT),372990.0,51654212.85
2017-10-01,IU_West_3,GU_West_1,road,15221,Trucks (30 MT),456630.0,22380262.58
2017-11-01,IU_Central_1,GU_Central_2,road,1082,Trucks (30 MT),32460.0,5417716.21
2017-11-01,IU_Central_2,GU_Central_1,road,9300,Trucks (30 MT),279000.0,21107917.71
2017-11-01,IU_Central_2,GU_Central_2,road,12406,Trucks (30 MT),372180.0,42128791.04
2017-11-01,IU_Central_3,GU_Central_1,road,3231,Trucks (30 MT),96930.0,9348556.94
2017-11-01,IU_Central_3,GU_Central_3,road,14786,Trucks (30 MT),443580.0,22543665.01
2017-11-01,IU_East_1,GU_East_3,road,3302,Trucks (30 MT),99060.0,19050766.35
2017-11-01,IU_East_2,GU_East_1,road,15331,Trucks (30 MT),459930.0,32936945.19
2017-11-01,IU_East_2,GU_East_3,road,9148,Trucks (30 MT),274440.0,33125587.57
2017-11-01,IU_East_3,GU_East_2,road,12240,Trucks (30 MT),367200.0,23963541.94
2017-11-01,IU_North_1,GU_North_2,road,9485,Trucks (30 MT),284550.0,28594185.6
2017-11-01,IU_North_1,GU_North_3,road,18901,Trucks (30 MT),567030.0,28162706.01
2017-11-01,IU_North_2,GU_North_2,road,9062,Trucks (30 MT),271860.0,42862535.04
2017-11-01,IU_North_3,GU_North_1,road,19558,Trucks (30 MT),586740.0,23719942.4
2017-11-01,IU_South_1,GU_South_2,road,18675,Trucks (30 MT),560250.0,18442789.71
2017-11-01,IU_South_2,GU_South_1,road,9615,Trucks (30 MT),288450.0,10161791.31
2017-11-01,IU_South_2,GU_South_3,road,20141,Trucks (30 MT),604230.0,23031175.95
2017-11-01,IU_South_3,GU_South_1,road,7126,Trucks (30 MT),213780.0,29754592.64
2017-11-01,IU_West_1,GU_West_2,road,14337,Trucks (30 MT),430110.0,27820661.76
2017-11-01,IU_West_2,GU_West_3,road,15544,Trucks (30 MT),466320.0,65442549.39
2017-11-01,IU_West_3,GU_West_1,road,14861,Trucks (30 MT),445830.0,22143059.84
2017-12-01,IU_Central_1,GU_Central_2,road,10308,Trucks (30 MT),309240.0,51741182.71
2017-12-01,IU_Central_2,GU_Central_1,road,13573,Trucks (30 MT),407190.0,30882414.22
2017-12-01,IU_Central_2,GU_Central_2,road,6829,Trucks (30 MT),204870.0,23247554.96
2017-12-01,IU_Central_3,GU_Central_1,road,3634,Trucks (30 MT),109020.0,10540603.89
2017-12-01,IU_Central_3,GU_Central_3,road,15253,Trucks (30 MT),457590.0,23313208.16
2017-12-01,IU_East_1,GU_East_3,road,8693,Trucks (30 MT),260790.0,50278002.15
2017-12-01,IU_East_2,GU_East_1,road,16337,Trucks (30 MT),490110.0,35185043.58
2017-12-01,IU_East_2,GU_East_3,road,9357,Trucks (30 MT),280710.0,33966204.08
2017-12-01,IU_East_3,GU_East_2,road,16482,Trucks (30 MT),494460.0,32348373.75
2017-12-01,IU_North_1,GU_North_2,road,352,Trucks (30 MT),10560.0,1063790.26
2017-12-01,IU_North_1,GU_North_3,road,26332,Trucks (30 MT),789960.0,39332033.17
2017-12-01,IU_North_2,GU_North_2,road,22708,Trucks (30 MT),681240.0,107672706.96
2017-12-01,IU_North_3,GU_North_1,road,22272,Trucks (30 MT),668160.0,27078297.6
2017-12-01,IU_South_1,GU_South_2,road,21118,Trucks (30 MT),633540.0,20907001.01
2017-12-01,IU_South_2,GU_South_1,road,5344,Trucks (30 MT),160320.0,5661876.39
2017-12-01,IU_South_2,GU_South_3,road,22981,Trucks (30 MT),689430.0,26343711.24
2017-12-01,IU_South_3,GU_South_1,road,16134,Trucks (30 MT),484020.0,67534112.07
2017-12-01,IU_West_1,GU_West_2,road,17303,Trucks (30 MT),519090.0,33659179.84
2017-12-01,IU_West_2,GU_West_3,road,17271,Trucks (30 MT),518130.0,72893341.11
2017-12-01,IU_West_3,GU_West_1,road,15282,Trucks (30 MT),458460.0,22826679.74
2018-01-01,IU_Central_1,GU_Central_2,road,3449,Trucks (30 MT),103470.0,18724867.36
2018-01-01,IU_Central_2,GU_Central_1,road,13882,Trucks (30 MT),416460.0,34162610.43
2018-01-01,IU_Central_2,GU_Central_2,road,15728,Trucks (30 MT),471840.0,57910496.0
2018-01-01,IU_Central_3,GU_Central_1,road,4282,Trucks (30 MT),128460.0,13433551.57
2018-01-01,IU_Central_3,GU_Central_3,road,21345,Trucks (30 MT),640350.0,35286334.29
2018-01-01,IU_East_1,GU_East_3,road,12720,Trucks (30 MT),381600.0,79571777.14
2018-01-01,IU_East_2,GU_East_1,road,22120,Trucks (30 MT),663600.0,51526960.0
2018-01-01,IU_East_2,GU_East_3,road,5281,Trucks (30 MT),158430.0,20734337.64
2018-01-01,IU_East_3,GU_East_2,road,16938,Trucks (30 MT),508140.0,35955744.43
2018-01-01,IU_North_1,GU_North_2,road,6080,Trucks (30 MT),182400.0,19873782.86
2018-01-01,IU_North_1,GU_North_3,road,27360,Trucks (30 MT),820800.0,44202034.29
2018-01-01,IU_North_2,GU_North_2,road,15809,Trucks (30 MT),474270.0,81076456.5
2018-01-01,IU_North_3,GU_North_1,road,24052,Trucks (30 MT),721560.0,31628380.0
2018-01-01,IU_South_1,GU_South_2,road,26614,Trucks (30 MT),798420.0,28497891.0
2018-01-01,IU_South_2,GU_South_1,road,17637,Trucks (30 MT),529110.0,20210742.21
2018-01-01,IU_South_2,GU_South_3,road,23732,Trucks (30 MT),711960.0,29424289.71
2018-01-01,IU_South_3,GU_South_1,road,5426,Trucks (30 MT),162780.0,24565439.86
2018-01-01,IU_West_1,GU_West_2,road,18610,Trucks (30 MT),558300.0,39155440.0
2018-01-01,IU_West_2,GU_West_3,road,18955,Trucks (30 MT),568650.0,86528221.07
2018-01-01,IU_West_3,GU_West_1,road,19779,Trucks (30 MT),593370.0,31954387.29
2018-02-01,IU_Central_1,GU_Central_2,road,6015,Trucks (30 MT),180450.0,30877796.27
2018-02-01,IU_Central_2,GU_Central_1,road,10663,Trucks (30 MT),319890.0,24812100.29
2018-02-01,IU_Central_2,GU_Central_2,road,13537,Trucks (30 MT),406110.0,47129336.24
2018-02-01,IU_Central_3,GU_Central_1,road,6607,Trucks (30 MT),198210.0,19598985.92
2018-02-01,IU_Central_3,GU_Central_3,road,19294,Trucks (30 MT),578820.0,30159057.78
2018-02-01,IU_East_1,GU_East_3,road,17587,Trucks (30 MT),527610.0,104027657.73
2018-02-01,IU_East_2,GU_East_1,road,18944,Trucks (30 MT),568320.0,41725946.15
2018-02-01,IU_East_2,GU_East_3,road,6016,Trucks (30 MT),180480.0,22334021.85
2018-02-01,IU_East_3,GU_East_2,road,23425,Trucks (30 MT),702750.0,47018726.93
2018-02-01,IU_North_1,GU_North_2,road,11863,Trucks (30 MT),355890.0,36665414.73
2018-02-01,IU_North_1,GU_North_3,road,23953,Trucks (30 MT),718590.0,36590739.67
2018-02-01,IU_North_2,GU_North_2,road,16023,Trucks (30 MT),480690.0,77699692.98
2018-02-01,IU_North_3,GU_North_1,road,27006,Trucks (30 MT),810180.0,33579260.4
2018-02-01,IU_South_1,GU_South_2,road,27522,Trucks (30 MT),825660.0,27865553.19
2018-02-01,IU_South_2,GU_South_1,road,10458,Trucks (30 MT),313740.0,11331601.56
2018-02-01,IU_South_2,GU_South_3,road,27293,Trucks (30 MT),818790.0,31996909.56
2018-02-01,IU_South_3,GU_South_1,road,16946,Trucks (30 MT),508380.0,72543259.89
2018-02-01,IU_West_1,GU_West_2,road,19685,Trucks (30 MT),590550.0,39162126.4
2018-02-01,IU_West_2,GU_West_3,road,22607,Trucks (30 MT),678210.0,97580273.48
2018-02-01,IU_West_3,GU_West_1,road,16710,Trucks (30 MT),501300.0,25526291.49
2018-03-01,IU_Central_1,GU_Central_2,road,4824,Trucks (30 MT),144720.0,26500533.74
2018-03-01,IU_Central_2,GU_Central_1,road,16290,Trucks (30 MT),488700.0,40564101.34
2018-03-01,IU_Central_2,GU_Central_2,road,17001,Trucks (30 MT),510030.0,63340285.68
2018-03-01,IU_Central_3,GU_Central_1,road,9739,Trucks (30 MT),292170.0,30915787.68
2018-03-01,IU_Central_3,GU_Central_3,road,16892,Trucks (30 MT),506760.0,28256165.39
2018-03-01,IU_East_1,GU_East_3,road,13165,Trucks (30 MT),394950.0,83332531.67
2018-03-01,IU_East_2,GU_East_1,road,22722,Trucks (30 MT),681660.0,53557182.24
2018-03-01,IU_East_2,GU_East_3,road,9376,Trucks (30 MT),281280.0,37248892.43
2018-03-01,IU_East_3,GU_East_2,road,19979,Trucks (30 MT),599370.0,42914264.09
2018-03-01,IU_North_1,GU_North_2,road,7745,Trucks (30 MT),232350.0,25616521.11
2018-03-01,IU_North_1,GU_North_3,road,28326,Trucks (30 MT),849780.0,46305564.31
2018-03-01,IU_North_2,GU_North_2,road,20577,Trucks (30 MT),617310.0,106781049.18
2018-03-01,IU_North_3,GU_North_1,road,29646,Trucks (30 MT),889380.0,39446967.6
2018-03-01,IU_South_1,GU_South_2,road,29818,Trucks (30 MT),894540.0,32307462.22
2018-03-01,IU_South_2,GU_South_1,road,18831,Trucks (30 MT),564930.0,21834974.92
2018-03-01,IU_South_2,GU_South_3,road,27394,Trucks (30 MT),821820.0,34367573.18
2018-03-01,IU_South_3,GU_South_1,road,13004,Trucks (30 MT),390120.0,59572178.55
2018-03-01,IU_West_1,GU_West_2,road,22555,Trucks (30 MT),676650.0,48018692.8
2018-03-01,IU_West_2,GU_West_3,road,21811,Trucks (30 MT),654330.0,100746816.2
2018-03-01,IU_West_3,GU_West_1,road,22444,Trucks (30 MT),673320.0,36690040.43
2018-04-01,IU_Central_2,GU_Central_1,road,11546,Trucks (30 MT),346380.0,28884925.1
2018-04-01,IU_Central_2,GU_Central_2,road,17595,Trucks (30 MT),527850.0,65858788.8
2018-04-01,IU_Central_3,GU_Central_1,road,7146,Trucks (30 MT),214380.0,22790186.54
2018-04-01,IU_Central_3,GU_Central_3,road,16507,Trucks (30 MT),495210.0,27740815.27
2018-04-01,IU_East_1,GU_East_3,road,9410,Trucks (30 MT),282300.0,59841470.06
2018-04-01,IU_East_2,GU_East_1,road,20582,Trucks (30 MT),617460.0,48739116.89
2018-04-01,IU_East_2,GU_East_3,road,10173,Trucks (30 MT),305190.0,40603523.97
2018-04-01,IU_East_3,GU_East_2,road,21699,Trucks (30 MT),650970.0,46825946.02
2018-04-01,IU_North_1,GU_North_2,road,7316,Trucks (30 MT),219480.0,24310357.3
2018-04-01,IU_North_1,GU_North_3,road,26061,Trucks (30 MT),781830.0,42801395.04
2018-04-01,IU_North_2,GU_North_2,road,18353,Trucks (30 MT),550590.0,95683732.56
2018-04-01,IU_North_3,GU_North_1,road,26117,Trucks (30 MT),783510.0,34913205.6
2018-04-01,IU_South_1,GU_South_2,road,24445,Trucks (30 MT),733350.0,26609290.46
2018-04-01,IU_South_2,GU_South_1,road,12091,Trucks (30 MT),362730.0,14085116.81
2018-04-01,IU_South_2,GU_South_3,road,28718,Trucks (30 MT),861540.0,36196495.41
2018-04-01,IU_South_3,GU_South_1,road,17451,Trucks (30 MT),523530.0,80316681.84
2018-04-01,IU_West_1,GU_West_2,road,20521,Trucks (30 MT),615630.0,43891956.48
2018-04-01,IU_West_2,GU_West_3,road,20464,Trucks (30 MT),613920.0,94965355.34
2018-04-01,IU_West_3,GU_West_1,road,21883,Trucks (30 MT),656490.0,35939638.83
2018-05-01,IU_Central_1,GU_Central_2,road,3478,Trucks (30 MT),104340.0,19146519.18
2018-05-01,IU_Central_2,GU_Central_1,road,7418,Trucks (30 MT),222540.0,18510601.67
2018-05-01,IU_Central_2,GU_Central_2,road,14904,Trucks (30 MT),447120.0,55644382.08
2018-05-01,IU_Central_3,GU_Central_1,road,7625,Trucks (30 MT),228750.0,24255974.64
2018-05-01,IU_Central_3,GU_Central_3,road,16692,Trucks (30 MT),500760.0,27980370.38
2018-05-01,IU_East_1,GU_East_3,road,1392,Trucks (30 MT),41760.0,8829698.61
2018-05-01,IU_East_2,GU_East_1,road,14683,Trucks (30 MT),440490.0,34681581.61
2018-05-01,IU_East_2,GU_East_3,road,15329,Trucks (30 MT),459870.0,61027070.25
2018-05-01,IU_East_3,GU_East_2,road,16930,Trucks (30 MT),507900.0,36441631.51
2018-05-01,IU_North_1,GU_North_2,road,4715,Trucks (30 MT),141450.0,15627638.49
2018-05-01,IU_North_1,GU_North_3,road,25035,Trucks (30 MT),751050.0,41011764.77
2018-05-01,IU_North_2,GU_North_2,road,15266,Trucks (30 MT),457980.0,79387169.16
2018-05-01,IU_North_3,GU_North_1,road,23981,Trucks (30 MT),719430.0,31976265.4
2018-05-01,IU_South_1,GU_South_2,road,26522,Trucks (30 MT),795660.0,28796754.05
2018-05-01,IU_South_2,GU_South_1,road,1664,Trucks (30 MT),49920.0,1933506.19
2018-05-01,IU_South_2,GU_South_3,road,24830,Trucks (30 MT),744900.0,31216417.89
2018-05-01,IU_South_3,GU_South_1,road,19240,Trucks (30 MT),577200.0,88325177.94
2018-05-01,IU_West_1,GU_West_2,road,14475,Trucks (30 MT),434250.0,30881544.0
2018-05-01,IU_West_2,GU_West_3,road,17627,Trucks (30 MT),528810.0,81591907.96
2018-05-01,IU_West_3,GU_West_1,road,16478,Trucks (30 MT),494340.0,26993882.96
2018-06-01,IU_Central_1,GU_Central_2,road,4510,Trucks (30 MT),135300.0,25889049.37
2018-06-01,IU_Central_2,GU_Central_1,road,9002,Trucks (30 MT),270060.0,23423512.64
2018-06-01,IU_Central_2,GU_Central_2,road,5991,Trucks (30 MT),179730.0,23323681.92
2018-06-01,IU_Central_3,GU_Central_1,road,4925,Trucks (30 MT),147750.0,16336703.43
2018-06-01,IU_Central_3,GU_Central_3,road,11688,Trucks (30 MT),350640.0,20429822.54
2018-06-01,IU_East_1,GU_East_3,road,11272,Trucks (30 MT),338160.0,74556743.86
2018-06-01,IU_East_2,GU_East_1,road,13267,Trucks (30 MT),398010.0,32676545.19
2018-06-01,IU_East_2,GU_East_3,road,1031,Trucks (30 MT),30930.0,4280028.59
2018-06-01,IU_East_3,GU_East_2,road,11338,Trucks (30 MT),340140.0,25448173.39
2018-06-01,IU_North_1,GU_North_2,road,7215,Trucks (30 MT),216450.0,24936029.49
2018-06-01,IU_North_1,GU_North_3,road,13720,Trucks (30 MT),411600.0,23436582.4
2018-06-01,IU_North_2,GU_North_2,road,6905,Trucks (30 MT),207150.0,37442776.8
2018-06-01,IU_North_3,GU_North_1,road,15200,Trucks (30 MT),456000.0,21134080.0
2018-06-01,IU_South_1,GU_South_2,road,16261,Trucks (30 MT),487830.0,18410425.44
2018-06-01,IU_South_2,GU_South_1,road,2661,Trucks (30 MT),79830.0,3224158.83
2018-06-01,IU_South_2,GU_South_3,road,17290,Trucks (30 MT),518700.0,22666300.8
2018-06-01,IU_South_3,GU_South_1,road,13914,Trucks (30 MT),417420.0,66605602.42
2018-06-01,IU_West_1,GU_West_2,road,12887,Trucks (30 MT),386610.0,28668935.68
2018-06-01,IU_West_2,GU_West_3,road,11638,Trucks (30 MT),349140.0,56172835.34
2018-06-01,IU_West_3,GU_West_1,road,13823,Trucks (30 MT),414690.0,23612527.59
2018-07-01,IU_Central_1,GU_Central_2,road,2402,Trucks (30 MT),72060.0,13167564.98
2018-07-01,IU_Central_2,GU_Central_1,road,3277,Trucks (30 MT),98310.0,8142961.12
2018-07-01,IU_Central_2,GU_Central_2,road,7823,Trucks (30 MT),234690.0,29084662.32
2018-07-01,IU_Central_3,GU_Central_1,road,5367,Trucks (30 MT),161010.0,17001321.92
2018-07-01,IU_Central_3,GU_Central_3,road,10652,Trucks (30 MT),319560.0,17780683.61
2018-07-01,IU_East_1,GU_East_3,road,8084,Trucks (30 MT),242520.0,51062863.17
2018-07-01,IU_East_2,GU_East_1,road,10124,Trucks (30 MT),303720.0,23812689.33
2018-07-01,IU_East_2,GU_East_2,road,51,Trucks (30 MT),1530.0,93837.52
2018-07-01,IU_East_2,GU_East_3,road,2804,Trucks (30 MT),84120.0,11116265.73
2018-07-01,IU_East_3,GU_East_2,road,10981,Trucks (30 MT),329430.0,23537208.76
2018-07-01,IU_North_1,GU_North_2,road,3887,Trucks (30 MT),116610.0,12829165.66
2018-07-01,IU_North_1,GU_North_3,road,13097,Trucks (30 MT),392910.0,21365098.68
2018-07-01,IU_North_2,GU_North_2,road,9664,Trucks (30 MT),289920.0,50044250.88
2018-07-01,IU_North_3,GU_North_1,road,12930,Trucks (30 MT),387900.0,17168454.0
2018-07-01,IU_South_1,GU_South_2,road,14521,Trucks (30 MT),435630.0,15700229.67
2018-07-01,IU_South_2,GU_South_1,road,739,Trucks (30 MT),22170.0,855084.23
2018-07-01,IU_South_2,GU_South_3,road,15101,Trucks (30 MT),453030.0,18905330.21
2018-07-01,IU_South_3,GU_South_1,road,11479,Trucks (30 MT),344370.0,52475395.77
2018-07-01,IU_West_1,GU_West_2,road,10757,Trucks (30 MT),322710.0,22853031.36
2018-07-01,IU_West_2,GU_West_3,road,9295,Trucks (30 MT),278850.0,42844027.76
2018-07-01,IU_West_3,GU_West_1,road,9793,Trucks (30 MT),293790.0,15975292.92
2018-07-01,IU_West_3,GU_West_2,road,1237,Trucks (30 MT),37110.0,4458183.34
2018-08-01,IU_Central_1,GU_Central_2,road,6114,Trucks (30 MT),183420.0,34970385.55
2018-08-01,IU_Central_2,GU_Central_1,road,9223,Trucks (30 MT),276690.0,23912261.29
2018-08-01,IU_Central_2,GU_Central_2,road,2611,Trucks (30 MT),78330.0,10128382.32
2018-08-01,IU_Central_3,GU_Central_1,road,1277,Trucks (30 MT),38310.0,4220700.27
2018-08-01,IU_Central_3,GU_Central_3,road,10263,Trucks (30 MT),307890.0,17874509.97
2018-08-01,IU_East_1,GU_East_3,road,6609,Trucks (30 MT),198270.0,43556916.63
2018-08-01,IU_East_2,GU_East_1,road,8512,Trucks (30 MT),255360.0,20889615.36
2018-08-01,IU_East_2,GU_East_2,road,549,Trucks (30 MT),16470.0,1053952.95
2018-08-01,IU_East_2,GU_East_3,road,1279,Trucks (30 MT),38370.0,5290466.56
2018-08-01,IU_East_3,GU_East_2,road,8541,Trucks (30 MT),256230.0,19101360.83
2018-08-01,IU_North_1,GU_North_3,road,13501,Trucks (30 MT),405030.0,22979550.63
2018-08-01,IU_North_2,GU_North_1,road,1745,Trucks (30 MT),52350.0,5456694.77
2018-08-01,IU_North_2,GU_North_2,road,13006,Trucks (30 MT),390180.0,70272198.36
2018-08-01,IU_North_3,GU_North_1,road,14358,Trucks (30 MT),430740.0,19891573.2
2018-08-01,IU_North_3,GU_North_3,road,1099,Trucks (30 MT),32970.0,4089146.64
2018-08-01,IU_South_1,GU_South_2,road,14116,Trucks (30 MT),423480.0,15924420.93
2018-08-01,IU_South_2,GU_South_1,road,3509,Trucks (30 MT),105270.0,4236335.49
2018-08-01,IU_South_2,GU_South_3,road,12830,Trucks (30 MT),384900.0,16758985.89
2018-08-01,IU_South_3,GU_South_1,road,10510,Trucks (30 MT),315300.0,50129907.34
2018-08-01,IU_West_1,GU_West_2,road,10072,Trucks (30 MT),302160.0,22325998.08
2018-08-01,IU_West_2,GU_West_3,road,10324,Trucks (30 MT),309720.0,49651390.18
2018-08-01,IU_West_3,GU_West_1,road,11316,Trucks (30 MT),339480.0,19260543.29
2018-08-01,IU_West_3,GU_West_2,road,539,Trucks (30 MT),16170.0,2026840.2
2018-09-01,IU_Central_1,GU_Central_2,road,1559,Trucks (30 MT),46770.0,8677612.26
2018-09-01,IU_Central_2,GU_Central_1,road,6893,Trucks (30 MT),206790.0,17391452.58
2018-09-01,IU_Central_2,GU_Central_2,road,9324,Trucks (30 MT),279720.0,35197727.04
2018-09-01,IU_Central_3,GU_Central_1,road,2227,Trucks (30 MT),66810.0,7162967.34
2018-09-01,IU_Central_3,GU_Central_3,road,12135,Trucks (30 MT),364050.0,20567368.8
2018-09-01,IU_East_1,GU_East_3,road,4261,Trucks (30 MT),127830.0,27328264.38
2018-09-01,IU_East_2,GU_East_1,road,9183,Trucks (30 MT),275490.0,21931207.92
2018-09-01,IU_East_2,GU_East_3,road,5904,Trucks (30 MT),177120.0,23765607.36
2018-09-01,IU_East_3,GU_East_2,road,11794,Trucks (30 MT),353820.0,25668225.72
2018-09-01,IU_North_1,GU_North_2,road,9387,Trucks (30 MT),281610.0,31458089.88
2018-09-01,IU_North_1,GU_North_3,road,13965,Trucks (30 MT),418950.0,23131067.4
2018-09-01,IU_North_2,GU_North_2,road,5680,Trucks (30 MT),170400.0,29865326.4
2018-09-01,IU_North_3,GU_North_1,road,15133,Trucks (30 MT),453990.0,20402310.6
2018-09-01,IU_South_1,GU_South_2,road,12652,Trucks (30 MT),379560.0,13889618.64
2018-09-01,IU_South_2,GU_South_1,road,9874,Trucks (30 MT),296220.0,11600567.64
2018-09-01,IU_South_2,GU_South_3,road,14149,Trucks (30 MT),424470.0,17985642.84
2018-09-01,IU_South_3,GU_South_1,road,7325,Trucks (30 MT),219750.0,34000159.5
2018-09-01,IU_West_1,GU_West_2,road,13466,Trucks (30 MT),403980.0,29047777.92
2018-09-01,IU_West_2,GU_West_3,road,12659,Trucks (30 MT),379770.0,59246398.62
2018-09-01,IU_West_3,GU_West_1,road,12042,Trucks (30 MT),361260.0,19945887.12
2018-09-01,IU_West_3,GU_West_2,road,694,Trucks (30 MT),20820.0,2539623.6
2018-10-01,IU_Central_1,GU_Central_2,road,2329,Trucks (30 MT),69870.0,13202003.04
2018-10-01,IU_Central_2,GU_Central_1,road,4414,Trucks (30 MT),132420.0,11341646.89
2018-10-01,IU_Central_2,GU_Central_2,road,12446,Trucks (30 MT),373380.0,47847402.4
2018-10-01,IU_Central_3,GU_Central_1,road,9100,Trucks (30 MT),273000.0,29807830.0
2018-10-01,IU_Central_3,GU_Central_3,road,13529,Trucks (30 MT),405870.0,23351827.09
2018-10-01,IU_East_1,GU_East_3,road,7000,Trucks (30 MT),210000.0,45720900.0
2018-10-01,IU_East_2,GU_East_1,road,13648,Trucks (30 MT),409440.0,33194275.66
2018-10-01,IU_East_2,GU_East_3,road,7345,Trucks (30 MT),220350.0,30109988.07
2018-10-01,IU_East_3,GU_East_2,road,13007,Trucks (30 MT),390210.0,28828900.61
2018-10-01,IU_North_1,GU_North_2,road,2905,Trucks (30 MT),87150.0,9914433.0
2018-10-01,IU_North_1,GU_North_3,road,20375,Trucks (30 MT),611250.0,34369132.14
2018-10-01,IU_North_2,GU_North_2,road,17652,Trucks (30 MT),529560.0,94521164.4
2018-10-01,IU_North_3,GU_North_1,road,20546,Trucks (30 MT),616380.0,28209658.0
2018-10-01,IU_South_1,GU_South_2,road,14456,Trucks (30 MT),433680.0,16162014.51
2018-10-01,IU_South_2,GU_South_3,road,19218,Trucks (30 MT),576540.0,24878524.63
2018-10-01,IU_South_3,GU_South_1,road,20830,Trucks (30 MT),624900.0,98464302.71
2018-10-01,IU_South_3,GU_South_3,road,1764,Trucks (30 MT),52920.0,10068483.6
2018-10-01,IU_West_1,GU_West_2,road,15870,Trucks (30 MT),476100.0,34863216.0
2018-10-01,IU_West_2,GU_West_3,road,16308,Trucks (30 MT),489240.0,77728354.46
2018-10-01,IU_West_3,GU_West_1,road,14709,Trucks (30 MT),441270.0,24811561.46
2018-11-01,IU_Central_1,GU_Central_2,road,6252,Trucks (30 MT),187560.0,34975027.71
2018-11-01,IU_Central_2,GU_Central_1,road,12333,Trucks (30 MT),369990.0,31273845.21
2018-11-01,IU_Central_2,GU_Central_2,road,9648,Trucks (30 MT),289440.0,36604512.0
2018-11-01,IU_Central_3,GU_Central_1,road,6183,Trucks (30 MT),185490.0,19987430.79
2018-11-01,IU_Central_3,GU_Central_3,road,15375,Trucks (30 MT),461250.0,26190214.29
2018-11-01,IU_East_1,GU_East_3,road,8430,Trucks (30 MT),252900.0,54339177.86
2018-11-01,IU_East_2,GU_East_1,road,14957,Trucks (30 MT),448710.0,35901073.43
2018-11-01,IU_East_2,GU_East_3,road,5656,Trucks (30 MT),169680.0,22882156.0
2018-11-01,IU_East_3,GU_East_2,road,16222,Trucks (30 MT),486660.0,35483307.57
2018-11-01,IU_North_1,GU_North_2,road,11918,Trucks (30 MT),357540.0,40141526.57
2018-11-01,IU_North_1,GU_North_3,road,22826,Trucks (30 MT),684780.0,37998768.29
2018-11-01,IU_North_2,GU_North_2,road,8762,Trucks (30 MT),262860.0,46302789.0
2018-11-01,IU_North_3,GU_North_1,road,19227,Trucks (30 MT),576810.0,26052585.0
2018-11-01,IU_South_1,GU_South_2,road,22958,Trucks (30 MT),688740.0,25330873.29
2018-11-01,IU_South_2,GU_South_1,road,10111,Trucks (30 MT),303330.0,11938924.36
2018-11-01,IU_South_2,GU_South_3,road,24244,Trucks (30 MT),727320.0,30973441.71
2018-11-01,IU_South_3,GU_South_1,road,11190,Trucks (30 MT),335700.0,52202149.29
2018-11-01,IU_West_1,GU_West_2,road,16390,Trucks (30 MT),491700.0,35533520.0
2018-11-01,IU_West_2,GU_West_3,road,16357,Trucks (30 MT),490710.0,76939822.93
2018-11-01,IU_West_3,GU_West_1,road,18166,Trucks (30 MT),544980.0,30241199.71
2018-12-01,IU_Central_1,GU_Central_2,road,3407,Trucks (30 MT),102210.0,19273291.92
2018-12-01,IU_Central_2,GU_Central_1,road,8033,Trucks (30 MT),240990.0,20598471.07
2018-12-01,IU_Central_2,GU_Central_2,road,15626,Trucks (30 MT),468780.0,59950086.56
2018-12-01,IU_Central_3,GU_Central_1,road,11062,Trucks (30 MT),331860.0,36160635.01
2018-12-01,IU_Central_3,GU_Central_3,road,18421,Trucks (30 MT),552630.0,31730856.71
2018-12-01,IU_East_1,GU_East_3,road,6041,Trucks (30 MT),181230.0,39376670.58
2018-12-01,IU_East_2,GU_East_1,road,17576,Trucks (30 MT),527280.0,42660668.07
2018-12-01,IU_East_2,GU_East_3,road,11574,Trucks (30 MT),347220.0,47349531.62
2018-12-01,IU_East_3,GU_East_2,road,19031,Trucks (30 MT),570930.0,42094560.15
2018-12-01,IU_North_1,GU_North_2,road,10897,Trucks (30 MT),326910.0,37114372.51
2018-12-01,IU_North_1,GU_North_3,road,22470,Trucks (30 MT),674100.0,37825741.2
2018-12-01,IU_North_2,GU_North_2,road,11296,Trucks (30 MT),338880.0,60363338.88
2018-12-01,IU_North_3,GU_North_1,road,20714,Trucks (30 MT),621420.0,28382322.8
2018-12-01,IU_South_1,GU_South_2,road,24611,Trucks (30 MT),738330.0,27459336.51
2018-12-01,IU_South_2,GU_South_1,road,12684,Trucks (30 MT),380520.0,15145094.64
2018-12-01,IU_South_2,GU_South_3,road,26323,Trucks (30 MT),789690.0,34006758.91
2018-12-01,IU_South_3,GU_South_1,road,11520,Trucks (30 MT),345600.0,54344480.91
2018-12-01,IU_West_1,GU_West_2,road,20619,Trucks (30 MT),618570.0,45203446.08
2018-12-01,IU_West_2,GU_West_3,road,19441,Trucks (30 MT),583230.0,92472116.32
2018-12-01,IU_West_3,GU_West_1,road,18342,Trucks (30 MT),550260.0,30876713.18
2019-01-01,IU_Central_1,GU_Central_2,road,3901,Trucks (30 MT),117030.0,22496242.22
2019-01-01,IU_Central_2,GU_Central_1,road,10430,Trucks (30 MT),312900.0,27264139.2
2019-01-01,IU_Central_2,GU_Central_2,road,16227,Trucks (30 MT),486810.0,63464446.08
2019-01-01,IU_Central_3,GU_Central_1,road,8633,Trucks (30 MT),258990.0,28768313.21
2019-01-01,IU_Central_3,GU_Central_3,road,18444,Trucks (30 MT),553320.0,32387242.42
2019-01-01,IU_East_1,GU_East_3,road,13683,Trucks (30 MT),410490.0,90920485.65
2019-01-01,IU_East_2,GU_East_1,road,21103,Trucks (30 MT),633090.0,52215816.14
2019-01-01,IU_East_2,GU_East_3,road,7751,Trucks (30 MT),232530.0,32325124.73
2019-01-01,IU_East_3,GU_East_2,road,20601,Trucks (30 MT),618030.0,46451841.12
2019-01-01,IU_North_1,GU_North_2,road,12819,Trucks (30 MT),384570.0,44508154.01
2019-01-01,IU_North_1,GU_North_3,road,26227,Trucks (30 MT),786810.0,45007330.42
2019-01-01,IU_North_2,GU_North_2,road,11313,Trucks (30 MT),339390.0,61627793.76
2019-01-01,IU_North_3,GU_North_1,road,25291,Trucks (30 MT),758730.0,35326468.8
2019-01-01,IU_South_1,GU_South_2,road,31088,Trucks (30 MT),932640.0,35359313.55
2019-01-01,IU_South_2,GU_South_1,road,9756,Trucks (30 MT),292680.0,11875114.7
2019-01-01,IU_South_2,GU_South_3,road,28139,Trucks (30 MT),844170.0,37058580.62
2019-01-01,IU_South_3,GU_South_1,road,19545,Trucks (30 MT),586350.0,93991569.94
2019-01-01,IU_West_1,GU_West_2,road,20686,Trucks (30 MT),620580.0,46230727.68
2019-01-01,IU_West_2,GU_West_3,road,20726,Trucks (30 MT),621780.0,100498123.75
2019-01-01,IU_West_3,GU_West_1,road,19287,Trucks (30 MT),578610.0,33097814.54
2019-02-01,IU_Central_1,GU_Central_2,road,4752,Trucks (30 MT),142560.0,27352769.97
2019-02-01,IU_Central_2,GU_Central_1,road,16146,Trucks (30 MT),484380.0,42127266.7
2019-02-01,IU_Central_2,GU_Central_2,road,17886,Trucks (30 MT),536580.0,69822651.36
2019-02-01,IU_Central_3,GU_Central_1,road,7636,Trucks (30 MT),229080.0,25398579.58
2019-02-01,IU_Central_3,GU_Central_3,road,17589,Trucks (30 MT),527670.0,30828391.06
2019-02-01,IU_East_1,GU_East_3,road,26567,Trucks (30 MT),797010.0,176203198.52
2019-02-01,IU_East_2,GU_East_1,road,27022,Trucks (30 MT),810660.0,66736928.25
2019-02-01,IU_East_2,GU_East_2,road,650,Trucks (30 MT),19500.0,1255775.86
2019-02-01,IU_East_2,GU_East_3,road,155,Trucks (30 MT),4650.0,645215.84
2019-02-01,IU_East_3,GU_East_2,road,26802,Trucks (30 MT),804060.0,60321576.7
2019-02-01,IU_North_1,GU_North_2,road,11863,Trucks (30 MT),355890.0,41112209.43
2019-02-01,IU_North_1,GU_North_3,road,30783,Trucks (30 MT),923490.0,52727409.14
2019-02-01,IU_North_2,GU_North_2,road,16053,Trucks (30 MT),481590.0,87286261.14
2019-02-01,IU_North_3,GU_North_1,road,29839,Trucks (30 MT),895170.0,41601533.8
2019-02-01,IU_South_1,GU_South_2,road,28843,Trucks (30 MT),865290.0,32744798.63
2019-02-01,IU_South_2,GU_South_1,road,5556,Trucks (30 MT),166680.0,6750238.39
2019-02-01,IU_South_2,GU_South_3,road,32069,Trucks (30 MT),962070.0,42155708.38
2019-02-01,IU_South_3,GU_South_1,road,25182,Trucks (30 MT),755460.0,120874391.43
2019-02-01,IU_West_1,GU_West_2,road,20611,Trucks (30 MT),618330.0,45977369.92
2019-02-01,IU_West_2,GU_West_3,road,25521,Trucks (30 MT),765630.0,123518212.89
2019-02-01,IU_West_3,GU_West_1,road,18473,Trucks (30 MT),554190.0,31641926.68
2019-03-01,IU_Central_1,GU_Central_2,road,9622,Trucks (30 MT),288660.0,53930815.15
2019-03-01,IU_Central_2,GU_Central_1,road,21498,Trucks (30 MT),644940.0,54618924.41
2019-03-01,IU_Central_2,GU_Central_2,road,9918,Trucks (30 MT),297540.0,37701095.04
2019-03-01,IU_Central_3,GU_Central_1,road,3247,Trucks (30 MT),97410.0,10516532.03
2019-03-01,IU_Central_3,GU_Central_3,road,24977,Trucks (30 MT),749310.0,42628174.54
2019-03-01,IU_East_1,GU_East_3,road,15829,Trucks (30 MT),474870.0,102228385.47
2019-03-01,IU_East_2,GU_East_1,road,21517,Trucks (30 MT),645510.0,51746048.87
2019-03-01,IU_East_2,GU_East_3,road,9774,Trucks (30 MT),293220.0,39617987.45
2019-03-01,IU_East_3,GU_East_2,road,22976,Trucks (30 MT),689280.0,50353151.27
2019-03-01,IU_North_1,GU_North_2,road,7317,Trucks (30 MT),219510.0,24691990.01
2019-03-01,IU_North_1,GU_North_3,road,31960,Trucks (30 MT),958800.0,53306357.94
2019-03-01,IU_North_2,GU_North_2,road,19544,Trucks (30 MT),586320.0,103478444.16
2019-03-01,IU_North_3,GU_North_1,road,30957,Trucks (30 MT),928710.0,42027223.2
2019-03-01,IU_South_1,GU_South_2,road,31446,Trucks (30 MT),943380.0,34762744.39
2019-03-01,IU_South_2,GU_South_1,road,9871,Trucks (30 MT),296130.0,11677900.65
2019-03-01,IU_South_2,GU_South_3,road,30814,Trucks (30 MT),924420.0,39442624.32
2019-03-01,IU_South_3,GU_South_1,road,24725,Trucks (30 MT),741750.0,115565215.14
2019-03-01,IU_West_1,GU_West_2,road,25921,Trucks (30 MT),777630.0,56304559.36
2019-03-01,IU_West_2,GU_West_3,road,26689,Trucks (30 MT),800670.0,125780224.22
2019-03-01,IU_West_3,GU_West_1,road,23359,Trucks (30 MT),700770.0,38960676.32
2019-04-01,IU_Central_1,GU_Central_2,road,9529,Trucks (30 MT),285870.0,54912387.14
2019-04-01,IU_Central_2,GU_Central_1,road,12648,Trucks (30 MT),379440.0,33038346.72
2019-04-01,IU_Central_2,GU_Central_2,road,12490,Trucks (30 MT),374700.0,48813917.6
2019-04-01,IU_Central_3,GU_Central_1,road,4749,Trucks (30 MT),142470.0,15814075.02
2019-04-01,IU_Central_3,GU_Central_3,road,21466,Trucks (30 MT),643980.0,37666819.52
2019-04-01,IU_East_1,GU_East_3,road,19820,Trucks (30 MT),594600.0,131605196.4
2019-04-01,IU_East_2,GU_East_1,road,23194,Trucks (30 MT),695820.0,57348556.64
2019-04-01,IU_East_2,GU_East_3,road,1167,Trucks (30 MT),35010.0,4863425.82
2019-04-01,IU_East_3,GU_East_2,road,19823,Trucks (30 MT),594690.0,44665580.06
2019-04-01,IU_North_1,GU_North_2,road,16128,Trucks (30 MT),483840.0,55957063.68
2019-04-01,IU_North_1,GU_North_3,road,24153,Trucks (30 MT),724590.0,41418530.52
2019-04-01,IU_North_2,GU_North_2,road,10057,Trucks (30 MT),301710.0,54746486.34
2019-04-01,IU_North_3,GU_North_1,road,26560,Trucks (30 MT),796800.0,37072448.0
2019-04-01,IU_South_1,GU_South_2,road,33053,Trucks (30 MT),991590.0,37567378.74
2019-04-01,IU_South_2,GU_South_1,road,13140,Trucks (30 MT),394200.0,15982707.6
2019-04-01,IU_South_2,GU_South_3,road,26008,Trucks (30 MT),780240.0,34227568.32
2019-04-01,IU_South_3,GU_South_1,road,16866,Trucks (30 MT),505980.0,81050237.64
2019-04-01,IU_South_3,GU_South_2,road,1500,Trucks (30 MT),45000.0,8913180.0
2019-04-01,IU_West_1,GU_West_2,road,24703,Trucks (30 MT),741090.0,55168715.84
2019-04-01,IU_West_2,GU_West_3,road,20751,Trucks (30 MT),622530.0,100547310.42
2019-04-01,IU_West_3,GU_West_1,road,22457,Trucks (30 MT),673710.0,38510161.88
2019-05-01,IU_Central_1,GU_Central_2,road,1457,Trucks (30 MT),43710.0,8464770.37
2019-05-01,IU_Central_2,GU_Central_1,road,9325,Trucks (30 MT),279750.0,24557147.71
2019-05-01,IU_Central_2,GU_Central_2,road,15731,Trucks (30 MT),471930.0,61982656.96
2019-05-01,IU_Central_3,GU_Central_1,road,8695,Trucks (30 MT),260850.0,29190655.26
2019-05-01,IU_Central_3,GU_Central_3,road,15786,Trucks (30 MT),473580.0,27926245.85
2019-05-01,IU_East_1,GU_East_3,road,5634,Trucks (30 MT),169020.0,37715412.55
2019-05-01,IU_East_2,GU_East_1,road,18790,Trucks (30 MT),563700.0,46838853.03
2019-05-01,IU_East_2,GU_East_3,road,10562,Trucks (30 MT),316860.0,44376212.82
2019-05-01,IU_East_3,GU_East_2,road,17159,Trucks (30 MT),514770.0,38978776.61
2019-05-01,IU_North_1,GU_North_2,road,12851,Trucks (30 MT),385530.0,44951476.18
2019-05-01,IU_North_1,GU_North_3,road,20914,Trucks (30 MT),627420.0,36157079.27
2019-05-01,IU_North_2,GU_North_2,road,9149,Trucks (30 MT),274470.0,50210443.92
2019-05-01,IU_North_3,GU_North_1,road,19590,Trucks (30 MT),587700.0,27567048.0
2019-05-01,IU_South_1,GU_South_2,road,21488,Trucks (30 MT),644640.0,24622301.07
2019-05-01,IU_South_2,GU_South_1,road,7937,Trucks (30 MT),238110.0,9732939.01
2019-05-01,IU_South_2,GU_South_3,road,25513,Trucks (30 MT),765390.0,33850356.82
2019-05-01,IU_South_3,GU_South_1,road,17111,Trucks (30 MT),513330.0,82899177.25
2019-05-01,IU_West_1,GU_West_2,road,18561,Trucks (30 MT),556830.0,41790462.72
2019-05-01,IU_West_2,GU_West_3,road,17799,Trucks (30 MT),533970.0,86948013.29
2019-05-01,IU_West_3,GU_West_1,road,17702,Trucks (30 MT),531060.0,30604026.83
2019-06-01,IU_Central_1,GU_Central_2,road,4179,Trucks (30 MT),125370.0,25441716.18
2019-06-01,IU_Central_2,GU_Central_1,road,9103,Trucks (30 MT),273090.0,25120716.83
2019-06-01,IU_Central_2,GU_Central_2,road,7255,Trucks (30 MT),217650.0,29955024.4
2019-06-01,IU_Central_3,GU_Central_1,road,2984,Trucks (30 MT),89520.0,10497635.27
2019-06-01,IU_Central_3,GU_Central_3,road,13891,Trucks (30 MT),416730.0,25750897.67
2019-06-01,IU_East_1,GU_East_3,road,6091,Trucks (30 MT),182730.0,42727651.48
2019-06-01,IU_East_2,GU_East_1,road,11802,Trucks (30 MT),354060.0,30828577.44
2019-06-01,IU_East_2,GU_East_3,road,6336,Trucks (30 MT),190080.0,27895724.43
2019-06-01,IU_East_3,GU_East_2,road,11364,Trucks (30 MT),340920.0,27051157.82
2019-06-01,IU_North_1,GU_North_2,road,4726,Trucks (30 MT),141780.0,17322842.43
2019-06-01,IU_North_1,GU_North_3,road,17049,Trucks (30 MT),511470.0,30886845.21
2019-06-01,IU_North_2,GU_North_2,road,12497,Trucks (30 MT),374910.0,71869497.18
2019-06-01,IU_North_3,GU_North_1,road,17265,Trucks (30 MT),517950.0,25458969.0
2019-06-01,IU_South_1,GU_South_2,road,17765,Trucks (30 MT),532950.0,21331247.61
2019-06-01,IU_South_2,GU_South_1,road,6875,Trucks (30 MT),206250.0,8834433.93
2019-06-01,IU_South_2,GU_South_3,road,14873,Trucks (30 MT),446190.0,20678484.33
2019-06-01,IU_South_3,GU_South_1,road,11225,Trucks (30 MT),336750.0,56987496.93
2019-06-01,IU_West_1,GU_West_2,road,12747,Trucks (30 MT),382410.0,30074761.92
2019-06-01,IU_West_2,GU_West_3,road,11416,Trucks (30 MT),342480.0,58438145.21
2019-06-01,IU_West_3,GU_West_1,road,13223,Trucks (30 MT),396690.0,23955466.84
2019-07-01,IU_Central_1,GU_Central_2,road,3908,Trucks (30 MT),117240.0,23101315.74
2019-07-01,IU_Central_2,GU_Central_1,road,6499,Trucks (30 MT),194970.0,17414144.77
2019-07-01,IU_Central_2,GU_Central_2,road,6000,Trucks (30 MT),180000.0,24054240.0
2019-07-01,IU_Central_3,GU_Central_1,road,2084,Trucks (30 MT),62520.0,7118664.15
2019-07-01,IU_Central_3,GU_Central_3,road,10063,Trucks (30 MT),301890.0,18113169.99
2019-07-01,IU_East_1,GU_East_3,road,9087,Trucks (30 MT),272610.0,61894075.4
2019-07-01,IU_East_2,GU_East_1,road,9892,Trucks (30 MT),296760.0,25089390.49
2019-07-01,IU_East_2,GU_East_3,road,2451,Trucks (30 MT),73530.0,10477891.95
2019-07-01,IU_East_3,GU_East_2,road,10914,Trucks (30 MT),327420.0,25225902.39
2019-07-01,IU_North_1,GU_North_2,road,1179,Trucks (30 MT),35370.0,4196114.9
2019-07-01,IU_North_1,GU_North_3,road,15607,Trucks (30 MT),468210.0,27453783.19
2019-07-01,IU_North_2,GU_North_2,road,11702,Trucks (30 MT),351060.0,65344202.04
2019-07-01,IU_North_3,GU_North_1,road,13492,Trucks (30 MT),404760.0,19317845.6
2019-07-01,IU_South_1,GU_South_2,road,14586,Trucks (30 MT),437580.0,17005734.05
2019-07-01,IU_South_2,GU_South_1,road,1283,Trucks (30 MT),38490.0,1600813.76
2019-07-01,IU_South_2,GU_South_3,road,13792,Trucks (30 MT),413760.0,18618963.57
2019-07-01,IU_South_3,GU_South_1,road,10822,Trucks (30 MT),324660.0,53346863.48
2019-07-01,IU_West_1,GU_West_2,road,10294,Trucks (30 MT),308820.0,23582318.72
2019-07-01,IU_West_2,GU_West_3,road,10529,Trucks (30 MT),315870.0,52333251.35
2019-07-01,IU_West_3,GU_West_1,road,11932,Trucks (30 MT),357960.0,20989206.19
2019-07-01,IU_West_3,GU_West_3,road,1619,Trucks (30 MT),48570.0,9305452.29
2019-08-01,IU_Central_1,GU_Central_2,road,2213,Trucks (30 MT),66390.0,12538971.81
2019-08-01,IU_Central_2,GU_Central_1,road,4292,Trucks (30 MT),128760.0,11023352.07
2019-08-01,IU_Central_2,GU_Central_2,road,7378,Trucks (30 MT),221340.0,28351588.16
2019-08-01,IU_Central_3,GU_Central_1,road,5267,Trucks (30 MT),158010.0,17244970.62
2019-08-01,IU_Central_3,GU_Central_3,road,9344,Trucks (30 MT),280320.0,16121229.9
2019-08-01,IU_East_1,GU_East_1,road,336,Trucks (30 MT),10080.0,2160706.56
2019-08-01,IU_East_1,GU_East_3,road,10113,Trucks (30 MT),303390.0,66024771.99
2019-08-01,IU_East_2,GU_East_1,road,9879,Trucks (30 MT),296370.0,24016921.58
2019-08-01,IU_East_3,GU_East_2,road,9367,Trucks (30 MT),281010.0,20752080.01
2019-08-01,IU_North_1,GU_North_2,road,7661,Trucks (30 MT),229830.0,26134691.62
2019-08-01,IU_North_1,GU_North_3,road,12199,Trucks (30 MT),365970.0,20568629.34
2019-08-01,IU_North_2,GU_North_1,road,171,Trucks (30 MT),5130.0,529707.19
2019-08-01,IU_North_2,GU_North_2,road,6012,Trucks (30 MT),180360.0,32178388.32
2019-08-01,IU_North_3,GU_North_1,road,15334,Trucks (30 MT),460020.0,21044381.6
2019-08-01,IU_South_1,GU_South_2,road,12371,Trucks (30 MT),371130.0,13824910.61
2019-08-01,IU_South_2,GU_South_1,road,422,Trucks (30 MT),12660.0,504690.3
2019-08-01,IU_South_2,GU_South_3,road,15572,Trucks (30 MT),467160.0,20149812.07
2019-08-01,IU_South_3,GU_South_1,road,12950,Trucks (30 MT),388500.0,61188454.0
2019-08-01,IU_West_1,GU_West_1,road,332,Trucks (30 MT),9960.0,1275783.04
2019-08-01,IU_West_1,GU_West_2,road,11763,Trucks (30 MT),352890.0,25829665.92
2019-08-01,IU_West_2,GU_West_3,road,10792,Trucks (30 MT),323760.0,51415123.06
2019-08-01,IU_West_3,GU_West_1,road,13478,Trucks (30 MT),404340.0,22725140.27
2019-09-01,IU_Central_1,GU_Central_2,road,2226,Trucks (30 MT),66780.0,13213669.56
2019-09-01,IU_Central_2,GU_Central_1,road,10749,Trucks (30 MT),322470.0,28922764.26
2019-09-01,IU_Central_2,GU_Central_2,road,9629,Trucks (30 MT),288870.0,38764813.36
2019-09-01,IU_Central_3,GU_Central_1,road,1534,Trucks (30 MT),46020.0,5261896.12
2019-09-01,IU_Central_3,GU_Central_3,road,12985,Trucks (30 MT),389550.0,23470647.2
2019-09-01,IU_East_1,GU_East_3,road,6085,Trucks (30 MT),182550.0,41620304.7
2019-09-01,IU_East_2,GU_East_1,road,11340,Trucks (30 MT),340200.0,28882526.4
2019-09-01,IU_East_2,GU_East_3,road,5889,Trucks (30 MT),176670.0,25280652.54
2019-09-01,IU_East_3,GU_East_2,road,9060,Trucks (30 MT),271800.0,21028441.2
2019-09-01,IU_North_1,GU_North_2,road,5190,Trucks (30 MT),155700.0,18548852.4
2019-09-01,IU_North_1,GU_North_3,road,15634,Trucks (30 MT),469020.0,27616522.96
2019-09-01,IU_North_2,GU_North_2,road,12023,Trucks (30 MT),360690.0,67418010.66
2019-09-01,IU_North_3,GU_North_1,road,16165,Trucks (30 MT),484950.0,23242037.0
2019-09-01,IU_South_1,GU_South_2,road,17904,Trucks (30 MT),537120.0,20961645.12
2019-09-01,IU_South_2,GU_South_1,road,7833,Trucks (30 MT),234990.0,9814279.02
2019-09-01,IU_South_2,GU_South_3,road,17284,Trucks (30 MT),518520.0,23430881.76
2019-09-01,IU_South_3,GU_South_1,road,11826,Trucks (30 MT),354780.0,58540355.64
2019-09-01,IU_West_1,GU_West_2,road,12912,Trucks (30 MT),387360.0,29703797.76
2019-09-01,IU_West_2,GU_West_3,road,12115,Trucks (30 MT),363450.0,60468630.3
2019-09-01,IU_West_3,GU_West_1,road,12041,Trucks (30 MT),361230.0,21269704.04
2019-10-01,IU_Central_1,GU_Central_2,road,4243,Trucks (30 MT),127290.0,25158674.53
2019-10-01,IU_Central_2,GU_Central_1,road,12611,Trucks (30 MT),378330.0,33895161.2
2019-10-01,IU_Central_2,GU_Central_2,road,11513,Trucks (30 MT),345390.0,46297917.68
2019-10-01,IU_Central_3,GU_Central_1,road,1884,Trucks (30 MT),56520.0,6455267.62
2019-10-01,IU_Central_3,GU_Central_3,road,19225,Trucks (30 MT),576750.0,34710902.29
2019-10-01,IU_East_1,GU_East_3,road,11357,Trucks (30 MT),340710.0,77593392.75
2019-10-01,IU_East_2,GU_East_1,road,15787,Trucks (30 MT),473610.0,40164112.65
2019-10-01,IU_East_2,GU_East_3,road,3878,Trucks (30 MT),116340.0,16629185.32
2019-10-01,IU_East_3,GU_East_2,road,16276,Trucks (30 MT),488280.0,37734882.94
2019-10-01,IU_North_1,GU_North_2,road,8686,Trucks (30 MT),260580.0,31008871.1
2019-10-01,IU_North_1,GU_North_3,road,22132,Trucks (30 MT),663960.0,39051344.89
2019-10-01,IU_North_2,GU_North_2,road,12194,Trucks (30 MT),365820.0,68300788.92
2019-10-01,IU_North_3,GU_North_1,road,21747,Trucks (30 MT),652410.0,31233041.4
2019-10-01,IU_South_1,GU_South_2,road,18222,Trucks (30 MT),546660.0,21310212.5
2019-10-01,IU_South_2,GU_South_1,road,7278,Trucks (30 MT),218340.0,9108749.71
2019-10-01,IU_South_2,GU_South_3,road,20560,Trucks (30 MT),616800.0,27840942.17
2019-10-01,IU_South_3,GU_South_1,road,10345,Trucks (30 MT),310350.0,51152212.13
2019-10-01,IU_West_1,GU_West_2,road,16835,Trucks (30 MT),505050.0,38685483.2
2019-10-01,IU_West_2,GU_West_3,road,15840,Trucks (30 MT),475200.0,78972944.91
2019-10-01,IU_West_3,GU_West_1,road,16021,Trucks (30 MT),480630.0,28268642.53
2019-11-01,IU_Central_1,GU_Central_2,road,8851,Trucks (30 MT),265530.0,52876253.33
2019-11-01,IU_Central_2,GU_Central_1,road,12279,Trucks (30 MT),368370.0,33251005.76
2019-11-01,IU_Central_2,GU_Central_2,road,9497,Trucks (30 MT),284910.0,38478045.2
2019-11-01,IU_Central_3,GU_Central_1,road,4205,Trucks (30 MT),126150.0,14516200.64
2019-11-01,IU_Central_3,GU_Central_3,road,15222,Trucks (30 MT),456660.0,27690122.74
2019-11-01,IU_East_1,GU_East_3,road,9911,Trucks (30 MT),297330.0,68223218.01
2019-11-01,IU_East_2,GU_East_1,road,15874,Trucks (30 MT),476220.0,40689143.89
2019-11-01,IU_East_2,GU_East_3,road,9562,Trucks (30 MT),286860.0,41310981.8
2019-11-01,IU_East_3,GU_East_2,road,16860,Trucks (30 MT),505800.0,39382792.29
2019-11-01,IU_North_1,GU_North_2,road,5414,Trucks (30 MT),162420.0,19473229.89
2019-11-01,IU_North_1,GU_North_3,road,25403,Trucks (30 MT),762090.0,45160001.8
2019-11-01,IU_North_2,GU_North_2,road,18520,Trucks (30 MT),555600.0,104513916.0
2019-11-01,IU_North_3,GU_North_1,road,19038,Trucks (30 MT),571140.0,27547986.0
2019-11-01,IU_South_1,GU_South_2,road,22572,Trucks (30 MT),677160.0,26595942.69
2019-11-01,IU_South_2,GU_South_1,road,9928,Trucks (30 MT),297840.0,12518782.51
2019-11-01,IU_South_2,GU_South_3,road,21336,Trucks (30 MT),640080.0,29109009.6
2019-11-01,IU_South_3,GU_South_1,road,11080,Trucks (30 MT),332400.0,55198502.29
2019-11-01,IU_West_1,GU_West_2,road,19823,Trucks (30 MT),594690.0,45894209.6
2019-11-01,IU_West_2,GU_West_3,road,18728,Trucks (30 MT),561840.0,94073686.97
2019-11-01,IU_West_3,GU_West_1,road,19827,Trucks (30 MT),594810.0,35247307.63
2019-12-01,IU_Central_2,GU_Central_1,road,10296,Trucks (30 MT),308880.0,28674977.76
2019-12-01,IU_Central_2,GU_Central_2,road,16593,Trucks (30 MT),497790.0,69142367.28
2019-12-01,IU_Central_3,GU_Central_1,road,7945,Trucks (30 MT),238350.0,28208086.9
2019-12-01,IU_Central_3,GU_Central_3,road,17477,Trucks (30 MT),524310.0,32697369.76
2019-12-01,IU_East_1,GU_East_3,road,15325,Trucks (30 MT),459750.0,108494563.5
2019-12-01,IU_East_2,GU_East_1,road,21014,Trucks (30 MT),630420.0,55397947.36
2019-12-01,IU_East_2,GU_East_3,road,2363,Trucks (30 MT),70890.0,10499612.42
2019-12-01,IU_East_3,GU_East_2,road,20625,Trucks (30 MT),618750.0,49549087.5
2019-12-01,IU_North_1,GU_North_2,road,12721,Trucks (30 MT),381630.0,47058032.04
2019-12-01,IU_North_1,GU_North_3,road,27416,Trucks (30 MT),822480.0,50126317.76
2019-12-01,IU_North_2,GU_North_2,road,10841,Trucks (30 MT),325230.0,62920947.18
2019-12-01,IU_North_3,GU_North_1,road,26936,Trucks (30 MT),808080.0,40086155.2
2019-12-01,IU_South_1,GU_South_2,road,26495,Trucks (30 MT),794850.0,32107170.9
2019-12-01,IU_South_2,GU_South_1,road,4960,Trucks (30 MT),148800.0,6432425.6
2019-12-01,IU_South_2,GU_South_3,road,26097,Trucks (30 MT),782910.0,36618266.52
2019-12-01,IU_South_3,GU_South_1,road,20148,Trucks (30 MT),604440.0,103231501.68
2019-12-01,IU_West_1,GU_West_2,road,22191,Trucks (30 MT),665730.0,52839433.92
2019-12-01,IU_West_2,GU_West_3,road,18799,Trucks (30 MT),563970.0,97119017.82
2019-12-01,IU_West_3,GU_West_1,road,21862,Trucks (30 MT),655860.0,39971606.32
2020-01-01,IU_Central_1,GU_Central_2,road,10943,Trucks (30 MT),328290.0,75168748.89
2020-01-01,IU_Central_2,GU_Central_1,road,17807,Trucks (30 MT),534210.0,55445350.64
2020-01-01,IU_Central_2,GU_Central_2,road,13849,Trucks (30 MT),415470.0,64517505.36
2020-01-01,IU_Central_3,GU_Central_1,road,4360,Trucks (30 MT),130800.0,17306372.23
2020-01-01,IU_Central_3,GU_Central_3,road,22366,Trucks (30 MT),670980.0,46781492.43
2020-01-01,IU_East_1,GU_East_3,road,20085,Trucks (30 MT),602550.0,158971455.13
2020-01-01,IU_East_2,GU_East_1,road,25256,Trucks (30 MT),757680.0,74437080.96
2020-01-01,IU_East_2,GU_East_3,road,1611,Trucks (30 MT),48330.0,8002854.23
2020-01-01,IU_East_3,GU_East_2,road,25514,Trucks (30 MT),765420.0,68526740.45
2020-01-01,IU_North_1,GU_North_2,road,4231,Trucks (30 MT),126930.0,17498279.67
2020-01-01,IU_North_1,GU_North_3,road,28119,Trucks (30 MT),843570.0,57477967.56
2020-01-01,IU_North_2,GU_North_2,road,26319,Trucks (30 MT),789570.0,170779253.58
2020-01-01,IU_North_3,GU_North_1,road,32786,Trucks (30 MT),983580.0,54549346.8
2020-01-01,IU_South_1,GU_South_2,road,26378,Trucks (30 MT),791340.0,35737140.5
2020-01-01,IU_South_2,GU_South_1,road,13272,Trucks (30 MT),398160.0,19242845.28
2020-01-01,IU_South_2,GU_South_3,road,29035,Trucks (30 MT),871050.0,45547951.11
2020-01-01,IU_South_3,GU_South_1,road,17041,Trucks (30 MT),511230.0,97614694.4
2020-01-01,IU_West_1,GU_West_2,road,24231,Trucks (30 MT),726930.0,64504860.48
2020-01-01,IU_West_2,GU_West_3,road,19345,Trucks (30 MT),580350.0,111732132.47
2020-01-01,IU_West_3,GU_West_1,road,21515,Trucks (30 MT),645450.0,43978750.03
2020-02-01,IU_Central_1,GU_Central_2,road,10429,Trucks (30 MT),312870.0,72809169.59
2020-02-01,IU_Central_2,GU_Central_1,road,17757,Trucks (30 MT),532710.0,56193548.53
2020-02-01,IU_Central_2,GU_Central_2,road,11487,Trucks (30 MT),344610.0,54388647.6
2020-02-01,IU_Central_3,GU_Central_1,road,4960,Trucks (30 MT),148800.0,20009844.57
2020-02-01,IU_Central_3,GU_Central_3,road,21610,Trucks (30 MT),648300.0,45939155.43
2020-02-01,IU_East_1,GU_East_3,road,17934,Trucks (30 MT),538020.0,144266988.6
2020-02-01,IU_East_2,GU_East_1,road,27263,Trucks (30 MT),817890.0,81665927.03
2020-02-01,IU_East_2,GU_East_3,road,6973,Trucks (30 MT),209190.0,35205581.24
2020-02-01,IU_East_3,GU_East_2,road,22086,Trucks (30 MT),662580.0,60289416.26
2020-02-01,IU_North_1,GU_North_2,road,16419,Trucks (30 MT),492570.0,69014686.37
2020-02-01,IU_North_1,GU_North_3,road,29578,Trucks (30 MT),887340.0,61448717.54
2020-02-01,IU_North_2,GU_North_2,road,13744,Trucks (30 MT),412320.0,90640305.6
2020-02-01,IU_North_3,GU_North_1,road,28734,Trucks (30 MT),862020.0,48589194.0
2020-02-01,IU_South_1,GU_South_2,road,32078,Trucks (30 MT),962340.0,44170031.23
2020-02-01,IU_South_2,GU_South_1,road,8337,Trucks (30 MT),250110.0,12285284.1
2020-02-01,IU_South_2,GU_South_3,road,32269,Trucks (30 MT),968070.0,51448771.63
2020-02-01,IU_South_3,GU_South_1,road,21876,Trucks (30 MT),656280.0,127359259.37
2020-02-01,IU_West_1,GU_West_2,road,24989,Trucks (30 MT),749670.0,67610238.4
2020-02-01,IU_West_2,GU_West_3,road,21513,Trucks (30 MT),645390.0,126285305.27
2020-02-01,IU_West_3,GU_West_1,road,28858,Trucks (30 MT),865740.0,59952907.26
2020-03-01,IU_Central_2,GU_Central_1,road,19839,Trucks (30 MT),595170.0,62210456.01
2020-03-01,IU_Central_2,GU_Central_2,road,25301,Trucks (30 MT),759030.0,118704195.68
2020-03-01,IU_Central_3,GU_Central_1,road,3984,Trucks (30 MT),119520.0,15926051.38
2020-03-01,IU_Central_3,GU_Central_3,road,22163,Trucks (30 MT),664890.0,46685662.95
2020-03-01,IU_East_1,GU_East_3,road,9540,Trucks (30 MT),286200.0,76043994.17
2020-03-01,IU_East_2,GU_East_1,road,24981,Trucks (30 MT),749430.0,74148746.95
2020-03-01,IU_East_2,GU_East_3,road,12617,Trucks (30 MT),378510.0,63121120.67
2020-03-01,IU_East_3,GU_East_2,road,27163,Trucks (30 MT),814890.0,73473121.09
2020-03-01,IU_North_1,GU_North_2,road,19248,Trucks (30 MT),577440.0,80169129.87
2020-03-01,IU_North_1,GU_North_3,road,31784,Trucks (30 MT),953520.0,65430360.78
2020-03-01,IU_North_2,GU_North_2,road,11856,Trucks (30 MT),355680.0,77477063.04
2020-03-01,IU_North_3,GU_North_1,road,29307,Trucks (30 MT),879210.0,49106809.2
2020-03-01,IU_South_1,GU_South_2,road,32297,Trucks (30 MT),968910.0,44066580.46
2020-03-01,IU_South_2,GU_South_1,road,19027,Trucks (30 MT),570810.0,27782573.05
2020-03-01,IU_South_2,GU_South_3,road,29453,Trucks (30 MT),883590.0,46531364.13
2020-03-01,IU_South_3,GU_South_1,road,15227,Trucks (30 MT),456810.0,87842300.7
2020-03-01,IU_West_1,GU_West_2,road,25073,Trucks (30 MT),752190.0,67219710.08
2020-03-01,IU_West_2,GU_West_3,road,27109,Trucks (30 MT),813270.0,157685617.39
2020-03-01,IU_West_3,GU_West_1,road,27373,Trucks (30 MT),821190.0,56349901.38
2020-05-01,IU_Central_2,GU_Central_1,road,6596,Trucks (30 MT),197880.0,14800387.49
2020-05-01,IU_Central_2,GU_Central_2,road,12532,Trucks (30 MT),375960.0,42072430.4
2020-05-01,IU_Central_3,GU_Central_1,road,5441,Trucks (30 MT),163230.0,15563825.04
2020-05-01,IU_Central_3,GU_Central_3,road,11938,Trucks (30 MT),358140.0,17994317.94
2020-05-01,IU_East_1,GU_East_3,road,7788,Trucks (30 MT),233640.0,44421305.66
2020-05-01,IU_East_2,GU_East_1,road,12443,Trucks (30 MT),373290.0,26428220.97
2020-05-01,IU_East_2,GU_East_3,road,4294,Trucks (30 MT),128820.0,15371967.91
2020-05-01,IU_East_3,GU_East_2,road,14107,Trucks (30 MT),423210.0,27304501.56
2020-05-01,IU_North_1,GU_North_2,road,9490,Trucks (30 MT),284700.0,28283724.86
2020-05-01,IU_North_1,GU_North_3,road,15015,Trucks (30 MT),450450.0,22117953.0
2020-05-01,IU_North_2,GU_North_2,road,7715,Trucks (30 MT),231450.0,36076111.5
2020-05-01,IU_North_3,GU_North_1,road,16530,Trucks (30 MT),495900.0,19819470.0
2020-05-01,IU_South_1,GU_South_2,road,20487,Trucks (30 MT),614610.0,20002043.44
2020-05-01,IU_South_2,GU_South_1,road,12560,Trucks (30 MT),376800.0,13123226.29
2020-05-01,IU_South_2,GU_South_3,road,16649,Trucks (30 MT),499470.0,18821456.66
2020-05-01,IU_South_3,GU_South_1,road,5704,Trucks (30 MT),171120.0,23546030.51
2020-05-01,IU_West_1,GU_West_2,road,13169,Trucks (30 MT),395070.0,25263409.6
2020-05-01,IU_West_2,GU_West_3,road,12637,Trucks (30 MT),379110.0,52598262.99
2020-05-01,IU_West_3,GU_West_1,road,13930,Trucks (30 MT),417900.0,20519686.0
2020-06-01,IU_Central_2,GU_Central_1,road,2385,Trucks (30 MT),71550.0,5148036.13
2020-06-01,IU_Central_2,GU_Central_2,road,9094,Trucks (30 MT),272820.0,29369254.88
2020-06-01,IU_Central_3,GU_Central_1,road,6044,Trucks (30 MT),181320.0,16631171.19
2020-06-01,IU_Central_3,GU_Central_3,road,8276,Trucks (30 MT),248280.0,12000105.42
2020-06-01,IU_East_1,GU_East_3,road,6120,Trucks (30 MT),183600.0,33579758.06
2020-06-01,IU_East_2,GU_East_1,road,8508,Trucks (30 MT),255240.0,17383253.9
2020-06-01,IU_East_2,GU_East_3,road,3404,Trucks (30 MT),102120.0,11722432.61
2020-06-01,IU_East_3,GU_East_2,road,9136,Trucks (30 MT),274080.0,17010475.02
2020-06-01,IU_North_1,GU_North_2,road,4595,Trucks (30 MT),137850.0,13173970.03
2020-06-01,IU_North_1,GU_North_3,road,12513,Trucks (30 MT),375390.0,17731350.02
2020-06-01,IU_North_2,GU_North_2,road,6980,Trucks (30 MT),209400.0,31397854.8
2020-06-01,IU_North_3,GU_North_1,road,12217,Trucks (30 MT),366510.0,14091087.8
2020-06-01,IU_South_1,GU_South_2,road,12631,Trucks (30 MT),378930.0,11862999.11
2020-06-01,IU_South_2,GU_South_1,road,10305,Trucks (30 MT),309150.0,10357614.39
2020-06-01,IU_South_2,GU_South_3,road,10670,Trucks (30 MT),320100.0,11603533.54
2020-06-01,IU_West_1,GU_West_2,road,11687,Trucks (30 MT),350610.0,21567657.28
2020-06-01,IU_West_2,GU_West_3,road,10577,Trucks (30 MT),317310.0,42349733.82
2020-06-01,IU_West_3,GU_West_1,road,10266,Trucks (30 MT),307980.0,14547273.98
2020-07-01,IU_Central_1,GU_Central_2,road,5145,Trucks (30 MT),154350.0,35307621.3
2020-07-01,IU_Central_2,GU_Central_1,road,10022,Trucks (30 MT),300660.0,31175320.86
2020-07-01,IU_Central_2,GU_Central_2,road,6290,Trucks (30 MT),188700.0,29274666.4
2020-07-01,IU_Central_3,GU_Central_1,road,838,Trucks (30 MT),25140.0,3323117.73
2020-07-01,IU_Central_3,GU_Central_3,road,11435,Trucks (30 MT),343050.0,23894837.37
2020-07-01,IU_East_1,GU_East_3,road,5105,Trucks (30 MT),153150.0,40366883.19
2020-07-01,IU_East_2,GU_East_1,road,8789,Trucks (30 MT),263670.0,25878934.27
2020-07-01,IU_East_2,GU_East_3,road,4623,Trucks (30 MT),138690.0,22943275.36
2020-07-01,IU_East_3,GU_East_2,road,9971,Trucks (30 MT),299130.0,26754842.44
2020-07-01,IU_North_1,GU_North_2,road,4133,Trucks (30 MT),123990.0,17076540.46
2020-07-01,IU_North_1,GU_North_3,road,13443,Trucks (30 MT),403290.0,27452372.79
2020-07-01,IU_North_2,GU_North_1,road,108,Trucks (30 MT),3240.0,405196.87
2020-07-01,IU_North_2,GU_North_2,road,9660,Trucks (30 MT),289800.0,62621722.8
2020-07-01,IU_North_3,GU_North_1,road,18946,Trucks (30 MT),568380.0,31492041.2
2020-07-01,IU_South_1,GU_South_2,road,13961,Trucks (30 MT),418830.0,18896293.28
2020-07-01,IU_South_2,GU_South_1,road,5179,Trucks (30 MT),155370.0,7501722.31
2020-07-01,IU_South_2,GU_South_3,road,15150,Trucks (30 MT),454500.0,23743339.71
2020-07-01,IU_South_3,GU_South_1,road,9316,Trucks (30 MT),279480.0,53312832.9
2020-07-01,IU_West_1,GU_West_2,road,10922,Trucks (30 MT),327660.0,29047277.44
2020-07-01,IU_West_2,GU_West_3,road,13424,Trucks (30 MT),402720.0,77459279.86
2020-07-01,IU_West_3,GU_West_1,road,12392,Trucks (30 MT),371760.0,25306092.66
2020-08-01,IU_Central_1,GU_Central_2,road,6888,Trucks (30 MT),206640.0,47644355.04
2020-08-01,IU_Central_2,GU_Central_1,road,8311,Trucks (30 MT),249330.0,26058238.16
2020-08-01,IU_Central_2,GU_Central_2,road,4406,Trucks (30 MT),132180.0,20669074.72
2020-08-01,IU_Central_3,GU_Central_1,road,3836,Trucks (30 MT),115080.0,15332590.64
2020-08-01,IU_Central_3,GU_Central_3,road,8894,Trucks (30 MT),266820.0,18732695.27
2020-08-01,IU_East_1,GU_East_3,road,6749,Trucks (30 MT),202470.0,53790320.6
2020-08-01,IU_East_2,GU_East_1,road,10499,Trucks (30 MT),314970.0,31159472.15
2020-08-01,IU_East_2,GU_East_3,road,3552,Trucks (30 MT),106560.0,17768047.82
2020-08-01,IU_East_3,GU_East_2,road,8040,Trucks (30 MT),241200.0,21744777.26
2020-08-01,IU_North_1,GU_North_2,road,1740,Trucks (30 MT),52200.0,7246344.34
2020-08-01,IU_North_1,GU_North_3,road,15782,Trucks (30 MT),473460.0,32484857.15
2020-08-01,IU_North_2,GU_North_2,road,12211,Trucks (30 MT),366330.0,79787406.66
2020-08-01,IU_North_3,GU_North_1,road,14509,Trucks (30 MT),435270.0,24308378.6
2020-08-01,IU_South_1,GU_South_2,road,13924,Trucks (30 MT),417720.0,18995876.67
2020-08-01,IU_South_2,GU_South_1,road,4223,Trucks (30 MT),126690.0,6165543.8
2020-08-01,IU_South_2,GU_South_3,road,15420,Trucks (30 MT),462600.0,24358401.26
2020-08-01,IU_South_3,GU_South_1,road,10294,Trucks (30 MT),308820.0,59377468.45
2020-08-01,IU_West_1,GU_West_2,road,12523,Trucks (30 MT),375690.0,33569654.72
2020-08-01,IU_West_2,GU_West_3,road,12265,Trucks (30 MT),367950.0,71333625.47
2020-08-01,IU_West_3,GU_West_1,road,10047,Trucks (30 MT),301410.0,20680228.1
2020-08-01,IU_West_3,GU_West_2,road,1069,Trucks (30 MT),32070.0,4861292.77
2020-09-01,IU_Central_1,GU_Central_2,road,4053,Trucks (30 MT),121590.0,28255512.66
2020-09-01,IU_Central_2,GU_Central_1,road,8514,Trucks (30 MT),255420.0,26905042.75
2020-09-01,IU_Central_2,GU_Central_2,road,8689,Trucks (30 MT),260670.0,41082287.12
2020-09-01,IU_Central_3,GU_Central_1,road,3446,Trucks (30 MT),103380.0,13882270.07
2020-09-01,IU_Central_3,GU_Central_3,road,12474,Trucks (30 MT),374220.0,26479949.76
2020-09-01,IU_East_1,GU_East_3,road,5545,Trucks (30 MT),166350.0,44542493.87
2020-09-01,IU_East_2,GU_East_1,road,12496,Trucks (30 MT),374880.0,37378463.63
2020-09-01,IU_East_2,GU_East_3,road,6967,Trucks (30 MT),209010.0,35125364.65
2020-09-01,IU_East_3,GU_East_2,road,14396,Trucks (30 MT),431880.0,39241809.61
2020-09-01,IU_North_1,GU_North_2,road,4158,Trucks (30 MT),124740.0,17452694.16
2020-09-01,IU_North_1,GU_North_3,road,18410,Trucks (30 MT),552300.0,38192754.8
2020-09-01,IU_North_2,GU_North_2,road,12126,Trucks (30 MT),363780.0,79856258.04
2020-09-01,IU_North_3,GU_North_1,road,17703,Trucks (30 MT),531090.0,29893285.8
2020-09-01,IU_South_1,GU_South_2,road,20255,Trucks (30 MT),607650.0,27850682.87
2020-09-01,IU_South_2,GU_South_1,road,2814,Trucks (30 MT),84420.0,4140784.92
2020-09-01,IU_South_2,GU_South_3,road,16325,Trucks (30 MT),489750.0,25991172.43
2020-09-01,IU_South_3,GU_South_1,road,16847,Trucks (30 MT),505410.0,97941863.6
2020-09-01,IU_West_1,GU_West_2,road,15651,Trucks (30 MT),469530.0,42285245.76
2020-09-01,IU_West_2,GU_West_3,road,14102,Trucks (30 MT),423060.0,82663869.14
2020-09-01,IU_West_3,GU_West_1,road,13367,Trucks (30 MT),401010.0,27730719.9
2020-10-01,IU_Central_1,GU_Central_2,road,2123,Trucks (30 MT),63690.0,15298356.2
2020-10-01,IU_Central_2,GU_Central_1,road,9014,Trucks (30 MT),270420.0,29443252.34
2020-10-01,IU_Central_2,GU_Central_2,road,14546,Trucks (30 MT),436380.0,71088047.52
2020-10-01,IU_Central_3,GU_Central_1,road,5679,Trucks (30 MT),170370.0,23647502.03
2020-10-01,IU_Central_3,GU_Central_3,road,16000,Trucks (30 MT),480000.0,35107474.29
2020-10-01,IU_East_1,GU_East_3,road,14651,Trucks (30 MT),439530.0,121648969.26
2020-10-01,IU_East_2,GU_East_1,road,18000,Trucks (30 MT),540000.0,55653325.71
2020-10-01,IU_East_2,GU_East_3,road,3205,Trucks (30 MT),96150.0,16702106.61
2020-10-01,IU_East_3,GU_East_2,road,14955,Trucks (30 MT),448650.0,42136823.44
2020-10-01,IU_North_1,GU_North_2,road,2681,Trucks (30 MT),80430.0,11631694.68
2020-10-01,IU_North_1,GU_North_3,road,22476,Trucks (30 MT),674280.0,48196378.49
2020-10-01,IU_North_2,GU_North_2,road,19406,Trucks (30 MT),582180.0,132097806.36
2020-10-01,IU_North_3,GU_North_1,road,19737,Trucks (30 MT),592110.0,34448959.8
2020-10-01,IU_South_1,GU_South_2,road,20760,Trucks (30 MT),622800.0,29505238.97
2020-10-01,IU_South_2,GU_South_1,road,7452,Trucks (30 MT),223560.0,11334428.13
2020-10-01,IU_South_2,GU_South_3,road,21239,Trucks (30 MT),637170.0,34952233.42
2020-10-01,IU_South_3,GU_South_1,road,9687,Trucks (30 MT),290610.0,58210760.6
2020-10-01,IU_West_1,GU_West_2,road,19251,Trucks (30 MT),577530.0,53761112.64
2020-10-01,IU_West_2,GU_West_3,road,18514,Trucks (30 MT),555420.0,112176907.87
2020-10-01,IU_West_3,GU_West_1,road,19051,Trucks (30 MT),571530.0,40851984.63
2020-11-01,IU_Central_1,GU_Central_2,road,9871,Trucks (30 MT),296130.0,70780033.7
2020-11-01,IU_Central_2,GU_Central_1,road,18694,Trucks (30 MT),560820.0,60761054.79
2020-11-01,IU_Central_2,GU_Central_2,road,5734,Trucks (30 MT),172020.0,27884671.36
2020-11-01,IU_Central_3,GU_Central_1,road,1438,Trucks (30 MT),43140.0,5958365.33
2020-11-01,IU_Central_3,GU_Central_3,road,21057,Trucks (30 MT),631710.0,45975974.13
2020-11-01,IU_East_1,GU_East_3,road,16231,Trucks (30 MT),486930.0,134103860.95
2020-11-01,IU_East_2,GU_East_1,road,18737,Trucks (30 MT),562110.0,57646575.41
2020-11-01,IU_East_2,GU_East_3,road,1729,Trucks (30 MT),51870.0,8965882.64
2020-11-01,IU_East_3,GU_East_2,road,15836,Trucks (30 MT),475080.0,44399257.46
2020-11-01,IU_North_1,GU_North_2,road,12016,Trucks (30 MT),360480.0,51875337.87
2020-11-01,IU_North_1,GU_North_3,road,25767,Trucks (30 MT),773010.0,54981182.88
2020-11-01,IU_North_2,GU_North_2,road,11262,Trucks (30 MT),337860.0,76283382.24
2020-11-01,IU_North_3,GU_North_1,road,24494,Trucks (30 MT),734820.0,42541179.2
2020-11-01,IU_South_1,GU_South_2,road,25228,Trucks (30 MT),756840.0,35678735.04
2020-11-01,IU_South_2,GU_South_1,road,9690,Trucks (30 MT),290700.0,14665787.31
2020-11-01,IU_South_2,GU_South_3,road,25841,Trucks (30 MT),775230.0,42316040.3
2020-11-01,IU_South_3,GU_South_1,road,14973,Trucks (30 MT),449190.0,89531866.32
2020-11-01,IU_West_1,GU_West_2,road,21481,Trucks (30 MT),644430.0,59693121.28
2020-11-01,IU_West_2,GU_West_3,road,19031,Trucks (30 MT),570930.0,114741270.21
2020-11-01,IU_West_3,GU_West_1,road,17122,Trucks (30 MT),513660.0,36534630.08
2020-12-01,IU_Central_2,GU_Central_1,road,9861,Trucks (30 MT),295830.0,31202288.9
2020-12-01,IU_Central_2,GU_Central_2,road,20296,Trucks (30 MT),608880.0,96086135.04
2020-12-01,IU_Central_3,GU_Central_1,road,9284,Trucks (30 MT),278520.0,37449480.89
2020-12-01,IU_Central_3,GU_Central_3,road,18484,Trucks (30 MT),554520.0,39289167.91
2020-12-01,IU_East_1,GU_East_3,road,12211,Trucks (30 MT),366330.0,98217678.29
2020-12-01,IU_East_2,GU_East_1,road,18079,Trucks (30 MT),542370.0,54148981.1
2020-12-01,IU_East_2,GU_East_3,road,10183,Trucks (30 MT),305490.0,51406286.11
2020-12-01,IU_East_3,GU_East_2,road,21034,Trucks (30 MT),631020.0,57410920.77
2020-12-01,IU_North_1,GU_North_2,road,19237,Trucks (30 MT),577110.0,80850143.01
2020-12-01,IU_North_1,GU_North_3,road,26167,Trucks (30 MT),785010.0,54355886.71
2020-12-01,IU_North_2,GU_North_2,road,9157,Trucks (30 MT),274710.0,60382356.84
2020-12-01,IU_North_3,GU_North_1,road,26753,Trucks (30 MT),802590.0,45233972.4
2020-12-01,IU_South_1,GU_South_2,road,25100,Trucks (30 MT),753000.0,34557536.57
2020-12-01,IU_South_2,GU_South_1,road,16960,Trucks (30 MT),508800.0,24989057.83
2020-12-01,IU_South_2,GU_South_3,road,25926,Trucks (30 MT),777780.0,41330784.75
2020-12-01,IU_South_3,GU_South_1,road,10755,Trucks (30 MT),322650.0,62606821.63
2020-12-01,IU_West_1,GU_West_2,road,22450,Trucks (30 MT),673500.0,60733536.0
2020-12-01,IU_West_2,GU_West_3,road,22587,Trucks (30 MT),677610.0,132574202.9
2020-12-01,IU_West_3,GU_West_1,road,20493,Trucks (30 MT),614790.0,42569464.83
2021-01-01,IU_Central_2,GU_Central_1,road,8673,Trucks (30 MT),260190.0,28498214.22
2021-01-01,IU_Central_2,GU_Central_2,road,22450,Trucks (30 MT),673500.0,110369588.0
2021-01-01,IU_Central_3,GU_Central_1,road,13615,Trucks (30 MT),408450.0,57031017.7
2021-01-01,IU_Central_3,GU_Central_3,road,23015,Trucks (30 MT),690450.0,50800812.23
2021-01-01,IU_East_1,GU_East_3,road,20119,Trucks (30 MT),603570.0,168045786.95
2021-01-01,IU_East_2,GU_East_1,road,22733,Trucks (30 MT),681990.0,70705865.34
2021-01-01,IU_East_2,GU_East_3,road,6301,Trucks (30 MT),189030.0,33031840.32
2021-01-01,IU_East_3,GU_East_2,road,19298,Trucks (30 MT),578940.0,54697534.42
2021-01-01,IU_North_1,GU_North_2,road,15233,Trucks (30 MT),456990.0,66483166.34
2021-01-01,IU_North_1,GU_North_3,road,27416,Trucks (30 MT),822480.0,59139758.58
2021-01-01,IU_North_2,GU_North_2,road,13420,Trucks (30 MT),402600.0,91895060.4
2021-01-01,IU_North_3,GU_North_1,road,29960,Trucks (30 MT),898800.0,52603768.0
2021-01-01,IU_South_1,GU_South_2,road,29507,Trucks (30 MT),885210.0,42186832.35
2021-01-01,IU_South_2,GU_South_1,road,8275,Trucks (30 MT),248250.0,12661199.21
2021-01-01,IU_South_2,GU_South_3,road,38214,Trucks (30 MT),1146420.0,63262075.99
2021-01-01,IU_South_3,GU_South_1,road,24232,Trucks (30 MT),726960.0,146481678.42
2021-01-01,IU_West_1,GU_West_2,road,26570,Trucks (30 MT),797100.0,74642569.6
2021-01-01,IU_West_2,GU_West_3,road,22387,Trucks (30 MT),671610.0,136451771.25
2021-01-01,IU_West_3,GU_West_1,road,24627,Trucks (30 MT),738810.0,53123534.97
2021-02-01,IU_Central_1,GU_Central_2,road,1905,Trucks (30 MT),57150.0,13526104.16
2021-02-01,IU_Central_2,GU_Central_1,road,10004,Trucks (30 MT),300120.0,32197702.5
2021-02-01,IU_Central_2,GU_Central_2,road,24910,Trucks (30 MT),747300.0,119952610.4
2021-02-01,IU_Central_3,GU_Central_1,road,15566,Trucks (30 MT),466980.0,63866541.94
2021-02-01,IU_Central_3,GU_Central_3,road,22593,Trucks (30 MT),677790.0,48846840.62
2021-02-01,IU_East_1,GU_East_3,road,13193,Trucks (30 MT),395790.0,107936343.23
2021-02-01,IU_East_2,GU_East_1,road,29151,Trucks (30 MT),874530.0,88808604.79
2021-02-01,IU_East_2,GU_East_3,road,13223,Trucks (30 MT),396690.0,67897875.98
2021-02-01,IU_East_3,GU_East_2,road,27315,Trucks (30 MT),819450.0,75833229.73
2021-02-01,IU_North_1,GU_North_2,road,11812,Trucks (30 MT),354360.0,50495490.03
2021-02-01,IU_North_1,GU_North_3,road,36776,Trucks (30 MT),1103280.0,77703905.33
2021-02-01,IU_North_2,GU_North_2,road,19705,Trucks (30 MT),591150.0,132165770.1
2021-02-01,IU_North_3,GU_North_1,road,29652,Trucks (30 MT),889560.0,50995509.6
2021-02-01,IU_South_1,GU_South_2,road,36989,Trucks (30 MT),1109670.0,51799712.65
2021-02-01,IU_South_2,GU_South_1,road,13752,Trucks (30 MT),412560.0,20609886.65
2021-02-01,IU_South_2,GU_South_3,road,37117,Trucks (30 MT),1113510.0,60186169.94
2021-02-01,IU_South_3,GU_South_1,road,19075,Trucks (30 MT),572250.0,112943565.5
2021-02-01,IU_West_1,GU_West_2,road,29939,Trucks (30 MT),898170.0,82382547.52
2021-02-01,IU_West_2,GU_West_3,road,25475,Trucks (30 MT),764250.0,152089898.79
2021-02-01,IU_West_3,GU_West_1,road,26386,Trucks (30 MT),791580.0,55750904.01
2021-03-01,IU_Central_1,GU_Central_2,road,3172,Trucks (30 MT),95160.0,23331528.18
2021-03-01,IU_Central_2,GU_Central_1,road,13274,Trucks (30 MT),398220.0,44257336.43
2021-03-01,IU_Central_2,GU_Central_2,road,24723,Trucks (30 MT),741690.0,123330191.04
2021-03-01,IU_Central_3,GU_Central_1,road,11791,Trucks (30 MT),353730.0,50116331.65
2021-03-01,IU_Central_3,GU_Central_3,road,23923,Trucks (30 MT),717690.0,53580958.26
2021-03-01,IU_East_1,GU_East_3,road,13122,Trucks (30 MT),393660.0,111213224.02
2021-03-01,IU_East_2,GU_East_1,road,28894,Trucks (30 MT),866820.0,91188803.57
2021-03-01,IU_East_2,GU_East_3,road,11355,Trucks (30 MT),340650.0,60401203.03
2021-03-01,IU_East_3,GU_East_2,road,27402,Trucks (30 MT),822060.0,78808465.17
2021-03-01,IU_North_1,GU_North_2,road,7735,Trucks (30 MT),232050.0,34254823.2
2021-03-01,IU_North_1,GU_North_3,road,34922,Trucks (30 MT),1047660.0,76438071.82
2021-03-01,IU_North_2,GU_North_2,road,25139,Trucks (30 MT),754170.0,174671805.36
2021-03-01,IU_North_3,GU_North_1,road,32235,Trucks (30 MT),967050.0,57429876.0
2021-03-01,IU_South_1,GU_South_2,road,37792,Trucks (30 MT),1133760.0,54826042.15
2021-03-01,IU_South_2,GU_South_1,road,11803,Trucks (30 MT),354090.0,18324595.9
2021-03-01,IU_South_2,GU_South_3,road,35334,Trucks (30 MT),1060020.0,59353851.29
2021-03-01,IU_South_3,GU_South_1,road,27342,Trucks (30 MT),820260.0,167710203.36
2021-03-01,IU_West_1,GU_West_2,road,30836,Trucks (30 MT),925080.0,87899868.16
2021-03-01,IU_West_2,GU_West_3,road,27868,Trucks (30 MT),836040.0,172355139.98
2021-03-01,IU_West_3,GU_West_1,road,26145,Trucks (30 MT),784350.0,57226773.6
2021-04-01,IU_Central_1,GU_Central_2,road,5651,Trucks (30 MT),169530.0,41589051.16
2021-04-01,IU_Central_2,GU_Central_1,road,18587,Trucks (30 MT),557610.0,62006391.32
2021-04-01,IU_Central_2,GU_Central_2,road,13973,Trucks (30 MT),419190.0,69743155.44
2021-04-01,IU_Central_3,GU_Central_1,road,7800,Trucks (30 MT),234000.0,33171639.43
2021-04-01,IU_Central_3,GU_Central_3,road,24690,Trucks (30 MT),740700.0,55329866.74
2021-04-01,IU_East_1,GU_East_3,road,14563,Trucks (30 MT),436890.0,123495446.65
2021-04-01,IU_East_2,GU_East_1,road,25522,Trucks (30 MT),765660.0,80592059.04
2021-04-01,IU_East_2,GU_East_3,road,8549,Trucks (30 MT),256470.0,45500635.81
2021-04-01,IU_East_3,GU_East_2,road,25581,Trucks (30 MT),767430.0,73612543.4
2021-04-01,IU_North_1,GU_North_2,road,17472,Trucks (30 MT),524160.0,77419031.04
2021-04-01,IU_North_1,GU_North_3,road,31957,Trucks (30 MT),958710.0,69987473.5
2021-04-01,IU_North_2,GU_North_2,road,14808,Trucks (30 MT),444240.0,102947289.12
2021-04-01,IU_North_3,GU_North_1,road,30057,Trucks (30 MT),901710.0,53579608.2
2021-04-01,IU_South_1,GU_South_2,road,30916,Trucks (30 MT),927480.0,44875987.3
2021-04-01,IU_South_2,GU_South_1,road,9822,Trucks (30 MT),294660.0,15257578.99
2021-04-01,IU_South_2,GU_South_3,road,36504,Trucks (30 MT),1095120.0,61353628.66
2021-04-01,IU_South_3,GU_South_1,road,23400,Trucks (30 MT),702000.0,143611349.14
2021-04-01,IU_West_1,GU_West_2,road,23701,Trucks (30 MT),711030.0,67599044.16
2021-04-01,IU_West_2,GU_West_3,road,20703,Trucks (30 MT),621090.0,128113653.93
2021-04-01,IU_West_3,GU_West_1,road,24296,Trucks (30 MT),728880.0,53209489.51
2021-05-01,IU_Central_1,GU_Central_2,road,5995,Trucks (30 MT),179850.0,43650485.69
2021-05-01,IU_Central_2,GU_Central_1,road,14005,Trucks (30 MT),420150.0,46222822.26
2021-05-01,IU_Central_2,GU_Central_2,road,15395,Trucks (30 MT),461850.0,76021741.6
2021-05-01,IU_Central_3,GU_Central_1,road,7855,Trucks (30 MT),235650.0,33049486.09
2021-05-01,IU_Central_3,GU_Central_3,road,18769,Trucks (30 MT),563070.0,41612696.27
2021-05-01,IU_East_1,GU_East_3,road,14801,Trucks (30 MT),444030.0,124175907.41
2021-05-01,IU_East_2,GU_East_1,road,20254,Trucks (30 MT),607620.0,63275347.79
2021-05-01,IU_East_2,GU_East_3,road,6826,Trucks (30 MT),204780.0,35943024.61
2021-05-01,IU_East_3,GU_East_2,road,20844,Trucks (30 MT),625320.0,59341915.13
2021-05-01,IU_North_1,GU_North_2,road,11812,Trucks (30 MT),354360.0,51781513.1
2021-05-01,IU_North_1,GU_North_3,road,25810,Trucks (30 MT),774300.0,55922748.23
2021-05-01,IU_North_2,GU_North_2,road,14689,Trucks (30 MT),440670.0,101031529.56
2021-05-01,IU_North_3,GU_North_1,road,24992,Trucks (30 MT),749760.0,44075891.2
2021-05-01,IU_South_1,GU_South_2,road,29649,Trucks (30 MT),889470.0,42578166.5
2021-05-01,IU_South_2,GU_South_1,road,11108,Trucks (30 MT),333240.0,17071345.67
2021-05-01,IU_South_2,GU_South_3,road,27738,Trucks (30 MT),832140.0,46123380.41
2021-05-01,IU_South_3,GU_South_1,road,19978,Trucks (30 MT),599340.0,121302877.04
2021-05-01,IU_South_3,GU_South_2,road,467,Trucks (30 MT),14010.0,3506187.97
2021-05-01,IU_West_1,GU_West_2,road,17953,Trucks (30 MT),538590.0,50659057.28
2021-05-01,IU_West_2,GU_West_3,road,20225,Trucks (30 MT),606750.0,123821726.14
2021-05-01,IU_West_3,GU_West_1,road,20710,Trucks (30 MT),621300.0,44872534.51
2021-06-01,IU_Central_2,GU_Central_1,road,7866,Trucks (30 MT),235980.0,26523680.04
2021-06-01,IU_Central_2,GU_Central_2,road,13724,Trucks (30 MT),411720.0,69238128.96
2021-06-01,IU_Central_3,GU_Central_1,road,5388,Trucks (30 MT),161640.0,23160749.04
2021-06-01,IU_Central_3,GU_Central_3,road,14518,Trucks (30 MT),435540.0,32885012.16
2021-06-01,IU_East_1,GU_East_3,road,12871,Trucks (30 MT),386130.0,110322746.82
2021-06-01,IU_East_2,GU_East_1,road,15114,Trucks (30 MT),453420.0,48240260.64
2021-06-01,IU_East_2,GU_East_3,road,2396,Trucks (30 MT),71880.0,12889665.36
2021-06-01,IU_East_3,GU_East_2,road,14154,Trucks (30 MT),424620.0,41168607.48
2021-06-01,IU_North_1,GU_North_2,road,6755,Trucks (30 MT),202650.0,30254023.8
2021-06-01,IU_North_1,GU_North_3,road,19300,Trucks (30 MT),579000.0,42723252.0
2021-06-01,IU_North_2,GU_North_2,road,11177,Trucks (30 MT),335310.0,78541002.54
2021-06-01,IU_North_3,GU_North_1,road,16844,Trucks (30 MT),505320.0,30349519.2
2021-06-01,IU_South_1,GU_South_2,road,18638,Trucks (30 MT),559140.0,27345300.84
2021-06-01,IU_South_2,GU_South_1,road,2445,Trucks (30 MT),73350.0,3838992.3
2021-06-01,IU_South_2,GU_South_3,road,21446,Trucks (30 MT),643380.0,36433322.64
2021-06-01,IU_South_3,GU_South_1,road,19111,Trucks (30 MT),573330.0,118552030.74
2021-06-01,IU_West_1,GU_West_2,road,14411,Trucks (30 MT),432330.0,41545183.68
2021-06-01,IU_West_2,GU_West_3,road,15723,Trucks (30 MT),471690.0,98344534.86
2021-06-01,IU_West_3,GU_West_1,road,14337,Trucks (30 MT),430110.0,31736956.68
2021-07-01,IU_Central_1,GU_Central_2,road,3052,Trucks (30 MT),91560.0,23411543.2
2021-07-01,IU_Central_2,GU_Central_1,road,5583,Trucks (30 MT),167490.0,19412729.06
2021-07-01,IU_Central_2,GU_Central_2,road,9884,Trucks (30 MT),296520.0,51420521.6
2021-07-01,IU_Central_3,GU_Central_1,road,4886,Trucks (30 MT),146580.0,21657962.8
2021-07-01,IU_Central_3,GU_Central_3,road,10110,Trucks (30 MT),303300.0,23614649.14
2021-07-01,IU_East_1,GU_East_3,road,9118,Trucks (30 MT),273540.0,80591917.89
2021-07-01,IU_East_2,GU_East_1,road,10419,Trucks (30 MT),312570.0,34292203.54
2021-07-01,IU_East_2,GU_East_3,road,3775,Trucks (30 MT),113250.0,20941650.71
2021-07-01,IU_East_3,GU_East_2,road,12087,Trucks (30 MT),362610.0,36253057.11
2021-07-01,IU_North_1,GU_North_2,road,2420,Trucks (30 MT),72600.0,11176666.29
2021-07-01,IU_North_1,GU_North_3,road,15254,Trucks (30 MT),457620.0,34820087.89
2021-07-01,IU_North_2,GU_North_2,road,12488,Trucks (30 MT),374640.0,90490545.6
2021-07-01,IU_North_3,GU_North_1,road,14616,Trucks (30 MT),438480.0,27156528.0
2021-07-01,IU_South_1,GU_South_2,road,14551,Trucks (30 MT),436530.0,22014831.51
2021-07-01,IU_South_2,GU_South_1,road,5099,Trucks (30 MT),152970.0,8255863.74
2021-07-01,IU_South_2,GU_South_3,road,14878,Trucks (30 MT),446340.0,26063705.49
2021-07-01,IU_South_3,GU_South_1,road,9603,Trucks (30 MT),288090.0,61428744.77
2021-07-01,IU_West_1,GU_West_2,road,13331,Trucks (30 MT),399930.0,39630396.8
2021-07-01,IU_West_2,GU_West_3,road,13816,Trucks (30 MT),414480.0,89112015.77
2021-07-01,IU_West_3,GU_West_1,road,10676,Trucks (30 MT),320280.0,24369952.69
2021-07-01,IU_West_3,GU_West_3,road,1993,Trucks (30 MT),59790.0,14864875.91
2021-08-01,IU_Central_1,GU_Central_2,road,6250,Trucks (30 MT),187500.0,45806500.0
2021-08-01,IU_Central_2,GU_Central_1,road,8072,Trucks (30 MT),242160.0,26816475.52
2021-08-01,IU_Central_2,GU_Central_2,road,5456,Trucks (30 MT),163680.0,27119375.36
2021-08-01,IU_Central_3,GU_Central_1,road,3972,Trucks (30 MT),119160.0,16821896.64
2021-08-01,IU_Central_3,GU_Central_3,road,10938,Trucks (30 MT),328140.0,24410115.84
2021-08-01,IU_East_1,GU_East_1,road,295,Trucks (30 MT),8850.0,2453833.6
2021-08-01,IU_East_1,GU_East_3,road,13782,Trucks (30 MT),413460.0,116387336.16
2021-08-01,IU_East_2,GU_East_1,road,11322,Trucks (30 MT),339660.0,35603614.08
2021-08-01,IU_East_2,GU_East_2,road,1699,Trucks (30 MT),50970.0,4179404.08
2021-08-01,IU_East_3,GU_East_2,road,10718,Trucks (30 MT),321540.0,30714358.24
2021-08-01,IU_North_1,GU_North_3,road,16424,Trucks (30 MT),492720.0,35820087.04
2021-08-01,IU_North_2,GU_North_2,road,15925,Trucks (30 MT),477750.0,110253234.0
2021-08-01,IU_North_3,GU_North_1,road,16657,Trucks (30 MT),499710.0,29569506.4
2021-08-01,IU_North_3,GU_North_3,road,1381,Trucks (30 MT),41430.0,6584166.08
2021-08-01,IU_South_1,GU_South_2,road,16461,Trucks (30 MT),493830.0,23794704.72
2021-08-01,IU_South_2,GU_South_1,road,6031,Trucks (30 MT),180930.0,9329715.76
2021-08-01,IU_South_2,GU_South_3,road,13830,Trucks (30 MT),414900.0,23148100.8
2021-08-01,IU_South_3,GU_South_1,road,10808,Trucks (30 MT),324240.0,66055902.08
2021-08-01,IU_West_1,GU_West_2,road,12778,Trucks (30 MT),383340.0,36293608.96
2021-08-01,IU_West_2,GU_West_3,road,14116,Trucks (30 MT),423480.0,86989567.68
2021-08-01,IU_West_3,GU_West_1,road,11609,Trucks (30 MT),348270.0,25318764.64
2021-09-01,IU_Central_2,GU_Central_1,road,10540,Trucks (30 MT),316200.0,35323274.17
2021-09-01,IU_Central_2,GU_Central_2,road,13796,Trucks (30 MT),413880.0,69176455.04
2021-09-01,IU_Central_3,GU_Central_1,road,4915,Trucks (30 MT),147450.0,20998537.06
2021-09-01,IU_Central_3,GU_Central_3,road,11293,Trucks (30 MT),338790.0,25423834.1
2021-09-01,IU_East_1,GU_East_3,road,7557,Trucks (30 MT),226710.0,64378773.93
2021-09-01,IU_East_2,GU_East_1,road,15625,Trucks (30 MT),468750.0,49566785.71
2021-09-01,IU_East_2,GU_East_3,road,4358,Trucks (30 MT),130740.0,23301429.11
2021-09-01,IU_East_3,GU_East_2,road,11736,Trucks (30 MT),352080.0,33927166.49
2021-09-01,IU_North_1,GU_North_2,road,6881,Trucks (30 MT),206430.0,30630201.36
2021-09-01,IU_North_1,GU_North_3,road,16807,Trucks (30 MT),504210.0,36977512.88
2021-09-01,IU_North_2,GU_North_2,road,11696,Trucks (30 MT),350880.0,81686267.52
2021-09-01,IU_North_3,GU_North_1,road,18598,Trucks (30 MT),557940.0,33305298.4
2021-09-01,IU_South_1,GU_South_2,road,19246,Trucks (30 MT),577380.0,28064957.11
2021-09-01,IU_South_2,GU_South_1,road,8178,Trucks (30 MT),245340.0,12762212.95
2021-09-01,IU_South_2,GU_South_3,road,19052,Trucks (30 MT),571560.0,32168703.22
2021-09-01,IU_South_3,GU_South_1,road,11545,Trucks (30 MT),346350.0,71180334.66
2021-09-01,IU_West_1,GU_West_2,road,17827,Trucks (30 MT),534810.0,51079346.56
2021-09-01,IU_West_2,GU_West_3,road,15911,Trucks (30 MT),477330.0,98912868.12
2021-09-01,IU_West_3,GU_West_1,road,15730,Trucks (30 MT),471900.0,34607977.49
2021-10-01,IU_Central_2,GU_Central_1,road,13752,Trucks (30 MT),412560.0,47966543.79
2021-10-01,IU_Central_2,GU_Central_2,road,13827,Trucks (30 MT),414810.0,72158135.28
2021-10-01,IU_Central_3,GU_Central_1,road,9579,Trucks (30 MT),287370.0,42592968.76
2021-10-01,IU_Central_3,GU_Central_3,road,16745,Trucks (30 MT),502350.0,39234587.54
2021-10-01,IU_East_1,GU_East_3,road,12537,Trucks (30 MT),376110.0,111157591.14
2021-10-01,IU_East_2,GU_East_1,road,17248,Trucks (30 MT),517440.0,56945799.68
2021-10-01,IU_East_2,GU_East_3,road,4727,Trucks (30 MT),141810.0,26304688.05
2021-10-01,IU_East_3,GU_East_2,road,14112,Trucks (30 MT),423360.0,42458855.04
2021-10-01,IU_North_1,GU_North_2,road,6429,Trucks (30 MT),192870.0,29784748.78
2021-10-01,IU_North_1,GU_North_3,road,24420,Trucks (30 MT),732600.0,55917195.09
2021-10-01,IU_North_2,GU_North_2,road,18013,Trucks (30 MT),540390.0,130933254.66
2021-10-01,IU_North_3,GU_North_1,road,23511,Trucks (30 MT),705330.0,43819801.8
2021-10-01,IU_South_1,GU_South_2,road,22055,Trucks (30 MT),661650.0,33472117.33
2021-10-01,IU_South_2,GU_South_1,road,7315,Trucks (30 MT),219450.0,11880793.1
2021-10-01,IU_South_2,GU_South_3,road,21877,Trucks (30 MT),656310.0,38444389.59
2021-10-01,IU_South_3,GU_South_1,road,18318,Trucks (30 MT),549540.0,117542890.06
2021-10-01,IU_West_1,GU_West_2,road,19372,Trucks (30 MT),581160.0,57768853.76
2021-10-01,IU_West_2,GU_West_3,road,18180,Trucks (30 MT),545400.0,117625483.03
2021-10-01,IU_West_3,GU_West_1,road,20455,Trucks (30 MT),613650.0,46838092.77
2021-11-01,IU_Central_1,GU_Central_2,road,4177,Trucks (30 MT),125310.0,32196495.01
2021-11-01,IU_Central_2,GU_Central_1,road,8980,Trucks (30 MT),269400.0,31375735.14
2021-11-01,IU_Central_2,GU_Central_2,road,14935,Trucks (30 MT),448050.0,78074206.0
2021-11-01,IU_Central_3,GU_Central_1,road,8012,Trucks (30 MT),240360.0,35686478.11
2021-11-01,IU_Central_3,GU_Central_3,road,22451,Trucks (30 MT),673530.0,52694421.37
2021-11-01,IU_East_1,GU_East_3,road,4188,Trucks (30 MT),125640.0,37196080.97
2021-11-01,IU_East_2,GU_East_1,road,14628,Trucks (30 MT),438840.0,48378557.49
2021-11-01,IU_East_2,GU_East_3,road,14986,Trucks (30 MT),449580.0,83536887.97
2021-11-01,IU_East_3,GU_East_2,road,21554,Trucks (30 MT),646620.0,64960984.77
2021-11-01,IU_North_1,GU_North_2,road,5610,Trucks (30 MT),168300.0,26035048.29
2021-11-01,IU_North_1,GU_North_3,road,30029,Trucks (30 MT),900870.0,68878804.26
2021-11-01,IU_North_2,GU_North_2,road,18196,Trucks (30 MT),545880.0,132490534.8
2021-11-01,IU_North_3,GU_North_1,road,30314,Trucks (30 MT),909420.0,56596238.0
2021-11-01,IU_South_1,GU_South_2,road,26417,Trucks (30 MT),792510.0,40161010.33
2021-11-01,IU_South_2,GU_South_1,road,11658,Trucks (30 MT),349740.0,18967066.37
2021-11-01,IU_South_2,GU_South_3,road,25273,Trucks (30 MT),758190.0,44488422.94
2021-11-01,IU_South_3,GU_South_1,road,17640,Trucks (30 MT),529200.0,113386644.0
2021-11-01,IU_West_1,GU_West_2,road,22239,Trucks (30 MT),667170.0,66432340.8
2021-11-01,IU_West_2,GU_West_3,road,23440,Trucks (30 MT),703200.0,151918323.43
2021-11-01,IU_West_3,GU_West_1,road,20878,Trucks (30 MT),626340.0,47888763.37
2021-12-01,IU_Central_1,GU_Central_2,road,11947,Trucks (30 MT),358410.0,92314878.61
2021-12-01,IU_Central_2,GU_Central_1,road,20551,Trucks (30 MT),616530.0,71981227.99
2021-12-01,IU_Central_2,GU_Central_2,road,11607,Trucks (30 MT),348210.0,60826251.36
2021-12-01,IU_Central_3,GU_Central_1,road,3742,Trucks (30 MT),112260.0,16708414.89
2021-12-01,IU_Central_3,GU_Central_3,road,25533,Trucks (30 MT),765990.0,60075793.23
2021-12-01,IU_East_1,GU_East_3,road,6537,Trucks (30 MT),196110.0,58201974.05
2021-12-01,IU_East_2,GU_East_1,road,20753,Trucks (30 MT),622590.0,68804614.79
2021-12-01,IU_East_2,GU_East_3,road,14768,Trucks (30 MT),443040.0,82524512.27
2021-12-01,IU_East_3,GU_East_2,road,22994,Trucks (30 MT),689820.0,69471706.5
2021-12-01,IU_North_1,GU_North_2,road,13448,Trucks (30 MT),403440.0,62563630.9
2021-12-01,IU_North_1,GU_North_3,road,30127,Trucks (30 MT),903810.0,69273851.65
2021-12-01,IU_North_2,GU_North_2,road,16399,Trucks (30 MT),491970.0,119700236.76
2021-12-01,IU_North_3,GU_North_1,road,31783,Trucks (30 MT),953490.0,59485062.8
2021-12-01,IU_South_1,GU_South_2,road,31140,Trucks (30 MT),934200.0,47457893.83
2021-12-01,IU_South_2,GU_South_1,road,13012,Trucks (30 MT),390360.0,21222125.87
2021-12-01,IU_South_2,GU_South_3,road,31311,Trucks (30 MT),939330.0,55253000.88
2021-12-01,IU_South_3,GU_South_1,road,19295,Trucks (30 MT),578850.0,124330254.31
2021-12-01,IU_West_1,GU_West_2,road,24252,Trucks (30 MT),727560.0,72624069.12
2021-12-01,IU_West_2,GU_West_3,road,23648,Trucks (30 MT),709440.0,153644028.89
2021-12-01,IU_West_3,GU_West_1,road,25168,Trucks (30 MT),755040.0,57871155.38
2022-01-01,IU_Central_1,GU_Central_2,road,5920,Trucks (30 MT),177600.0,45181896.69
2022-01-01,IU_Central_2,GU_Central_1,road,16519,Trucks (30 MT),495570.0,57147858.08
2022-01-01,IU_Central_2,GU_Central_2,road,21596,Trucks (30 MT),647880.0,111782623.68
2022-01-01,IU_Central_3,GU_Central_1,road,10260,Trucks (30 MT),307800.0,45248974.46
2022-01-01,IU_Central_3,GU_Central_3,road,25762,Trucks (30 MT),772860.0,59869710.31
2022-01-01,IU_East_1,GU_East_3,road,6389,Trucks (30 MT),191670.0,56185212.83
2022-01-01,IU_East_2,GU_East_1,road,25432,Trucks (30 MT),762960.0,83281225.78
2022-01-01,IU_East_2,GU_East_3,road,15096,Trucks (30 MT),452880.0,83320733.01
2022-01-01,IU_East_3,GU_East_2,road,28198,Trucks (30 MT),845940.0,84147585.38
2022-01-01,IU_North_1,GU_North_2,road,11163,Trucks (30 MT),334890.0,51295005.62
2022-01-01,IU_North_1,GU_North_3,road,33965,Trucks (30 MT),1018950.0,77139173.06
2022-01-01,IU_North_2,GU_North_2,road,24207,Trucks (30 MT),726210.0,174521334.78
2022-01-01,IU_North_3,GU_North_1,road,34011,Trucks (30 MT),1020330.0,62872734.6
2022-01-01,IU_South_1,GU_South_2,road,31232,Trucks (30 MT),936960.0,47013172.66
2022-01-01,IU_South_2,GU_South_1,road,9032,Trucks (30 MT),270960.0,14549855.25
2022-01-01,IU_South_2,GU_South_3,road,33836,Trucks (30 MT),1015080.0,58974987.91
2022-01-01,IU_South_3,GU_South_1,road,27547,Trucks (30 MT),826410.0,175321937.03
2022-01-01,IU_West_1,GU_West_2,road,23774,Trucks (30 MT),713220.0,70317786.24
2022-01-01,IU_West_2,GU_West_3,road,26835,Trucks (30 MT),805050.0,172207785.47
2022-01-01,IU_West_3,GU_West_1,road,24088,Trucks (30 MT),722640.0,54707151.5
2022-02-01,IU_Central_2,GU_Central_1,road,16343,Trucks (30 MT),490290.0,56227017.53
2022-02-01,IU_Central_2,GU_Central_2,road,25704,Trucks (30 MT),771120.0,132311854.08
2022-02-01,IU_Central_3,GU_Central_1,road,9011,Trucks (30 MT),270330.0,39521319.15
2022-02-01,IU_Central_3,GU_Central_3,road,25738,Trucks (30 MT),772140.0,59483900.71
2022-02-01,IU_East_1,GU_East_3,road,15055,Trucks (30 MT),451650.0,131663975.66
2022-02-01,IU_East_2,GU_East_1,road,28788,Trucks (30 MT),863640.0,93750836.3
2022-02-01,IU_East_2,GU_East_3,road,11911,Trucks (30 MT),357330.0,65378730.31
2022-02-01,IU_East_3,GU_East_2,road,28888,Trucks (30 MT),866640.0,85731000.14
2022-02-01,IU_North_1,GU_North_2,road,12102,Trucks (30 MT),363060.0,55302958.9
2022-02-01,IU_North_1,GU_North_3,road,37103,Trucks (30 MT),1113090.0,83801047.82
2022-02-01,IU_North_2,GU_North_2,road,22584,Trucks (30 MT),677520.0,161921859.84
2022-02-01,IU_North_3,GU_North_1,road,33342,Trucks (30 MT),1000260.0,61295932.8
2022-02-01,IU_South_1,GU_South_2,road,42253,Trucks (30 MT),1267590.0,63252016.66
2022-02-01,IU_South_2,GU_South_1,road,11344,Trucks (30 MT),340320.0,18173476.94
2022-02-01,IU_South_2,GU_South_3,road,34674,Trucks (30 MT),1040220.0,60102128.37
2022-02-01,IU_South_3,GU_South_1,road,31076,Trucks (30 MT),932280.0,196690836.21
2022-02-01,IU_West_1,GU_West_2,road,27740,Trucks (30 MT),832200.0,81595545.6
2022-02-01,IU_West_2,GU_West_3,road,30939,Trucks (30 MT),928170.0,197448808.53
2022-02-01,IU_West_3,GU_West_1,road,29248,Trucks (30 MT),877440.0,66059699.93
2022-03-01,IU_Central_2,GU_Central_1,road,16749,Trucks (30 MT),502470.0,58664473.15
2022-03-01,IU_Central_2,GU_Central_2,road,32600,Trucks (30 MT),978000.0,170839648.0
2022-03-01,IU_Central_3,GU_Central_1,road,10892,Trucks (30 MT),326760.0,48633900.32
2022-03-01,IU_Central_3,GU_Central_3,road,25303,Trucks (30 MT),759090.0,59534633.46
2022-03-01,IU_East_1,GU_East_3,road,13930,Trucks (30 MT),417900.0,124025317.2
2022-03-01,IU_East_2,GU_East_1,road,32914,Trucks (30 MT),987420.0,109123263.68
2022-03-01,IU_East_2,GU_East_3,road,15673,Trucks (30 MT),470190.0,87581709.16
2022-03-01,IU_East_3,GU_East_2,road,32343,Trucks (30 MT),970290.0,97717813.49
2022-03-01,IU_North_1,GU_North_2,road,24731,Trucks (30 MT),741930.0,115055112.72
2022-03-01,IU_North_1,GU_North_3,road,37055,Trucks (30 MT),1111650.0,85204055.26
2022-03-01,IU_North_2,GU_North_2,road,11195,Trucks (30 MT),335850.0,81714991.8
2022-03-01,IU_North_3,GU_North_1,road,41098,Trucks (30 MT),1232940.0,76919016.8
2022-03-01,IU_South_1,GU_South_2,road,39160,Trucks (30 MT),1174800.0,59680511.31
2022-03-01,IU_South_2,GU_South_1,road,18353,Trucks (30 MT),550590.0,29933113.75
2022-03-01,IU_South_2,GU_South_3,road,40335,Trucks (30 MT),1210050.0,71177215.37
2022-03-01,IU_South_3,GU_South_1,road,19677,Trucks (30 MT),590310.0,126791729.16
2022-03-01,IU_West_1,GU_West_2,road,29575,Trucks (30 MT),887250.0,88564112.0
2022-03-01,IU_West_2,GU_West_3,road,31618,Trucks (30 MT),948540.0,205426120.83
2022-03-01,IU_West_3,GU_West_1,road,34107,Trucks (30 MT),1023210.0,78425440.9
2022-04-01,IU_Central_2,GU_Central_1,road,11769,Trucks (30 MT),353070.0,41657787.78
2022-04-01,IU_Central_2,GU_Central_2,road,27970,Trucks (30 MT),839100.0,148126882.4
2022-04-01,IU_Central_3,GU_Central_1,road,11786,Trucks (30 MT),353580.0,53182439.24
2022-04-01,IU_Central_3,GU_Central_3,road,23092,Trucks (30 MT),692760.0,54907233.92
2022-04-01,IU_East_1,GU_East_3,road,18495,Trucks (30 MT),554850.0,166411721.7
2022-04-01,IU_East_2,GU_East_1,road,28516,Trucks (30 MT),855480.0,95542287.68
2022-04-01,IU_East_2,GU_East_3,road,6180,Trucks (30 MT),185400.0,34899572.4
2022-04-01,IU_East_3,GU_East_2,road,29969,Trucks (30 MT),899070.0,91503148.94
2022-04-01,IU_North_1,GU_North_2,road,14920,Trucks (30 MT),447600.0,70146081.6
2022-04-01,IU_North_1,GU_North_3,road,36706,Trucks (30 MT),1101180.0,85294466.32
2022-04-01,IU_North_2,GU_North_2,road,20559,Trucks (30 MT),616770.0,151652641.14
2022-04-01,IU_North_3,GU_North_1,road,34897,Trucks (30 MT),1046910.0,66004185.8
2022-04-01,IU_South_1,GU_South_2,road,36192,Trucks (30 MT),1085760.0,55740746.88
2022-04-01,IU_South_2,GU_South_1,road,106,Trucks (30 MT),3180.0,174711.32
2022-04-01,IU_South_2,GU_South_3,road,42269,Trucks (30 MT),1268070.0,75379153.08
2022-04-01,IU_South_3,GU_South_1,road,32170,Trucks (30 MT),965100.0,209485249.4
2022-04-01,IU_West_1,GU_West_2,road,26440,Trucks (30 MT),793200.0,80013785.6
2022-04-01,IU_West_2,GU_West_3,road,27417,Trucks (30 MT),822510.0,180016183.62
2022-04-01,IU_West_3,GU_West_1,road,28579,Trucks (30 MT),857370.0,66409593.88
2022-05-01,IU_Central_1,GU_Central_2,road,5775,Trucks (30 MT),173250.0,45119547.0
2022-05-01,IU_Central_2,GU_Central_1,road,12774,Trucks (30 MT),383220.0,45239011.51
2022-05-01,IU_Central_2,GU_Central_2,road,16354,Trucks (30 MT),490620.0,86655266.88
2022-05-01,IU_Central_3,GU_Central_1,road,6238,Trucks (30 MT),187140.0,28162859.01
2022-05-01,IU_Central_3,GU_Central_3,road,24210,Trucks (30 MT),726300.0,57596005.03
2022-05-01,IU_East_1,GU_East_1,road,890,Trucks (30 MT),26700.0,7891848.69
2022-05-01,IU_East_1,GU_East_3,road,24963,Trucks (30 MT),748890.0,224727339.14
2022-05-01,IU_East_2,GU_East_1,road,27967,Trucks (30 MT),839010.0,93752415.7
2022-05-01,IU_East_3,GU_East_2,road,24299,Trucks (30 MT),728970.0,74230390.27
2022-05-01,IU_North_1,GU_North_2,road,14134,Trucks (30 MT),424020.0,66485851.41
2022-05-01,IU_North_1,GU_North_3,road,31285,Trucks (30 MT),938550.0,72736016.06
2022-05-01,IU_North_2,GU_North_2,road,14001,Trucks (30 MT),420030.0,103332420.36
2022-05-01,IU_North_3,GU_North_1,road,29614,Trucks (30 MT),888420.0,56041533.6
2022-05-01,IU_South_1,GU_South_2,road,37547,Trucks (30 MT),1126410.0,57858210.57
2022-05-01,IU_South_2,GU_South_1,road,16556,Trucks (30 MT),496680.0,27302357.69
2022-05-01,IU_South_2,GU_South_3,road,31249,Trucks (30 MT),937470.0,55756430.02
2022-05-01,IU_South_3,GU_South_1,road,19642,Trucks (30 MT),589260.0,127972793.04
2022-05-01,IU_West_1,GU_West_2,road,25688,Trucks (30 MT),770640.0,77779153.92
2022-05-01,IU_West_2,GU_West_3,road,24895,Trucks (30 MT),746850.0,163543505.91
2022-05-01,IU_West_3,GU_West_1,road,26391,Trucks (30 MT),791730.0,61357717.75
2022-06-01,IU_Central_1,GU_Central_2,road,3694,Trucks (30 MT),110820.0,28870034.83
2022-06-01,IU_Central_2,GU_Central_1,road,11123,Trucks (30 MT),333690.0,39404498.7
2022-06-01,IU_Central_2,GU_Central_2,road,11025,Trucks (30 MT),330750.0,58436910.0
2022-06-01,IU_Central_3,GU_Central_1,road,4556,Trucks (30 MT),136680.0,20575611.94
2022-06-01,IU_Central_3,GU_Central_3,road,16236,Trucks (30 MT),487080.0,38637968.91
2022-06-01,IU_East_1,GU_East_3,road,15082,Trucks (30 MT),452460.0,135817503.69
2022-06-01,IU_East_2,GU_East_1,road,16061,Trucks (30 MT),481830.0,53857580.74
2022-06-01,IU_East_2,GU_East_3,road,4140,Trucks (30 MT),124200.0,23399102.57
2022-06-01,IU_East_3,GU_East_2,road,18801,Trucks (30 MT),564030.0,57452901.56
2022-06-01,IU_North_1,GU_North_2,road,13534,Trucks (30 MT),406020.0,63683656.97
2022-06-01,IU_North_1,GU_North_3,road,19941,Trucks (30 MT),598230.0,46376498.83
2022-06-01,IU_North_2,GU_North_2,road,9073,Trucks (30 MT),272190.0,66983237.1
2022-06-01,IU_North_3,GU_North_1,road,21266,Trucks (30 MT),637980.0,40256538.0
2022-06-01,IU_South_1,GU_South_2,road,22730,Trucks (30 MT),681900.0,35036996.14
2022-06-01,IU_South_2,GU_South_1,road,12945,Trucks (30 MT),388350.0,21354256.93
2022-06-01,IU_South_2,GU_South_3,road,23418,Trucks (30 MT),702540.0,41797115.49
2022-06-01,IU_South_3,GU_South_1,road,7433,Trucks (30 MT),222990.0,48443303.27
2022-06-01,IU_West_1,GU_West_2,road,16269,Trucks (30 MT),488070.0,49275547.2
2022-06-01,IU_West_2,GU_West_3,road,17070,Trucks (30 MT),512100.0,112174041.86
2022-06-01,IU_West_3,GU_West_1,road,17618,Trucks (30 MT),528540.0,40973930.91
2022-07-01,IU_Central_1,GU_Central_2,road,9938,Trucks (30 MT),298140.0,79138168.02
2022-07-01,IU_Central_2,GU_Central_1,road,10784,Trucks (30 MT),323520.0,38926049.65
2022-07-01,IU_Central_2,GU_Central_2,road,3726,Trucks (30 MT),111780.0,20122784.64
2022-07-01,IU_Central_3,GU_Central_1,road,815,Trucks (30 MT),24450.0,3750276.06
2022-07-01,IU_Central_3,GU_Central_3,road,14328,Trucks (30 MT),429840.0,34742206.9
2022-07-01,IU_East_1,GU_East_3,road,12036,Trucks (30 MT),361080.0,110437246.49
2022-07-01,IU_East_2,GU_East_1,road,13144,Trucks (30 MT),394320.0,44909517.9
2022-07-01,IU_East_2,GU_East_3,road,1047,Trucks (30 MT),31410.0,6029511.46
2022-07-01,IU_East_3,GU_East_2,road,13065,Trucks (30 MT),391950.0,40679631.94
2022-07-01,IU_North_1,GU_North_2,road,3827,Trucks (30 MT),114810.0,18348343.75
2022-07-01,IU_North_1,GU_North_3,road,16246,Trucks (30 MT),487380.0,38497635.61
2022-07-01,IU_North_2,GU_North_2,road,12671,Trucks (30 MT),380130.0,95315316.72
2022-07-01,IU_North_3,GU_North_1,road,16387,Trucks (30 MT),491610.0,31607245.6
2022-07-01,IU_South_1,GU_South_2,road,19328,Trucks (30 MT),579840.0,30356446.35
2022-07-01,IU_South_2,GU_South_3,road,18400,Trucks (30 MT),552000.0,33461924.57
2022-07-01,IU_South_3,GU_South_1,road,17206,Trucks (30 MT),516180.0,114257868.64
2022-07-01,IU_South_3,GU_South_2,road,665,Trucks (30 MT),19950.0,5460432.8
2022-07-01,IU_South_3,GU_South_3,road,197,Trucks (30 MT),5910.0,1579604.54
2022-07-01,IU_West_1,GU_West_2,road,12768,Trucks (30 MT),383040.0,39403069.44
2022-07-01,IU_West_1,GU_West_3,road,298,Trucks (30 MT),8940.0,2816433.76
2022-07-01,IU_West_2,GU_West_3,road,16916,Trucks (30 MT),507480.0,113264316.21
2022-07-01,IU_West_3,GU_South_3,road,1080,Trucks (30 MT),32400.0,11903451.43
2022-07-01,IU_West_3,GU_West_1,road,15769,Trucks (30 MT),473070.0,37367303.7
2022-07-01,IU_West_3,GU_West_3,road,663,Trucks (30 MT),19890.0,5133446.09
2022-08-01,IU_Central_1,GU_Central_2,road,8087,Trucks (30 MT),242610.0,62996020.18
2022-08-01,IU_Central_2,GU_Central_1,road,10902,Trucks (30 MT),327060.0,38495086.59
2022-08-01,IU_Central_2,GU_Central_2,road,3540,Trucks (30 MT),106200.0,18701961.6
2022-08-01,IU_Central_3,GU_Central_1,road,2772,Trucks (30 MT),83160.0,12477785.76
2022-08-01,IU_Central_3,GU_Central_3,road,13638,Trucks (30 MT),409140.0,32349024.27
2022-08-01,IU_East_1,GU_East_3,road,9169,Trucks (30 MT),275070.0,82298900.62
2022-08-01,IU_East_2,GU_East_1,road,13904,Trucks (30 MT),417120.0,46471776.18
2022-08-01,IU_East_2,GU_East_3,road,4373,Trucks (30 MT),131190.0,24635058.11
2022-08-01,IU_East_3,GU_East_2,road,11927,Trucks (30 MT),357810.0,36327665.53
2022-08-01,IU_North_1,GU_North_2,road,8973,Trucks (30 MT),269190.0,42083780.19
2022-08-01,IU_North_1,GU_North_3,road,16107,Trucks (30 MT),483210.0,37337130.48
2022-08-01,IU_North_2,GU_North_2,road,9109,Trucks (30 MT),273270.0,67028758.68
2022-08-01,IU_North_3,GU_North_1,road,19251,Trucks (30 MT),577530.0,36322786.8
2022-08-01,IU_South_1,GU_South_2,road,15472,Trucks (30 MT),464160.0,23771092.39
2022-08-01,IU_South_2,GU_South_1,road,5603,Trucks (30 MT),168090.0,9212516.63
2022-08-01,IU_South_2,GU_South_3,road,17666,Trucks (30 MT),529980.0,31427511.15
2022-08-01,IU_South_3,GU_South_1,road,10418,Trucks (30 MT),312540.0,67675149.41
2022-08-01,IU_West_1,GU_West_2,road,13600,Trucks (30 MT),408000.0,41056768.0
2022-08-01,IU_West_2,GU_West_3,road,13586,Trucks (30 MT),407580.0,88986824.95
2022-08-01,IU_West_3,GU_West_1,road,12055,Trucks (30 MT),361650.0,27944316.63
2022-09-01,IU_Central_1,GU_Central_2,road,4249,Trucks (30 MT),127470.0,33702266.76
2022-09-01,IU_Central_2,GU_Central_1,road,10498,Trucks (30 MT),314940.0,37744389.22
2022-09-01,IU_Central_2,GU_Central_2,road,11572,Trucks (30 MT),347160.0,62249953.92
2022-09-01,IU_Central_3,GU_Central_1,road,4741,Trucks (30 MT),142230.0,21730061.95
2022-09-01,IU_Central_3,GU_Central_3,road,15976,Trucks (30 MT),479280.0,38585600.37
2022-09-01,IU_East_1,GU_East_3,road,15257,Trucks (30 MT),457710.0,139440174.53
2022-09-01,IU_East_2,GU_East_1,road,17101,Trucks (30 MT),513030.0,58199295.84
2022-09-01,IU_East_2,GU_East_3,road,457,Trucks (30 MT),13710.0,2621422.51
2022-09-01,IU_East_3,GU_East_2,road,18488,Trucks (30 MT),554640.0,57338049.33
2022-09-01,IU_North_1,GU_North_2,road,8798,Trucks (30 MT),263940.0,42015326.61
2022-09-01,IU_North_1,GU_North_3,road,20807,Trucks (30 MT),624210.0,49111416.03
2022-09-01,IU_North_2,GU_North_2,road,11184,Trucks (30 MT),335520.0,83798133.12
2022-09-01,IU_North_3,GU_North_1,road,21242,Trucks (30 MT),637260.0,40810130.4
2022-09-01,IU_South_1,GU_South_2,road,18588,Trucks (30 MT),557640.0,29079173.42
2022-09-01,IU_South_2,GU_South_1,road,13046,Trucks (30 MT),391380.0,21841464.1
2022-09-01,IU_South_2,GU_South_3,road,18474,Trucks (30 MT),554220.0,33464120.3
2022-09-01,IU_South_3,GU_South_1,road,9326,Trucks (30 MT),279780.0,61686054.27
2022-09-01,IU_West_1,GU_West_2,road,16525,Trucks (30 MT),495750.0,50796528.0
2022-09-01,IU_West_2,GU_West_3,road,17950,Trucks (30 MT),538500.0,119714088.86
2022-09-01,IU_West_3,GU_West_1,road,17971,Trucks (30 MT),539130.0,42417516.1
2022-10-01,IU_Central_1,GU_Central_2,road,5920,Trucks (30 MT),177600.0,47689557.94
2022-10-01,IU_Central_2,GU_Central_1,road,12104,Trucks (30 MT),363120.0,44198136.41
2022-10-01,IU_Central_2,GU_Central_2,road,13218,Trucks (30 MT),396540.0,72214692.48
2022-10-01,IU_Central_3,GU_Central_1,road,6664,Trucks (30 MT),199920.0,31020958.08
2022-10-01,IU_Central_3,GU_Central_3,road,18937,Trucks (30 MT),568110.0,46451270.67
2022-10-01,IU_East_1,GU_East_3,road,11434,Trucks (30 MT),343020.0,106131956.09
2022-10-01,IU_East_2,GU_East_1,road,21254,Trucks (30 MT),637620.0,73462568.5
2022-10-01,IU_East_2,GU_East_3,road,5642,Trucks (30 MT),169260.0,32868744.48
2022-10-01,IU_East_3,GU_East_2,road,20537,Trucks (30 MT),616110.0,64687325.25
2022-10-01,IU_North_1,GU_North_2,road,8965,Trucks (30 MT),268950.0,43481377.03
2022-10-01,IU_North_1,GU_North_3,road,27707,Trucks (30 MT),831210.0,66418903.75
2022-10-01,IU_North_2,GU_North_2,road,17493,Trucks (30 MT),524790.0,133116132.24
2022-10-01,IU_North_3,GU_North_1,road,24254,Trucks (30 MT),727620.0,47324404.8
2022-10-01,IU_South_1,GU_South_2,road,29369,Trucks (30 MT),881070.0,46662474.14
2022-10-01,IU_South_2,GU_South_1,road,12697,Trucks (30 MT),380910.0,21589108.15
2022-10-01,IU_South_2,GU_South_3,road,28637,Trucks (30 MT),859110.0,52683570.72
2022-10-01,IU_South_3,GU_South_1,road,16900,Trucks (30 MT),507000.0,113529178.29
2022-10-01,IU_West_1,GU_West_2,road,20800,Trucks (30 MT),624000.0,64935936.0
2022-10-01,IU_West_2,GU_West_3,road,23001,Trucks (30 MT),690030.0,155796156.31
2022-10-01,IU_West_3,GU_West_1,road,20334,Trucks (30 MT),610020.0,48744432.41
2022-11-01,IU_Central_1,GU_Central_2,road,2135,Trucks (30 MT),64050.0,16929128.7
2022-11-01,IU_Central_2,GU_Central_1,road,11957,Trucks (30 MT),358710.0,42976635.15
2022-11-01,IU_Central_2,GU_Central_2,road,23834,Trucks (30 MT),715020.0,128171625.12
2022-11-01,IU_Central_3,GU_Central_1,road,12236,Trucks (30 MT),367080.0,56065386.96
2022-11-01,IU_Central_3,GU_Central_3,road,21927,Trucks (30 MT),657810.0,52942052.37
2022-11-01,IU_East_1,GU_East_3,road,16524,Trucks (30 MT),495720.0,150972659.07
2022-11-01,IU_East_2,GU_East_1,road,20956,Trucks (30 MT),628680.0,71296622.95
2022-11-01,IU_East_2,GU_East_3,road,5596,Trucks (30 MT),167880.0,32089494.55
2022-11-01,IU_East_3,GU_East_2,road,20442,Trucks (30 MT),613260.0,63378318.39
2022-11-01,IU_North_1,GU_North_2,road,15397,Trucks (30 MT),461910.0,73506245.81
2022-11-01,IU_North_1,GU_North_3,road,31515,Trucks (30 MT),945450.0,74362613.91
2022-11-01,IU_North_2,GU_North_2,road,14272,Trucks (30 MT),428160.0,106902132.48
2022-11-01,IU_North_3,GU_North_1,road,28974,Trucks (30 MT),869220.0,55647464.4
2022-11-01,IU_South_1,GU_South_2,road,30392,Trucks (30 MT),911760.0,47530569.81
2022-11-01,IU_South_2,GU_South_1,road,9745,Trucks (30 MT),292350.0,16309872.39
2022-11-01,IU_South_2,GU_South_3,road,34591,Trucks (30 MT),1037730.0,62639161.77
2022-11-01,IU_South_3,GU_South_1,road,20586,Trucks (30 MT),617580.0,136121866.51
2022-11-01,IU_West_1,GU_West_2,road,27278,Trucks (30 MT),818340.0,83824202.88
2022-11-01,IU_West_2,GU_West_3,road,22248,Trucks (30 MT),667440.0,148332437.69
2022-11-01,IU_West_3,GU_West_1,road,25236,Trucks (30 MT),757080.0,59546721.39
2022-12-01,IU_Central_1,GU_Central_2,road,15809,Trucks (30 MT),474270.0,126725486.02
2022-12-01,IU_Central_2,GU_Central_1,road,19861,Trucks (30 MT),595830.0,72166248.65
2022-12-01,IU_Central_2,GU_Central_2,road,13128,Trucks (30 MT),393840.0,71370109.44
2022-12-01,IU_Central_3,GU_Central_1,road,5019,Trucks (30 MT),150570.0,23248524.24
2022-12-01,IU_Central_3,GU_Central_3,road,24485,Trucks (30 MT),734550.0,59764666.97
2022-12-01,IU_East_1,GU_East_3,road,6473,Trucks (30 MT),194190.0,59787661.06
2022-12-01,IU_East_2,GU_East_1,road,24759,Trucks (30 MT),742770.0,85156246.08
2022-12-01,IU_East_2,GU_East_3,road,15794,Trucks (30 MT),473820.0,91558810.77
2022-12-01,IU_East_3,GU_East_2,road,24349,Trucks (30 MT),730470.0,76317001.13
2022-12-01,IU_North_1,GU_North_2,road,15860,Trucks (30 MT),475800.0,76544528.91
2022-12-01,IU_North_1,GU_North_3,road,26534,Trucks (30 MT),796020.0,63294051.98
2022-12-01,IU_North_2,GU_North_2,road,20640,Trucks (30 MT),619200.0,156291033.6
2022-12-01,IU_North_3,GU_North_1,road,36035,Trucks (30 MT),1081050.0,69965556.0
2022-12-01,IU_South_1,GU_South_2,road,31032,Trucks (30 MT),930960.0,49062123.98
2022-12-01,IU_South_2,GU_South_1,road,27243,Trucks (30 MT),817290.0,46094221.95
2022-12-01,IU_South_2,GU_South_3,road,29671,Trucks (30 MT),890130.0,54317258.54
2022-12-01,IU_South_3,GU_South_1,road,9684,Trucks (30 MT),290520.0,64734164.43
2022-12-01,IU_West_1,GU_West_2,road,26008,Trucks (30 MT),780240.0,80795412.48
2022-12-01,IU_West_2,GU_West_3,road,25976,Trucks (30 MT),779280.0,175081505.55
2022-12-01,IU_West_3,GU_West_1,road,28735,Trucks (30 MT),862050.0,68544304.8
2023-01-01,IU_Central_2,GU_Central_1,road,15185,Trucks (30 MT),455550.0,55994123.49
2023-01-01,IU_Central_2,GU_Central_2,road,25471,Trucks (30 MT),764130.0,140526563.52
2023-01-01,IU_Central_3,GU_Central_1,road,7427,Trucks (30 MT),222810.0,34912926.48
2023-01-01,IU_Central_3,GU_Central_3,road,25759,Trucks (30 MT),772770.0,63806956.53
2023-01-01,IU_East_1,GU_East_3,road,13749,Trucks (30 MT),412470.0,128875897.95
2023-01-01,IU_East_2,GU_East_1,road,29396,Trucks (30 MT),881880.0,102604470.31
2023-01-01,IU_East_2,GU_East_3,road,14962,Trucks (30 MT),448860.0,88022215.47
2023-01-01,IU_East_3,GU_East_2,road,27493,Trucks (30 MT),824790.0,87449420.19
2023-01-01,IU_North_1,GU_North_2,road,21755,Trucks (30 MT),652650.0,106552757.83
2023-01-01,IU_North_1,GU_North_3,road,39384,Trucks (30 MT),1181520.0,95339886.99
2023-01-01,IU_North_2,GU_North_2,road,18218,Trucks (30 MT),546540.0,139997314.08
2023-01-01,IU_North_3,GU_North_1,road,36842,Trucks (30 MT),1105260.0,72593476.8
2023-01-01,IU_South_1,GU_South_2,road,40105,Trucks (30 MT),1203150.0,64347212.06
2023-01-01,IU_South_2,GU_South_1,road,11798,Trucks (30 MT),353940.0,20257907.59
2023-01-01,IU_South_2,GU_South_3,road,39790,Trucks (30 MT),1193700.0,73922089.37
2023-01-01,IU_South_3,GU_South_1,road,24275,Trucks (30 MT),728250.0,164676883.71
2023-01-01,IU_West_1,GU_West_2,road,35304,Trucks (30 MT),1059120.0,111300802.56
2023-01-01,IU_West_2,GU_West_3,road,31950,Trucks (30 MT),958500.0,218541286.29
2023-01-01,IU_West_3,GU_West_1,road,31987,Trucks (30 MT),959610.0,77433398.47
2023-02-01,IU_Central_1,GU_Central_2,road,13509,Trucks (30 MT),405270.0,110329894.26
2023-02-01,IU_Central_2,GU_Central_1,road,26257,Trucks (30 MT),787710.0,97204989.42
2023-02-01,IU_Central_2,GU_Central_2,road,17662,Trucks (30 MT),529860.0,97829111.52
2023-02-01,IU_Central_3,GU_Central_1,road,8386,Trucks (30 MT),251580.0,39577056.12
2023-02-01,IU_Central_3,GU_Central_3,road,32120,Trucks (30 MT),963600.0,79878585.6
2023-02-01,IU_East_1,GU_East_3,road,23721,Trucks (30 MT),711630.0,223228368.18
2023-02-01,IU_East_2,GU_East_1,road,33646,Trucks (30 MT),1009380.0,117903659.04
2023-02-01,IU_East_2,GU_East_3,road,8885,Trucks (30 MT),266550.0,52477830.9
2023-02-01,IU_East_3,GU_East_2,road,29710,Trucks (30 MT),891300.0,94875319.8
2023-02-01,IU_North_1,GU_North_2,road,17950,Trucks (30 MT),538500.0,88264458.0
2023-02-01,IU_North_1,GU_North_3,road,44242,Trucks (30 MT),1327260.0,107523987.12
2023-02-01,IU_North_2,GU_North_2,road,26247,Trucks (30 MT),787410.0,202495080.06
2023-02-01,IU_North_3,GU_North_1,road,43426,Trucks (30 MT),1302780.0,85905313.2
2023-02-01,IU_South_1,GU_South_2,road,43499,Trucks (30 MT),1304970.0,70069059.18
2023-02-01,IU_South_2,GU_South_1,road,15366,Trucks (30 MT),460980.0,26488832.76
2023-02-01,IU_South_2,GU_South_3,road,46589,Trucks (30 MT),1397670.0,86895939.24
2023-02-01,IU_South_3,GU_South_1,road,24436,Trucks (30 MT),733080.0,166425287.76
2023-02-01,IU_West_1,GU_West_2,road,37456,Trucks (30 MT),1123680.0,118552734.72
2023-02-01,IU_West_2,GU_West_3,road,30854,Trucks (30 MT),925620.0,211879971.72
2023-02-01,IU_West_3,GU_West_1,road,35005,Trucks (30 MT),1050150.0,85074751.8
2023-03-01,IU_Central_1,GU_Central_2,road,6663,Trucks (30 MT),199890.0,53790456.11
2023-03-01,IU_Central_2,GU_Central_1,road,22849,Trucks (30 MT),685470.0,83613434.75
2023-03-01,IU_Central_2,GU_Central_2,road,27375,Trucks (30 MT),821250.0,149881410.0
2023-03-01,IU_Central_3,GU_Central_1,road,11146,Trucks (30 MT),334380.0,51996376.61
2023-03-01,IU_Central_3,GU_Central_3,road,29481,Trucks (30 MT),884430.0,72470699.59
2023-03-01,IU_East_1,GU_East_3,road,21038,Trucks (30 MT),631140.0,195697940.45
2023-03-01,IU_East_2,GU_East_1,road,41173,Trucks (30 MT),1235190.0,142617154.87
2023-03-01,IU_East_2,GU_East_3,road,11882,Trucks (30 MT),356460.0,69370273.22
2023-03-01,IU_East_3,GU_East_2,road,32969,Trucks (30 MT),989070.0,104069097.63
2023-03-01,IU_North_1,GU_North_2,road,13558,Trucks (30 MT),406740.0,65899549.95
2023-03-01,IU_North_1,GU_North_3,road,46195,Trucks (30 MT),1385850.0,110976492.26
2023-03-01,IU_North_2,GU_North_2,road,32697,Trucks (30 MT),980910.0,249349283.82
2023-03-01,IU_North_3,GU_North_1,road,43131,Trucks (30 MT),1293930.0,84338357.4
2023-03-01,IU_South_1,GU_South_2,road,47268,Trucks (30 MT),1418040.0,75262675.58
2023-03-01,IU_South_2,GU_South_1,road,18170,Trucks (30 MT),545100.0,30961524.26
2023-03-01,IU_South_2,GU_South_3,road,48473,Trucks (30 MT),1454190.0,89367869.67
2023-03-01,IU_South_3,GU_South_1,road,30703,Trucks (30 MT),921090.0,206697596.2
2023-03-01,IU_West_1,GU_West_2,road,34148,Trucks (30 MT),1024440.0,106836798.72
2023-03-01,IU_West_2,GU_West_3,road,30333,Trucks (30 MT),909990.0,205901357.32
2023-03-01,IU_West_3,GU_West_1,road,32218,Trucks (30 MT),966540.0,77398866.27
2023-04-01,IU_Central_2,GU_Central_1,road,17779,Trucks (30 MT),533370.0,66304697.82
2023-04-01,IU_Central_2,GU_Central_2,road,25553,Trucks (30 MT),766590.0,142581651.52
2023-04-01,IU_Central_3,GU_Central_1,road,13256,Trucks (30 MT),397680.0,63022356.94
2023-04-01,IU_Central_3,GU_Central_3,road,30582,Trucks (30 MT),917460.0,76615074.93
2023-04-01,IU_East_1,GU_East_3,road,13449,Trucks (30 MT),403470.0,127496981.11
2023-04-01,IU_East_2,GU_East_1,road,31297,Trucks (30 MT),938910.0,110481629.12
2023-04-01,IU_East_2,GU_East_3,road,14530,Trucks (30 MT),435900.0,86452503.66
2023-04-01,IU_East_3,GU_East_2,road,30256,Trucks (30 MT),907680.0,97331995.98
2023-04-01,IU_North_1,GU_North_2,road,12593,Trucks (30 MT),377790.0,62379821.28
2023-04-01,IU_North_1,GU_North_3,road,38672,Trucks (30 MT),1160160.0,94680547.11
2023-04-01,IU_North_2,GU_North_2,road,26705,Trucks (30 MT),801150.0,207549123.6
2023-04-01,IU_North_3,GU_North_1,road,39703,Trucks (30 MT),1191090.0,79120138.4
2023-04-01,IU_South_1,GU_South_2,road,37858,Trucks (30 MT),1135740.0,61432501.1
2023-04-01,IU_South_2,GU_South_1,road,28220,Trucks (30 MT),846600.0,49006368.23
2023-04-01,IU_South_2,GU_South_3,road,39356,Trucks (30 MT),1180680.0,73947000.41
2023-04-01,IU_South_3,GU_South_1,road,6873,Trucks (30 MT),206190.0,47155142.43
2023-04-01,IU_West_1,GU_West_2,road,30668,Trucks (30 MT),920040.0,97784304.64
2023-04-01,IU_West_2,GU_West_3,road,29726,Trucks (30 MT),891780.0,205640391.29
2023-04-01,IU_West_3,GU_West_1,road,32369,Trucks (30 MT),971070.0,79248930.22
2023-05-01,IU_Central_2,GU_Central_1,road,12068,Trucks (30 MT),362040.0,45412711.52
2023-05-01,IU_Central_2,GU_Central_2,road,25821,Trucks (30 MT),774630.0,145378427.04
2023-05-01,IU_Central_3,GU_Central_1,road,10669,Trucks (30 MT),320070.0,51181265.83
2023-05-01,IU_Central_3,GU_Central_3,road,23658,Trucks (30 MT),709740.0,59804179.47
2023-05-01,IU_East_1,GU_East_3,road,19808,Trucks (30 MT),594240.0,189476649.87
2023-05-01,IU_East_2,GU_East_1,road,25655,Trucks (30 MT),769650.0,91382816.8
2023-05-01,IU_East_2,GU_East_3,road,7172,Trucks (30 MT),215160.0,43058351.98
2023-05-01,IU_East_3,GU_East_2,road,28192,Trucks (30 MT),845760.0,91511393.1
2023-05-01,IU_North_1,GU_North_2,road,13480,Trucks (30 MT),404400.0,67376737.37
2023-05-01,IU_North_1,GU_North_3,road,35738,Trucks (30 MT),1072140.0,88287563.63
2023-05-01,IU_North_2,GU_North_2,road,19964,Trucks (30 MT),598920.0,156560083.68
2023-05-01,IU_North_3,GU_North_1,road,32933,Trucks (30 MT),987990.0,66221676.4
2023-05-01,IU_South_1,GU_South_2,road,34878,Trucks (30 MT),1046340.0,57108041.38
2023-05-01,IU_South_2,GU_South_1,road,5539,Trucks (30 MT),166170.0,9705815.62
2023-05-01,IU_South_2,GU_South_3,road,36192,Trucks (30 MT),1085760.0,68616309.39
2023-05-01,IU_South_3,GU_South_1,road,29202,Trucks (30 MT),876060.0,202162442.37
2023-05-01,IU_West_1,GU_West_2,road,26840,Trucks (30 MT),805200.0,86351795.2
2023-05-01,IU_West_2,GU_West_3,road,26322,Trucks (30 MT),789660.0,183736735.1
2023-05-01,IU_West_3,GU_West_1,road,27919,Trucks (30 MT),837570.0,68971416.67
2023-06-01,IU_Central_2,GU_Central_1,road,10415,Trucks (30 MT),312450.0,39788781.59
2023-06-01,IU_Central_2,GU_Central_2,road,15510,Trucks (30 MT),465300.0,88653919.2
2023-06-01,IU_Central_3,GU_Central_1,road,4889,Trucks (30 MT),146670.0,23810393.83
2023-06-01,IU_Central_3,GU_Central_3,road,15569,Trucks (30 MT),467070.0,39955214.01
2023-06-01,IU_East_1,GU_East_3,road,14832,Trucks (30 MT),444960.0,144036984.55
2023-06-01,IU_East_2,GU_East_1,road,17955,Trucks (30 MT),538650.0,64928768.4
2023-06-01,IU_East_2,GU_East_3,road,2502,Trucks (30 MT),75060.0,15249782.93
2023-06-01,IU_East_3,GU_East_2,road,17947,Trucks (30 MT),538410.0,59142595.08
2023-06-01,IU_North_1,GU_North_2,road,8435,Trucks (30 MT),253050.0,42802033.8
2023-06-01,IU_North_1,GU_North_3,road,25805,Trucks (30 MT),774150.0,64719087.46
2023-06-01,IU_North_2,GU_North_2,road,14450,Trucks (30 MT),433500.0,115043097.0
2023-06-01,IU_North_3,GU_North_1,road,21426,Trucks (30 MT),642780.0,43739036.4
2023-06-01,IU_South_1,GU_South_2,road,26032,Trucks (30 MT),780960.0,43272547.34
2023-06-01,IU_South_2,GU_South_1,road,15274,Trucks (30 MT),458220.0,27171442.28
2023-06-01,IU_South_2,GU_South_3,road,22527,Trucks (30 MT),675810.0,43358811.07
2023-06-01,IU_South_3,GU_South_1,road,10776,Trucks (30 MT),323280.0,75736406.61
2023-06-01,IU_West_1,GU_West_2,road,20198,Trucks (30 MT),605940.0,65971515.52
2023-06-01,IU_West_2,GU_West_3,road,19141,Trucks (30 MT),574230.0,135644118.4
2023-06-01,IU_West_3,GU_West_1,road,20892,Trucks (30 MT),626760.0,52397255.38
2023-07-01,IU_Central_1,GU_Central_2,road,16596,Trucks (30 MT),497880.0,135432227.01
2023-07-01,IU_Central_2,GU_Central_1,road,17011,Trucks (30 MT),510330.0,62924806.87
2023-07-01,IU_Central_2,GU_Central_2,road,216,Trucks (30 MT),6480.0,1195447.68
2023-07-01,IU_Central_3,GU_Central_1,road,811,Trucks (30 MT),24330.0,3824353.92
2023-07-01,IU_Central_3,GU_Central_3,road,14970,Trucks (30 MT),449100.0,37198482.51
2023-07-01,IU_East_1,GU_East_3,road,12244,Trucks (30 MT),367320.0,115129947.19
2023-07-01,IU_East_2,GU_East_1,road,16874,Trucks (30 MT),506220.0,59082720.02
2023-07-01,IU_East_2,GU_East_3,road,1132,Trucks (30 MT),33960.0,6680569.15
2023-07-01,IU_East_3,GU_East_2,road,15057,Trucks (30 MT),451710.0,48043832.58
2023-07-01,IU_North_1,GU_North_2,road,4665,Trucks (30 MT),139950.0,22920371.23
2023-07-01,IU_North_1,GU_North_3,road,20430,Trucks (30 MT),612900.0,49612095.26
2023-07-01,IU_North_2,GU_North_2,road,13072,Trucks (30 MT),392160.0,100768649.28
2023-07-01,IU_North_3,GU_North_1,road,20720,Trucks (30 MT),621600.0,40955152.0
2023-07-01,IU_South_1,GU_South_2,road,20326,Trucks (30 MT),609780.0,32715045.45
2023-07-01,IU_South_2,GU_South_1,road,7107,Trucks (30 MT),213210.0,12241563.83
2023-07-01,IU_South_2,GU_South_3,road,20356,Trucks (30 MT),610680.0,37936488.48
2023-07-01,IU_South_3,GU_South_1,road,11244,Trucks (30 MT),337320.0,76517122.66
2023-07-01,IU_West_1,GU_West_2,road,14497,Trucks (30 MT),434910.0,45847632.32
2023-07-01,IU_West_2,GU_West_3,road,18453,Trucks (30 MT),553590.0,126617579.31
2023-07-01,IU_West_3,GU_West_1,road,16508,Trucks (30 MT),495240.0,40087932.87
2023-08-01,IU_Central_1,GU_Central_2,road,6280,Trucks (30 MT),188400.0,52954180.11
2023-08-01,IU_Central_2,GU_Central_1,road,12491,Trucks (30 MT),374730.0,47743171.58
2023-08-01,IU_Central_2,GU_Central_2,road,7471,Trucks (30 MT),224130.0,42724557.12
2023-08-01,IU_Central_3,GU_Central_1,road,2451,Trucks (30 MT),73530.0,11942700.58
2023-08-01,IU_Central_3,GU_Central_3,road,13756,Trucks (30 MT),412680.0,35319748.39
2023-08-01,IU_East_1,GU_East_3,road,12560,Trucks (30 MT),376800.0,122032816.46
2023-08-01,IU_East_2,GU_East_1,road,15438,Trucks (30 MT),463140.0,55854154.7
2023-08-01,IU_East_2,GU_East_3,road,1344,Trucks (30 MT),40320.0,8195742.72
2023-08-01,IU_East_3,GU_East_2,road,13653,Trucks (30 MT),409590.0,45014175.05
2023-08-01,IU_North_1,GU_North_2,road,7191,Trucks (30 MT),215730.0,36507433.17
2023-08-01,IU_North_1,GU_North_3,road,16135,Trucks (30 MT),484050.0,40486495.2
2023-08-01,IU_North_2,GU_North_2,road,11042,Trucks (30 MT),331260.0,87953505.12
2023-08-01,IU_North_3,GU_North_1,road,21189,Trucks (30 MT),635670.0,43276413.6
2023-08-01,IU_South_1,GU_South_2,road,19803,Trucks (30 MT),594090.0,32934312.72
2023-08-01,IU_South_1,GU_South_3,road,1619,Trucks (30 MT),48570.0,15730185.5
2023-08-01,IU_South_2,GU_South_1,road,712,Trucks (30 MT),21360.0,1267221.67
2023-08-01,IU_South_2,GU_South_3,road,21402,Trucks (30 MT),642060.0,41213647.95
2023-08-01,IU_South_3,GU_South_1,road,19073,Trucks (30 MT),572190.0,134115450.62
2023-08-01,IU_West_1,GU_West_2,road,16156,Trucks (30 MT),484680.0,52795223.04
2023-08-01,IU_West_2,GU_West_3,road,15846,Trucks (30 MT),475380.0,112348864.39
2023-08-01,IU_West_3,GU_West_1,road,17725,Trucks (30 MT),531750.0,44476177.71
2023-09-01,IU_Central_2,GU_Central_1,road,9371,Trucks (30 MT),281130.0,35975724.16
2023-09-01,IU_Central_2,GU_Central_2,road,18374,Trucks (30 MT),551220.0,105538786.08
2023-09-01,IU_Central_3,GU_Central_1,road,8461,Trucks (30 MT),253830.0,41408593.31
2023-09-01,IU_Central_3,GU_Central_3,road,17369,Trucks (30 MT),521070.0,44792963.73
2023-09-01,IU_East_1,GU_East_3,road,11960,Trucks (30 MT),358800.0,116715282.17
2023-09-01,IU_East_2,GU_East_1,road,16216,Trucks (30 MT),486480.0,58927461.39
2023-09-01,IU_East_2,GU_East_3,road,5655,Trucks (30 MT),169650.0,34636277.19
2023-09-01,IU_East_3,GU_East_2,road,15469,Trucks (30 MT),464070.0,51226300.65
2023-09-01,IU_North_1,GU_North_2,road,15256,Trucks (30 MT),457680.0,77793308.02
2023-09-01,IU_North_1,GU_North_3,road,23567,Trucks (30 MT),707010.0,59395708.1
2023-09-01,IU_North_2,GU_North_2,road,5793,Trucks (30 MT),173790.0,46346664.78
2023-09-01,IU_North_3,GU_North_1,road,21831,Trucks (30 MT),654930.0,44784113.4
2023-09-01,IU_South_1,GU_South_2,road,20471,Trucks (30 MT),614130.0,34195284.8
2023-09-01,IU_South_2,GU_South_1,road,19803,Trucks (30 MT),594090.0,35400804.66
2023-09-01,IU_South_2,GU_South_3,road,21300,Trucks (30 MT),639000.0,41197973.14
2023-09-01,IU_South_3,GU_South_1,road,5202,Trucks (30 MT),156060.0,36740046.5
2023-09-01,IU_West_1,GU_West_2,road,14846,Trucks (30 MT),445380.0,48728135.04
2023-09-01,IU_West_2,GU_West_3,road,23422,Trucks (30 MT),702660.0,166794820.92
2023-09-01,IU_West_3,GU_West_1,road,18193,Trucks (30 MT),545790.0,45851661.96
2023-10-01,IU_Central_1,GU_Central_2,road,6609,Trucks (30 MT),198270.0,56268629.46
2023-10-01,IU_Central_2,GU_Central_1,road,16587,Trucks (30 MT),497610.0,64013545.62
2023-10-01,IU_Central_2,GU_Central_2,road,13096,Trucks (30 MT),392880.0,75618399.36
2023-10-01,IU_Central_3,GU_Central_1,road,4352,Trucks (30 MT),130560.0,21411056.64
2023-10-01,IU_Central_3,GU_Central_3,road,22354,Trucks (30 MT),670620.0,57952297.92
2023-10-01,IU_East_1,GU_East_3,road,7930,Trucks (30 MT),237900.0,77794727.4
2023-10-01,IU_East_2,GU_East_1,road,19324,Trucks (30 MT),579720.0,70591344.96
2023-10-01,IU_East_2,GU_East_3,road,13000,Trucks (30 MT),390000.0,80042820.0
2023-10-01,IU_East_3,GU_East_2,road,22050,Trucks (30 MT),661500.0,73404009.0
2023-10-01,IU_North_1,GU_North_2,road,11170,Trucks (30 MT),335100.0,57257866.8
2023-10-01,IU_North_1,GU_North_3,road,27809,Trucks (30 MT),834270.0,70455770.04
2023-10-01,IU_North_2,GU_North_2,road,12292,Trucks (30 MT),368760.0,98859393.36
2023-10-01,IU_North_3,GU_North_1,road,27944,Trucks (30 MT),838320.0,57626116.8
2023-10-01,IU_South_1,GU_South_2,road,24526,Trucks (30 MT),735780.0,41184549.72
2023-10-01,IU_South_2,GU_South_1,road,12606,Trucks (30 MT),378180.0,22653738.36
2023-10-01,IU_South_2,GU_South_3,road,30203,Trucks (30 MT),906090.0,58725505.08
2023-10-01,IU_South_3,GU_South_1,road,19445,Trucks (30 MT),583350.0,138056777.7
2023-10-01,IU_West_1,GU_West_2,road,22353,Trucks (30 MT),670590.0,73754170.56
2023-10-01,IU_West_2,GU_West_3,road,26484,Trucks (30 MT),794520.0,189593129.52
2023-10-01,IU_West_3,GU_West_1,road,27220,Trucks (30 MT),816600.0,68963503.2
2023-11-01,IU_Central_1,GU_Central_2,road,669,Trucks (30 MT),20070.0,5752170.95
2023-11-01,IU_Central_2,GU_Central_1,road,17714,Trucks (30 MT),531420.0,69039201.55
2023-11-01,IU_Central_2,GU_Central_2,road,22727,Trucks (30 MT),681810.0,132527500.56
2023-11-01,IU_Central_3,GU_Central_1,road,11681,Trucks (30 MT),350430.0,58036915.0
2023-11-01,IU_Central_3,GU_Central_3,road,25606,Trucks (30 MT),768180.0,67039727.04
2023-11-01,IU_East_1,GU_East_3,road,15146,Trucks (30 MT),454380.0,150054840.67
2023-11-01,IU_East_2,GU_East_1,road,25451,Trucks (30 MT),763530.0,93893247.46
2023-11-01,IU_East_2,GU_East_3,road,6608,Trucks (30 MT),198240.0,41088864.96
2023-11-01,IU_East_3,GU_East_2,road,22227,Trucks (30 MT),666810.0,74725205.32
2023-11-01,IU_North_1,GU_North_2,road,30880,Trucks (30 MT),926400.0,159857995.89
2023-11-01,IU_North_1,GU_North_3,road,29443,Trucks (30 MT),883290.0,75333532.78
2023-11-01,IU_North_2,GU_North_2,road,1991,Trucks (30 MT),59730.0,16171180.74
2023-11-01,IU_North_3,GU_North_1,road,36402,Trucks (30 MT),1092060.0,75810805.2
2023-11-01,IU_South_1,GU_South_2,road,36867,Trucks (30 MT),1106010.0,62520217.28
2023-11-01,IU_South_2,GU_South_1,road,25764,Trucks (30 MT),772920.0,46757464.15
2023-11-01,IU_South_2,GU_South_3,road,26715,Trucks (30 MT),801450.0,52457421.34
2023-11-01,IU_South_3,GU_South_1,road,3560,Trucks (30 MT),106800.0,25525535.66
2023-11-01,IU_West_1,GU_West_2,road,25640,Trucks (30 MT),769200.0,85436582.4
2023-11-01,IU_West_2,GU_West_3,road,25384,Trucks (30 MT),761520.0,183516093.87
2023-11-01,IU_West_3,GU_West_1,road,27439,Trucks (30 MT),823170.0,70206052.58
2023-12-01,IU_Central_2,GU_Central_1,road,21476,Trucks (30 MT),644280.0,82535826.88
2023-12-01,IU_Central_2,GU_Central_2,road,30832,Trucks (30 MT),924960.0,177286466.56
2023-12-01,IU_Central_3,GU_Central_1,road,6386,Trucks (30 MT),191580.0,31286948.05
2023-12-01,IU_Central_3,GU_Central_3,road,27740,Trucks (30 MT),832200.0,71615486.17
2023-12-01,IU_East_1,GU_East_3,road,22567,Trucks (30 MT),677010.0,220463083.85
2023-12-01,IU_East_2,GU_East_1,road,29707,Trucks (30 MT),891210.0,108068294.35
2023-12-01,IU_East_2,GU_East_3,road,6642,Trucks (30 MT),199260.0,40725176.3
2023-12-01,IU_East_3,GU_East_2,road,31199,Trucks (30 MT),935970.0,103427715.76
2023-12-01,IU_North_1,GU_North_2,road,17991,Trucks (30 MT),539730.0,91837989.46
2023-12-01,IU_North_1,GU_North_3,road,34820,Trucks (30 MT),1044600.0,87850661.03
2023-12-01,IU_North_2,GU_North_2,road,20095,Trucks (30 MT),602850.0,160941658.8
2023-12-01,IU_North_3,GU_North_1,road,36606,Trucks (30 MT),1098180.0,75174081.6
2023-12-01,IU_South_1,GU_South_2,road,36602,Trucks (30 MT),1098060.0,61206491.86
2023-12-01,IU_South_2,GU_South_1,road,16069,Trucks (30 MT),482070.0,28756531.46
2023-12-01,IU_South_2,GU_South_3,road,38640,Trucks (30 MT),1159200.0,74816755.2
2023-12-01,IU_South_3,GU_South_1,road,25547,Trucks (30 MT),766410.0,180623713.25
2023-12-01,IU_West_1,GU_West_2,road,31227,Trucks (30 MT),936810.0,102604427.52
2023-12-01,IU_West_2,GU_West_3,road,25785,Trucks (30 MT),773550.0,183819349.54
2023-12-01,IU_West_3,GU_West_1,road,27861,Trucks (30 MT),835830.0,70293143.79
2024-01-01,IU_Central_1,GU_Central_2,road,7679,Trucks (30 MT),230370.0,64953721.04
2024-01-01,IU_Central_2,GU_Central_1,road,18921,Trucks (30 MT),567630.0,72546573.84
2024-01-01,IU_Central_2,GU_Central_2,road,22423,Trucks (30 MT),672690.0,128632678.72
2024-01-01,IU_Central_3,GU_Central_1,road,13203,Trucks (30 MT),396090.0,64534302.41
2024-01-01,IU_Central_3,GU_Central_3,road,32844,Trucks (30 MT),985320.0,84594132.48
2024-01-01,IU_East_1,GU_East_3,road,18576,Trucks (30 MT),557280.0,181049763.29
2024-01-01,IU_East_2,GU_East_1,road,32787,Trucks (30 MT),983610.0,118993952.78
2024-01-01,IU_East_2,GU_East_3,road,17599,Trucks (30 MT),527970.0,107655396.01
2024-01-01,IU_East_3,GU_East_2,road,35923,Trucks (30 MT),1077690.0,118809882.73
2024-01-01,IU_North_1,GU_North_2,road,26739,Trucks (30 MT),802170.0,136174545.67
2024-01-01,IU_North_1,GU_North_3,road,43845,Trucks (30 MT),1315350.0,110362124.23
2024-01-01,IU_North_2,GU_North_2,road,12020,Trucks (30 MT),360600.0,96043646.4
2024-01-01,IU_North_3,GU_North_1,road,38284,Trucks (30 MT),1148520.0,78436259.2
2024-01-01,IU_South_1,GU_South_2,road,45324,Trucks (30 MT),1359720.0,75614417.69
2024-01-01,IU_South_2,GU_South_1,road,210,Trucks (30 MT),6300.0,374930.4
2024-01-01,IU_South_2,GU_South_3,road,54356,Trucks (30 MT),1630680.0,105000882.93
2024-01-01,IU_South_3,GU_South_1,road,54057,Trucks (30 MT),1621710.0,381303250.94
2024-01-01,IU_West_1,GU_West_2,road,34279,Trucks (30 MT),1028370.0,112369304.32
2024-01-01,IU_West_2,GU_West_3,road,31031,Trucks (30 MT),930930.0,220700628.72
2024-01-01,IU_West_3,GU_West_1,road,34983,Trucks (30 MT),1049490.0,88055609.35
2024-02-01,IU_Central_1,GU_Central_2,road,6316,Trucks (30 MT),189480.0,53883564.48
2024-02-01,IU_Central_2,GU_Central_1,road,12337,Trucks (30 MT),370110.0,47708659.44
2024-02-01,IU_Central_2,GU_Central_2,road,30785,Trucks (30 MT),923550.0,178119547.2
2024-02-01,IU_Central_3,GU_Central_1,road,21889,Trucks (30 MT),656670.0,107909267.76
2024-02-01,IU_Central_3,GU_Central_3,road,33564,Trucks (30 MT),1006920.0,87191216.64
2024-02-01,IU_East_1,GU_East_3,road,7274,Trucks (30 MT),218220.0,71504583.84
2024-02-01,IU_East_2,GU_East_1,road,38011,Trucks (30 MT),1140330.0,139138505.28
2024-02-01,IU_East_2,GU_East_3,road,23162,Trucks (30 MT),694860.0,142902128.16
2024-02-01,IU_East_3,GU_East_2,road,38094,Trucks (30 MT),1142820.0,127072441.44
2024-02-01,IU_North_1,GU_North_2,road,24075,Trucks (30 MT),722250.0,123660756.0
2024-02-01,IU_North_1,GU_North_3,road,47213,Trucks (30 MT),1416390.0,119860587.36
2024-02-01,IU_North_2,GU_North_2,road,30762,Trucks (30 MT),922860.0,247909727.52
2024-02-01,IU_North_3,GU_North_1,road,46696,Trucks (30 MT),1400880.0,96492614.4
2024-02-01,IU_South_1,GU_South_2,road,49681,Trucks (30 MT),1490430.0,83595237.84
2024-02-01,IU_South_2,GU_South_1,road,19448,Trucks (30 MT),583440.0,35020402.56
2024-02-01,IU_South_2,GU_South_3,road,49632,Trucks (30 MT),1488960.0,96699018.24
2024-02-01,IU_South_3,GU_South_1,road,30420,Trucks (30 MT),912600.0,216417614.4
2024-02-01,IU_West_1,GU_West_2,road,33733,Trucks (30 MT),1011990.0,111529393.92
2024-02-01,IU_West_2,GU_West_3,road,37993,Trucks (30 MT),1139790.0,272537466.48
2024-02-01,IU_West_3,GU_West_1,road,38476,Trucks (30 MT),1154280.0,97679790.72
2024-03-01,IU_Central_2,GU_Central_1,road,20309,Trucks (30 MT),609270.0,79814370.0
2024-03-01,IU_Central_2,GU_Central_2,road,37039,Trucks (30 MT),1111170.0,217789320.0
2024-03-01,IU_Central_3,GU_Central_1,road,16842,Trucks (30 MT),505260.0,84378420.0
2024-03-01,IU_Central_3,GU_Central_3,road,38644,Trucks (30 MT),1159320.0,102020160.0
2024-03-01,IU_East_1,GU_East_3,road,27532,Trucks (30 MT),825960.0,275044680.0
2024-03-01,IU_East_2,GU_East_1,road,35501,Trucks (30 MT),1065030.0,132063720.0
2024-03-01,IU_East_2,GU_East_3,road,20164,Trucks (30 MT),604920.0,126428280.0
2024-03-01,IU_East_3,GU_East_2,road,36728,Trucks (30 MT),1101840.0,124507920.0
2024-03-01,IU_North_1,GU_North_2,road,23330,Trucks (30 MT),699900.0,121782600.0
2024-03-01,IU_North_1,GU_North_3,road,48448,Trucks (30 MT),1453440.0,124995840.0
2024-03-01,IU_North_2,GU_North_2,road,28842,Trucks (30 MT),865260.0,236215980.0
2024-03-01,IU_North_3,GU_North_1,road,47262,Trucks (30 MT),1417860.0,99250200.0
2024-03-01,IU_South_1,GU_South_2,road,53087,Trucks (30 MT),1592610.0,90778770.0
2024-03-01,IU_South_2,GU_South_1,road,37515,Trucks (30 MT),1125450.0,68652450.0
2024-03-01,IU_South_2,GU_South_3,road,48096,Trucks (30 MT),1442880.0,95230080.0
2024-03-01,IU_South_3,GU_South_1,road,16317,Trucks (30 MT),489510.0,117971910.0
2024-03-01,IU_West_1,GU_West_2,road,39461,Trucks (30 MT),1183830.0,132588960.0
2024-03-01,IU_West_2,GU_West_3,road,41107,Trucks (30 MT),1233210.0,299670030.0
2024-03-01,IU_West_3,GU_West_1,road,38908,Trucks (30 MT),1167240.0,100382640.0
2024-04-01,IU_Central_2,GU_Central_1,road,15706,Trucks (30 MT),471180.0,61724580.0
2024-04-01,IU_Central_2,GU_Central_2,road,34817,Trucks (30 MT),1044510.0,204723960.0
2024-04-01,IU_Central_3,GU_Central_1,road,15642,Trucks (30 MT),469260.0,78366420.0
2024-04-01,IU_Central_3,GU_Central_3,road,32447,Trucks (30 MT),973410.0,85660080.0
2024-04-01,IU_East_1,GU_East_3,road,22851,Trucks (30 MT),685530.0,228281490.0
2024-04-01,IU_East_2,GU_East_1,road,37247,Trucks (30 MT),1117410.0,138558840.0
2024-04-01,IU_East_2,GU_East_3,road,14361,Trucks (30 MT),430830.0,90043470.0
2024-04-01,IU_East_3,GU_East_2,road,37100,Trucks (30 MT),1113000.0,125769000.0
2024-04-01,IU_North_1,GU_North_2,road,22829,Trucks (30 MT),684870.0,119167380.0
2024-04-01,IU_North_1,GU_North_3,road,43482,Trucks (30 MT),1304460.0,112183560.0
2024-04-01,IU_North_2,GU_North_2,road,20702,Trucks (30 MT),621060.0,169549380.0
2024-04-01,IU_North_3,GU_North_1,road,43654,Trucks (30 MT),1309620.0,91673400.0
2024-04-01,IU_South_1,GU_South_2,road,47552,Trucks (30 MT),1426560.0,81313920.0
2024-04-01,IU_South_2,GU_South_1,road,10203,Trucks (30 MT),306090.0,18671490.0
2024-04-01,IU_South_2,GU_South_3,road,54142,Trucks (30 MT),1624260.0,107201160.0
2024-04-01,IU_South_3,GU_South_1,road,34653,Trucks (30 MT),1039590.0,250541190.0
2024-04-01,IU_West_1,GU_West_2,road,32903,Trucks (30 MT),987090.0,110554080.0
2024-04-01,IU_West_2,GU_West_3,road,36798,Trucks (30 MT),1103940.0,268257420.0
2024-04-01,IU_West_3,GU_West_1,road,33262,Trucks (30 MT),997860.0,85815960.0
2024-05-01,IU_Central_1,GU_Central_2,road,11676,Trucks (30 MT),350280.0,100932047.76
2024-05-01,IU_Central_2,GU_Central_1,road,21301,Trucks (30 MT),639030.0,83465777.54
2024-05-01,IU_Central_2,GU_Central_2,road,17077,Trucks (30 MT),512310.0,100116303.28
2024-05-01,IU_Central_3,GU_Central_1,road,7377,Trucks (30 MT),221310.0,36849653.63
2024-05-01,IU_Central_3,GU_Central_3,road,30022,Trucks (30 MT),900660.0,79024079.95
2024-05-01,IU_East_1,GU_East_3,road,24151,Trucks (30 MT),724530.0,240556173.51
2024-05-01,IU_East_2,GU_East_1,road,34180,Trucks (30 MT),1025400.0,126774205.94
2024-05-01,IU_East_2,GU_East_3,road,5532,Trucks (30 MT),165960.0,34583234.78
2024-05-01,IU_East_3,GU_East_2,road,31096,Trucks (30 MT),932880.0,105104213.46
2024-05-01,IU_North_1,GU_North_2,road,18200,Trucks (30 MT),546000.0,94723512.0
2024-05-01,IU_North_1,GU_North_3,road,35783,Trucks (30 MT),1073490.0,92047575.78
2024-05-01,IU_North_2,GU_North_2,road,18462,Trucks (30 MT),553860.0,150757368.84
2024-05-01,IU_North_3,GU_North_1,road,35305,Trucks (30 MT),1059150.0,73921609.0
2024-05-01,IU_South_1,GU_South_2,road,42714,Trucks (30 MT),1281420.0,72825295.32
2024-05-01,IU_South_2,GU_South_1,road,18932,Trucks (30 MT),567960.0,34543273.11
2024-05-01,IU_South_2,GU_South_3,road,41218,Trucks (30 MT),1236540.0,81370691.35
2024-05-01,IU_South_3,GU_South_1,road,20291,Trucks (30 MT),608730.0,146270804.11
2024-05-01,IU_West_1,GU_West_2,road,31396,Trucks (30 MT),941880.0,105179111.68
2024-05-01,IU_West_2,GU_West_3,road,25773,Trucks (30 MT),773190.0,187330461.4
2024-05-01,IU_West_3,GU_West_1,road,30442,Trucks (30 MT),913260.0,78308478.94
2024-06-01,IU_Central_1,GU_Central_2,road,5068,Trucks (30 MT),152040.0,43939560.0
2024-06-01,IU_Central_2,GU_Central_1,road,7383,Trucks (30 MT),221490.0,29015190.0
2024-06-01,IU_Central_2,GU_Central_2,road,19856,Trucks (30 MT),595680.0,116753280.0
2024-06-01,IU_Central_3,GU_Central_1,road,12601,Trucks (30 MT),378030.0,63131010.0
2024-06-01,IU_Central_3,GU_Central_3,road,20583,Trucks (30 MT),617490.0,54339120.0
2024-06-01,IU_East_1,GU_East_3,road,15309,Trucks (30 MT),459270.0,152936910.0
2024-06-01,IU_East_2,GU_East_1,road,18602,Trucks (30 MT),558060.0,69199440.0
2024-06-01,IU_East_2,GU_East_3,road,6105,Trucks (30 MT),183150.0,38278350.0
2024-06-01,IU_East_3,GU_East_2,road,18887,Trucks (30 MT),566610.0,64026930.0
2024-06-01,IU_North_1,GU_North_2,road,7030,Trucks (30 MT),210900.0,36696600.0
2024-06-01,IU_North_1,GU_North_3,road,30943,Trucks (30 MT),928290.0,79832940.0
2024-06-01,IU_North_2,GU_North_2,road,21485,Trucks (30 MT),644550.0,175962150.0
2024-06-01,IU_North_3,GU_North_1,road,27899,Trucks (30 MT),836970.0,58587900.0
2024-06-01,IU_South_1,GU_South_2,road,27318,Trucks (30 MT),819540.0,46713780.0
2024-06-01,IU_South_2,GU_South_1,road,5225,Trucks (30 MT),156750.0,9561750.0
2024-06-01,IU_South_2,GU_South_3,road,29429,Trucks (30 MT),882870.0,58269420.0
2024-06-01,IU_South_3,GU_South_1,road,21464,Trucks (30 MT),643920.0,155184720.0
2024-06-01,IU_West_1,GU_West_2,road,22067,Trucks (30 MT),662010.0,74145120.0
2024-06-01,IU_West_2,GU_West_3,road,23600,Trucks (30 MT),708000.0,172044000.0
2024-06-01,IU_West_3,GU_West_1,road,22997,Trucks (30 MT),689910.0,59332260.0
2024-07-01,IU_Central_1,GU_Central_2,road,7362,Trucks (30 MT),220860.0,63828540.0
2024-07-01,IU_Central_2,GU_Central_1,road,8382,Trucks (30 MT),251460.0,32941260.0
2024-07-01,IU_Central_2,GU_Central_2,road,13235,Trucks (30 MT),397050.0,77821800.0
2024-07-01,IU_Central_3,GU_Central_1,road,7376,Trucks (30 MT),221280.0,36953760.0
2024-07-01,IU_Central_3,GU_Central_3,road,16305,Trucks (30 MT),489150.0,43045200.0
2024-07-01,IU_East_1,GU_East_3,road,12276,Trucks (30 MT),368280.0,122637240.0
2024-07-01,IU_East_2,GU_East_1,road,16006,Trucks (30 MT),480180.0,59542320.0
2024-07-01,IU_East_2,GU_East_3,road,6506,Trucks (30 MT),195180.0,40792620.0
2024-07-01,IU_East_3,GU_East_2,road,16658,Trucks (30 MT),499740.0,56470620.0
2024-07-01,IU_North_1,GU_North_2,road,4361,Trucks (30 MT),130830.0,22764420.0
2024-07-01,IU_North_1,GU_North_3,road,25115,Trucks (30 MT),753450.0,64796700.0
2024-07-01,IU_North_2,GU_North_2,road,19866,Trucks (30 MT),595980.0,162702540.0
2024-07-01,IU_North_3,GU_North_1,road,25476,Trucks (30 MT),764280.0,53499600.0
2024-07-01,IU_South_1,GU_South_2,road,20775,Trucks (30 MT),623250.0,35525250.0
2024-07-01,IU_South_2,GU_South_1,road,9389,Trucks (30 MT),281670.0,17181870.0
2024-07-01,IU_South_2,GU_South_3,road,22783,Trucks (30 MT),683490.0,45110340.0
2024-07-01,IU_South_3,GU_South_1,road,13313,Trucks (30 MT),399390.0,96252990.0
2024-07-01,IU_West_1,GU_West_2,road,20598,Trucks (30 MT),617940.0,69209280.0
2024-07-01,IU_West_2,GU_West_3,road,18927,Trucks (30 MT),567810.0,137977830.0
2024-07-01,IU_West_3,GU_West_1,road,15878,Trucks (30 MT),476340.0,40965240.0
2024-08-01,IU_Central_1,GU_Central_2,road,5701,Trucks (30 MT),171030.0,49427670.0
2024-08-01,IU_Central_2,GU_Central_1,road,11716,Trucks (30 MT),351480.0,46043880.0
2024-08-01,IU_Central_2,GU_Central_2,road,9217,Trucks (30 MT),276510.0,54195960.0
2024-08-01,IU_Central_3,GU_Central_1,road,6282,Trucks (30 MT),188460.0,31472820.0
2024-08-01,IU_Central_3,GU_Central_3,road,14399,Trucks (30 MT),431970.0,38013360.0
2024-08-01,IU_East_1,GU_East_3,road,11549,Trucks (30 MT),346470.0,115374510.0
2024-08-01,IU_East_2,GU_East_1,road,17504,Trucks (30 MT),525120.0,65114880.0
2024-08-01,IU_East_2,GU_East_3,road,1955,Trucks (30 MT),58650.0,12257850.0
2024-08-01,IU_East_3,GU_East_2,road,17556,Trucks (30 MT),526680.0,59514840.0
2024-08-01,IU_North_1,GU_North_2,road,6539,Trucks (30 MT),196170.0,34133580.0
2024-08-01,IU_North_1,GU_North_3,road,23145,Trucks (30 MT),694350.0,59714100.0
2024-08-01,IU_North_2,GU_North_2,road,22084,Trucks (30 MT),662520.0,180867960.0
2024-08-01,IU_North_3,GU_North_1,road,22970,Trucks (30 MT),689100.0,48237000.0
2024-08-01,IU_South_1,GU_South_2,road,20893,Trucks (30 MT),626790.0,35727030.0
2024-08-01,IU_South_2,GU_South_1,road,8387,Trucks (30 MT),251610.0,15348210.0
2024-08-01,IU_South_2,GU_South_3,road,19657,Trucks (30 MT),589710.0,38920860.0
2024-08-01,IU_South_3,GU_South_1,road,12696,Trucks (30 MT),380880.0,91792080.0
2024-08-01,IU_West_1,GU_West_2,road,16885,Trucks (30 MT),506550.0,56733600.0
2024-08-01,IU_West_2,GU_West_3,road,18961,Trucks (30 MT),568830.0,138225690.0
2024-08-01,IU_West_3,GU_West_1,road,16814,Trucks (30 MT),504420.0,43380120.0
2024-09-01,IU_Central_1,GU_Central_2,road,4349,Trucks (30 MT),130470.0,37705830.0
2024-09-01,IU_Central_2,GU_Central_1,road,11627,Trucks (30 MT),348810.0,45694110.0
2024-09-01,IU_Central_2,GU_Central_2,road,17774,Trucks (30 MT),533220.0,104511120.0
2024-09-01,IU_Central_3,GU_Central_1,road,6571,Trucks (30 MT),197130.0,32920710.0
2024-09-01,IU_Central_3,GU_Central_3,road,19384,Trucks (30 MT),581520.0,51173760.0
2024-09-01,IU_East_1,GU_East_3,road,2305,Trucks (30 MT),69150.0,23026950.0
2024-09-01,IU_East_2,GU_East_1,road,15545,Trucks (30 MT),466350.0,57827400.0
2024-09-01,IU_East_2,GU_East_3,road,17847,Trucks (30 MT),535410.0,111900690.0
2024-09-01,IU_East_3,GU_East_2,road,18214,Trucks (30 MT),546420.0,61745460.0
2024-09-01,IU_North_1,GU_North_2,road,11747,Trucks (30 MT),352410.0,61319340.0
2024-09-01,IU_North_1,GU_North_3,road,25497,Trucks (30 MT),764910.0,65782260.0
2024-09-01,IU_North_2,GU_North_2,road,13319,Trucks (30 MT),399570.0,109082610.0
2024-09-01,IU_North_3,GU_North_1,road,21760,Trucks (30 MT),652800.0,45696000.0
2024-09-01,IU_South_1,GU_South_2,road,26241,Trucks (30 MT),787230.0,44872110.0
2024-09-01,IU_South_2,GU_South_1,road,12604,Trucks (30 MT),378120.0,23065320.0
2024-09-01,IU_South_2,GU_South_3,road,27015,Trucks (30 MT),810450.0,53489700.0
2024-09-01,IU_South_3,GU_South_1,road,17526,Trucks (30 MT),525780.0,126712980.0
2024-09-01,IU_West_1,GU_West_2,road,19876,Trucks (30 MT),596280.0,66783360.0
2024-09-01,IU_West_2,GU_West_3,road,22521,Trucks (30 MT),675630.0,164178090.0
2024-09-01,IU_West_3,GU_West_1,road,21449,Trucks (30 MT),643470.0,55338420.0
2024-10-01,IU_Central_2,GU_Central_1,road,14120,Trucks (30 MT),423600.0,55491600.0
2024-10-01,IU_Central_2,GU_Central_2,road,26337,Trucks (30 MT),790110.0,154861560.0
2024-10-01,IU_Central_3,GU_Central_1,road,10430,Trucks (30 MT),312900.0,52254300.0
2024-10-01,IU_Central_3,GU_Central_3,road,25985,Trucks (30 MT),779550.0,68600400.0
2024-10-01,IU_East_1,GU_East_3,road,16722,Trucks (30 MT),501660.0,167052780.0
2024-10-01,IU_East_2,GU_East_1,road,27411,Trucks (30 MT),822330.0,101968920.0
2024-10-01,IU_East_2,GU_East_3,road,6134,Trucks (30 MT),184020.0,38460180.0
2024-10-01,IU_East_3,GU_East_2,road,22073,Trucks (30 MT),662190.0,74827470.0
2024-10-01,IU_North_1,GU_North_2,road,15466,Trucks (30 MT),463980.0,80732520.0
2024-10-01,IU_North_1,GU_North_3,road,34526,Trucks (30 MT),1035780.0,89077080.0
2024-10-01,IU_North_2,GU_North_2,road,15392,Trucks (30 MT),461760.0,126060480.0
2024-10-01,IU_North_3,GU_North_1,road,34208,Trucks (30 MT),1026240.0,71836800.0
2024-10-01,IU_South_1,GU_South_2,road,33252,Trucks (30 MT),997560.0,56860920.0
2024-10-01,IU_South_2,GU_South_1,road,15071,Trucks (30 MT),452130.0,27579930.0
2024-10-01,IU_South_2,GU_South_3,road,35885,Trucks (30 MT),1076550.0,71052300.0
2024-10-01,IU_South_3,GU_South_1,road,19161,Trucks (30 MT),574830.0,138534030.0
2024-10-01,IU_West_1,GU_West_2,road,27699,Trucks (30 MT),830970.0,93068640.0
2024-10-01,IU_West_2,GU_West_3,road,31166,Trucks (30 MT),934980.0,227200140.0
2024-10-01,IU_West_3,GU_West_1,road,29825,Trucks (30 MT),894750.0,76948500.0
2024-11-01,IU_Central_1,GU_Central_2,road,13068,Trucks (30 MT),392040.0,113299560.0
2024-11-01,IU_Central_2,GU_Central_1,road,24402,Trucks (30 MT),732060.0,95899860.0
2024-11-01,IU_Central_2,GU_Central_2,road,12834,Trucks (30 MT),385020.0,75463920.0
2024-11-01,IU_Central_3,GU_Central_1,road,10571,Trucks (30 MT),317130.0,52960710.0
2024-11-01,IU_Central_3,GU_Central_3,road,33850,Trucks (30 MT),1015500.0,89364000.0
2024-11-01,IU_East_1,GU_East_3,road,17099,Trucks (30 MT),512970.0,170819010.0
2024-11-01,IU_East_2,GU_East_1,road,27192,Trucks (30 MT),815760.0,101154240.0
2024-11-01,IU_East_2,GU_East_3,road,8990,Trucks (30 MT),269700.0,56367300.0
2024-11-01,IU_East_3,GU_East_2,road,28673,Trucks (30 MT),860190.0,97201470.0
2024-11-01,IU_North_1,GU_North_2,road,18623,Trucks (30 MT),558690.0,97212060.0
2024-11-01,IU_North_1,GU_North_3,road,33346,Trucks (30 MT),1000380.0,86032680.0
2024-11-01,IU_North_2,GU_North_2,road,16530,Trucks (30 MT),495900.0,135380700.0
2024-11-01,IU_North_3,GU_North_1,road,38980,Trucks (30 MT),1169400.0,81858000.0
2024-11-01,IU_South_1,GU_South_2,road,38741,Trucks (30 MT),1162230.0,66247110.0
2024-11-01,IU_South_2,GU_South_1,road,8544,Trucks (30 MT),256320.0,15635520.0
2024-11-01,IU_South_2,GU_South_3,road,40159,Trucks (30 MT),1204770.0,79514820.0
2024-11-01,IU_South_3,GU_South_1,road,26874,Trucks (30 MT),806220.0,194299020.0
2024-11-01,IU_West_1,GU_West_2,road,27646,Trucks (30 MT),829380.0,92890560.0
2024-11-01,IU_West_2,GU_West_3,road,35387,Trucks (30 MT),1061610.0,257971230.0
2024-11-01,IU_West_3,GU_West_1,road,33073,Trucks (30 MT),992190.0,85328340.0
2024-12-01,IU_Central_2,GU_Central_1,road,15038,Trucks (30 MT),451140.0,59099340.0
2024-12-01,IU_Central_2,GU_Central_2,road,31275,Trucks (30 MT),938250.0,183897000.0
2024-12-01,IU_Central_3,GU_Central_1,road,15559,Trucks (30 MT),466770.0,77950590.0
2024-12-01,IU_Central_3,GU_Central_3,road,34844,Trucks (30 MT),1045320.0,91988160.0
2024-12-01,IU_East_1,GU_East_3,road,24304,Trucks (30 MT),729120.0,242796960.0
2024-12-01,IU_East_2,GU_East_1,road,35299,Trucks (30 MT),1058970.0,131312280.0
2024-12-01,IU_East_2,GU_East_3,road,7785,Trucks (30 MT),233550.0,48811950.0
2024-12-01,IU_East_3,GU_East_2,road,30096,Trucks (30 MT),902880.0,102025440.0
2024-12-01,IU_North_1,GU_North_2,road,16268,Trucks (30 MT),488040.0,84918960.0
2024-12-01,IU_North_1,GU_North_3,road,40757,Trucks (30 MT),1222710.0,105153060.0
2024-12-01,IU_North_2,GU_North_2,road,24377,Trucks (30 MT),731310.0,199647630.0
2024-12-01,IU_North_3,GU_North_1,road,38929,Trucks (30 MT),1167870.0,81750900.0
2024-12-01,IU_South_1,GU_South_2,road,44475,Trucks (30 MT),1334250.0,76052250.0
2024-12-01,IU_South_2,GU_South_1,road,17422,Trucks (30 MT),522660.0,31882260.0
2024-12-01,IU_South_2,GU_South_3,road,47409,Trucks (30 MT),1422270.0,93869820.0
2024-12-01,IU_South_3,GU_South_1,road,23977,Trucks (30 MT),719310.0,173353710.0
2024-12-01,IU_West_1,GU_West_2,road,31752,Trucks (30 MT),952560.0,106686720.0
2024-12-01,IU_West_2,GU_West_3,road,34175,Trucks (30 MT),1025250.0,249135750.0
2024-12-01,IU_West_3,GU_West_1,road,33251,Trucks (30 MT),997530.0,85787580.0
2025-01-01,IU_Central_1,GU_Central_2,road,4803,Trucks (30 MT),144090.0,41642010.0
2025-01-01,IU_Central_2,GU_Central_1,road,22855,Trucks (30 MT),685650.0,89820150.0
2025-01-01,IU_Central_2,GU_Central_2,road,32102,Trucks (30 MT),963060.0,188759760.0
2025-01-01,IU_Central_3,GU_Central_1,road,14342,Trucks (30 MT),430260.0,71853420.0
2025-01-01,IU_Central_3,GU_Central_3,road,38262,Trucks (30 MT),1147860.0,101011680.0
2025-01-01,IU_East_1,GU_East_3,road,20177,Trucks (30 MT),605310.0,201568230.0
2025-01-01,IU_East_2,GU_East_1,road,41797,Trucks (30 MT),1253910.0,155484840.0
2025-01-01,IU_East_2,GU_East_3,road,17789,Trucks (30 MT),533670.0,111537030.0
2025-01-01,IU_East_3,GU_East_2,road,36251,Trucks (30 MT),1087530.0,122890890.0
2025-01-01,IU_North_1,GU_North_2,road,13085,Trucks (30 MT),392550.0,68303700.0
2025-01-01,IU_North_1,GU_North_3,road,54184,Trucks (30 MT),1625520.0,139794720.0
2025-01-01,IU_North_2,GU_North_2,road,36305,Trucks (30 MT),1089150.0,297337950.0
2025-01-01,IU_North_3,GU_North_1,road,50611,Trucks (30 MT),1518330.0,106283100.0
2025-01-01,IU_South_1,GU_South_2,road,49170,Trucks (30 MT),1475100.0,84080700.0
2025-01-01,IU_South_2,GU_South_1,road,23991,Trucks (30 MT),719730.0,43903530.0
2025-01-01,IU_South_2,GU_South_3,road,47154,Trucks (30 MT),1414620.0,93364920.0
2025-01-01,IU_South_3,GU_South_1,road,23601,Trucks (30 MT),708030.0,170635230.0
2025-01-01,IU_West_1,GU_West_2,road,36788,Trucks (30 MT),1103640.0,123607680.0
2025-01-01,IU_West_2,GU_West_3,road,35309,Trucks (30 MT),1059270.0,257402610.0
2025-01-01,IU_West_3,GU_West_1,road,36312,Trucks (30 MT),1089360.0,93684960.0
2025-02-01,IU_Central_1,GU_Central_2,road,5058,Trucks (30 MT),151740.0,43852860.0
2025-02-01,IU_Central_2,GU_Central_1,road,20153,Trucks (30 MT),604590.0,79201290.0
2025-02-01,IU_Central_2,GU_Central_2,road,32392,Trucks (30 MT),971760.0,190464960.0
2025-02-01,IU_Central_3,GU_Central_1,road,19907,Trucks (30 MT),597210.0,99734070.0
2025-02-01,IU_Central_3,GU_Central_3,road,38402,Trucks (30 MT),1152060.0,101381280.0
2025-02-01,IU_East_1,GU_East_3,road,21100,Trucks (30 MT),633000.0,210789000.0
2025-02-01,IU_East_2,GU_East_1,road,39074,Trucks (30 MT),1172220.0,145355280.0
2025-02-01,IU_East_2,GU_East_3,road,21894,Trucks (30 MT),656820.0,137275380.0
2025-02-01,IU_East_3,GU_East_2,road,39466,Trucks (30 MT),1183980.0,133789740.0
2025-02-01,IU_North_1,GU_North_2,road,24373,Trucks (30 MT),731190.0,127227060.0
2025-02-01,IU_North_1,GU_North_3,road,50722,Trucks (30 MT),1521660.0,130862760.0
2025-02-01,IU_North_2,GU_North_2,road,24924,Trucks (30 MT),747720.0,204127560.0
2025-02-01,IU_North_3,GU_North_1,road,50083,Trucks (30 MT),1502490.0,105174300.0
2025-02-01,IU_South_1,GU_South_2,road,51938,Trucks (30 MT),1558140.0,88813980.0
2025-02-01,IU_South_2,GU_South_1,road,23390,Trucks (30 MT),701700.0,42803700.0
2025-02-01,IU_South_2,GU_South_3,road,54151,Trucks (30 MT),1624530.0,107218980.0
2025-02-01,IU_South_3,GU_South_1,road,33195,Trucks (30 MT),995850.0,239999850.0
2025-02-01,IU_West_1,GU_West_2,road,41355,Trucks (30 MT),1240650.0,138952800.0
2025-02-01,IU_West_2,GU_West_3,road,44378,Trucks (30 MT),1331340.0,323515620.0
2025-02-01,IU_West_3,GU_West_1,road,46065,Trucks (30 MT),1381950.0,118847700.0
2025-03-01,IU_Central_1,GU_Central_2,road,3048,Trucks (30 MT),91440.0,26426160.0
2025-03-01,IU_Central_2,GU_Central_1,road,27256,Trucks (30 MT),817680.0,107116080.0
2025-03-01,IU_Central_2,GU_Central_2,road,35464,Trucks (30 MT),1063920.0,208528320.0
2025-03-01,IU_Central_3,GU_Central_1,road,18102,Trucks (30 MT),543060.0,90691020.0
2025-03-01,IU_Central_3,GU_Central_3,road,41505,Trucks (30 MT),1245150.0,109573200.0
2025-03-01,IU_East_1,GU_East_3,road,38896,Trucks (30 MT),1166880.0,388571040.0
2025-03-01,IU_East_2,GU_East_1,road,51219,Trucks (30 MT),1536570.0,190534680.0
2025-03-01,IU_East_2,GU_East_3,road,9879,Trucks (30 MT),296370.0,61941330.0
2025-03-01,IU_East_3,GU_East_2,road,48257,Trucks (30 MT),1447710.0,163591230.0
2025-03-01,IU_North_1,GU_North_2,road,20239,Trucks (30 MT),607170.0,105647580.0
2025-03-01,IU_North_1,GU_North_3,road,55708,Trucks (30 MT),1671240.0,143726640.0
2025-03-01,IU_North_2,GU_North_2,road,35408,Trucks (30 MT),1062240.0,289991520.0
2025-03-01,IU_North_3,GU_North_1,road,64251,Trucks (30 MT),1927530.0,134927100.0
2025-03-01,IU_South_1,GU_South_2,road,60027,Trucks (30 MT),1800810.0,102646170.0
2025-03-01,IU_South_2,GU_South_1,road,30212,Trucks (30 MT),906360.0,55287960.0
2025-03-01,IU_South_2,GU_South_3,road,53011,Trucks (30 MT),1590330.0,104961780.0
2025-03-01,IU_South_3,GU_South_1,road,25969,Trucks (30 MT),779070.0,187755870.0
2025-03-01,IU_West_1,GU_West_2,road,44458,Trucks (30 MT),1333740.0,149378880.0
2025-03-01,IU_West_2,GU_West_3,road,40088,Trucks (30 MT),1202640.0,292241520.0
2025-03-01,IU_West_3,GU_West_1,road,44398,Trucks (30 MT),1331940.0,114546840.0
2025-04-01,IU_Central_1,GU_Central_2,road,11996,Trucks (30 MT),359880.0,104005320.0
2025-04-01,IU_Central_2,GU_Central_1,road,25038,Trucks (30 MT),751140.0,98399340.0
2025-04-01,IU_Central_2,GU_Central_2,road,24009,Trucks (30 MT),720270.0,141172920.0
2025-04-01,IU_Central_3,GU_Central_1,road,10338,Trucks (30 MT),310140.0,51793380.0
2025-04-01,IU_Central_3,GU_Central_3,road,39191,Trucks (30 MT),1175730.0,103464240.0
2025-04-01,IU_East_1,GU_East_3,road,19079,Trucks (30 MT),572370.0,190599210.0
2025-04-01,IU_East_2,GU_East_1,road,37339,Trucks (30 MT),1120170.0,138901080.0
2025-04-01,IU_East_2,GU_East_3,road,19385,Trucks (30 MT),581550.0,121543950.0
2025-04-01,IU_East_3,GU_East_2,road,40226,Trucks (30 MT),1206780.0,136366140.0
2025-04-01,IU_North_1,GU_North_2,road,11252,Trucks (30 MT),337560.0,58735440.0
2025-04-01,IU_North_1,GU_North_3,road,57715,Trucks (30 MT),1731450.0,148904700.0
2025-04-01,IU_North_2,GU_North_2,road,27550,Trucks (30 MT),826500.0,225634500.0
2025-04-01,IU_North_3,GU_North_1,road,51767,Trucks (30 MT),1553010.0,108710700.0
2025-04-01,IU_South_1,GU_South_2,road,61244,Trucks (30 MT),1837320.0,104727240.0
2025-04-01,IU_South_2,GU_South_1,road,23337,Trucks (30 MT),700110.0,42706710.0
2025-04-01,IU_South_2,GU_South_3,road,54099,Trucks (30 MT),1622970.0,107116020.0
2025-04-01,IU_South_3,GU_South_1,road,32670,Trucks (30 MT),980100.0,236204100.0
2025-04-01,IU_West_1,GU_West_2,road,39895,Trucks (30 MT),1196850.0,134047200.0
2025-04-01,IU_West_2,GU_West_3,road,44715,Trucks (30 MT),1341450.0,325972350.0
2025-04-01,IU_West_3,GU_West_1,road,42876,Trucks (30 MT),1286280.0,110620080.0
2025-05-01,IU_Central_1,GU_Central_2,road,14084,Trucks (30 MT),422520.0,122108280.0
2025-05-01,IU_Central_2,GU_Central_1,road,19312,Trucks (30 MT),579360.0,75896160.0
2025-05-01,IU_Central_2,GU_Central_2,road,18679,Trucks (30 MT),560370.0,109832520.0
2025-05-01,IU_Central_3,GU_Central_1,road,12987,Trucks (30 MT),389610.0,65064870.0
2025-05-01,IU_Central_3,GU_Central_3,road,31890,Trucks (30 MT),956700.0,84189600.0
2025-05-01,IU_East_1,GU_East_3,road,26698,Trucks (30 MT),800940.0,266713020.0
2025-05-01,IU_East_2,GU_East_1,road,35635,Trucks (30 MT),1069050.0,132562200.0
2025-05-01,IU_East_2,GU_East_3,road,7885,Trucks (30 MT),236550.0,49438950.0
2025-05-01,IU_East_3,GU_East_2,road,33649,Trucks (30 MT),1009470.0,114070110.0
2025-05-01,IU_North_1,GU_North_2,road,17638,Trucks (30 MT),529140.0,92070360.0
2025-05-01,IU_North_1,GU_North_3,road,40900,Trucks (30 MT),1227000.0,105522000.0
2025-05-01,IU_North_2,GU_North_2,road,25949,Trucks (30 MT),778470.0,212522310.0
2025-05-01,IU_North_3,GU_North_1,road,40208,Trucks (30 MT),1206240.0,84436800.0
2025-05-01,IU_South_1,GU_South_2,road,40926,Trucks (30 MT),1227780.0,69983460.0
2025-05-01,IU_South_2,GU_South_1,road,23435,Trucks (30 MT),703050.0,42886050.0
2025-05-01,IU_South_2,GU_South_3,road,42852,Trucks (30 MT),1285560.0,84846960.0
2025-05-01,IU_South_3,GU_South_1,road,21614,Trucks (30 MT),648420.0,156269220.0
2025-05-01,IU_West_1,GU_West_2,road,30923,Trucks (30 MT),927690.0,103901280.0
2025-05-01,IU_West_2,GU_West_3,road,32816,Trucks (30 MT),984480.0,239228640.0
2025-05-01,IU_West_3,GU_West_1,road,30153,Trucks (30 MT),904590.0,77794740.0
2025-06-01,IU_Central_1,GU_Central_2,road,9891,Trucks (30 MT),296730.0,85754970.0
2025-06-01,IU_Central_2,GU_Central_1,road,13728,Trucks (30 MT),411840.0,53951040.0
2025-06-01,IU_Central_2,GU_Central_2,road,15296,Trucks (30 MT),458880.0,89940480.0
2025-06-01,IU_Central_3,GU_Central_1,road,9654,Trucks (30 MT),289620.0,48366540.0
2025-06-01,IU_Central_3,GU_Central_3,road,22760,Trucks (30 MT),682800.0,60086400.0
2025-06-01,IU_East_1,GU_East_3,road,12475,Trucks (30 MT),374250.0,124625250.0
2025-06-01,IU_East_2,GU_East_1,road,19747,Trucks (30 MT),592410.0,73458840.0
2025-06-01,IU_East_2,GU_East_3,road,7565,Trucks (30 MT),226950.0,47432550.0
2025-06-01,IU_East_3,GU_East_2,road,23871,Trucks (30 MT),716130.0,80922690.0
2025-06-01,IU_North_1,GU_North_2,road,15989,Trucks (30 MT),479670.0,83462580.0
2025-06-01,IU_North_1,GU_North_3,road,28136,Trucks (30 MT),844080.0,72590880.0
2025-06-01,IU_North_2,GU_North_2,road,12536,Trucks (30 MT),376080.0,102669840.0
2025-06-01,IU_North_3,GU_North_1,road,30680,Trucks (30 MT),920400.0,64428000.0
2025-06-01,IU_South_1,GU_South_2,road,28927,Trucks (30 MT),867810.0,49465170.0
2025-06-01,IU_South_2,GU_South_1,road,10449,Trucks (30 MT),313470.0,19121670.0
2025-06-01,IU_South_2,GU_South_3,road,30850,Trucks (30 MT),925500.0,61083000.0
2025-06-01,IU_South_3,GU_South_1,road,20430,Trucks (30 MT),612900.0,147708900.0
2025-06-01,IU_West_1,GU_West_2,road,21276,Trucks (30 MT),638280.0,71487360.0
2025-06-01,IU_West_2,GU_West_3,road,21651,Trucks (30 MT),649530.0,157835790.0
2025-06-01,IU_West_3,GU_West_1,road,25079,Trucks (30 MT),752370.0,64703820.0
2025-07-01,IU_Central_1,GU_Central_2,road,10757,Trucks (30 MT),322710.0,93263190.0
2025-07-01,IU_Central_2,GU_Central_1,road,13373,Trucks (30 MT),401190.0,52555890.0
2025-07-01,IU_Central_2,GU_Central_2,road,7828,Trucks (30 MT),234840.0,46028640.0
2025-07-01,IU_Central_3,GU_Central_1,road,5137,Trucks (30 MT),154110.0,25736370.0
2025-07-01,IU_Central_3,GU_Central_3,road,17493,Trucks (30 MT),524790.0,46181520.0
2025-07-01,IU_East_1,GU_East_3,road,12310,Trucks (30 MT),369300.0,122976900.0
2025-07-01,IU_East_2,GU_East_1,road,20376,Trucks (30 MT),611280.0,75798720.0
2025-07-01,IU_East_2,GU_East_3,road,4223,Trucks (30 MT),126690.0,26478210.0
2025-07-01,IU_East_3,GU_East_2,road,20303,Trucks (30 MT),609090.0,68827170.0
2025-07-01,IU_North_1,GU_North_2,road,844,Trucks (30 MT),25320.0,4405680.0
2025-07-01,IU_North_1,GU_North_3,road,25127,Trucks (30 MT),753810.0,64827660.0
2025-07-01,IU_North_2,GU_North_2,road,25447,Trucks (30 MT),763410.0,208410930.0
2025-07-01,IU_North_3,GU_North_1,road,27943,Trucks (30 MT),838290.0,58680300.0
2025-07-01,IU_South_1,GU_South_2,road,27136,Trucks (30 MT),814080.0,46402560.0
2025-07-01,IU_South_1,GU_South_3,road,1245,Trucks (30 MT),37350.0,12437550.0
2025-07-01,IU_South_2,GU_South_1,road,1302,Trucks (30 MT),39060.0,2382660.0
2025-07-01,IU_South_2,GU_South_3,road,24851,Trucks (30 MT),745530.0,49204980.0
2025-07-01,IU_South_3,GU_South_1,road,25527,Trucks (30 MT),765810.0,184560210.0
2025-07-01,IU_West_1,GU_West_2,road,22155,Trucks (30 MT),664650.0,74440800.0
2025-07-01,IU_West_2,GU_West_3,road,20337,Trucks (30 MT),610110.0,148256730.0
2025-07-01,IU_West_3,GU_West_1,road,19418,Trucks (30 MT),582540.0,50098440.0
2025-08-01,IU_Central_1,GU_Central_2,road,20343,Trucks (30 MT),610290.0,176373810.0
2025-08-01,IU_Central_2,GU_Central_1,road,20272,Trucks (30 MT),608160.0,79668960.0
2025-08-01,IU_Central_2,GU_Central_2,road,1002,Trucks (30 MT),30060.0,5891760.0
2025-08-01,IU_Central_3,GU_Central_1,road,1508,Trucks (30 MT),45240.0,7555080.0
2025-08-01,IU_Central_3,GU_Central_3,road,21575,Trucks (30 MT),647250.0,56958000.0
2025-08-01,IU_East_1,GU_East_3,road,15641,Trucks (30 MT),469230.0,156253590.0
2025-08-01,IU_East_2,GU_East_1,road,19132,Trucks (30 MT),573960.0,71171040.0
2025-08-01,IU_East_2,GU_East_3,road,1311,Trucks (30 MT),39330.0,8219970.0
2025-08-01,IU_East_3,GU_East_2,road,17861,Trucks (30 MT),535830.0,60548790.0
2025-08-01,IU_North_1,GU_North_2,road,5599,Trucks (30 MT),167970.0,29226780.0
2025-08-01,IU_North_1,GU_North_3,road,24696,Trucks (30 MT),740880.0,63715680.0
2025-08-01,IU_North_2,GU_North_2,road,20259,Trucks (30 MT),607770.0,165921210.0
2025-08-01,IU_North_3,GU_North_1,road,26905,Trucks (30 MT),807150.0,56500500.0
2025-08-01,IU_South_1,GU_South_2,road,24460,Trucks (30 MT),733800.0,41826600.0
2025-08-01,IU_South_2,GU_South_1,road,10545,Trucks (30 MT),316350.0,19297350.0
2025-08-01,IU_South_2,GU_South_3,road,21883,Trucks (30 MT),656490.0,43328340.0
2025-08-01,IU_South_3,GU_South_1,road,10891,Trucks (30 MT),326730.0,78741930.0
2025-08-01,IU_West_1,GU_West_2,road,19885,Trucks (30 MT),596550.0,66813600.0
2025-08-01,IU_West_2,GU_West_3,road,19281,Trucks (30 MT),578430.0,140558490.0
2025-08-01,IU_West_3,GU_West_1,road,19017,Trucks (30 MT),570510.0,49063860.0
2025-09-01,IU_Central_1,GU_Central_2,road,8751,Trucks (30 MT),262530.0,75871170.0
2025-09-01,IU_Central_2,GU_Central_1,road,12799,Trucks (30 MT),383970.0,50300070.0
2025-09-01,IU_Central_2,GU_Central_2,road,16407,Trucks (30 MT),492210.0,96473160.0
2025-09-01,IU_Central_3,GU_Central_1,road,9607,Trucks (30 MT),288210.0,48131070.0
2025-09-01,IU_Central_3,GU_Central_3,road,23611,Trucks (30 MT),708330.0,62333040.0
2025-09-01,IU_East_1,GU_East_3,road,18397,Trucks (30 MT),551910.0,183786030.0
2025-09-01,IU_East_2,GU_East_1,road,25070,Trucks (30 MT),752100.0,93260400.0
2025-09-01,IU_East_2,GU_East_3,road,4804,Trucks (30 MT),144120.0,30121080.0
2025-09-01,IU_East_3,GU_East_2,road,20807,Trucks (30 MT),624210.0,70535730.0
2025-09-01,IU_North_1,GU_North_2,road,13778,Trucks (30 MT),413340.0,71921160.0
2025-09-01,IU_North_1,GU_North_3,road,29620,Trucks (30 MT),888600.0,76419600.0
2025-09-01,IU_North_2,GU_North_2,road,18636,Trucks (30 MT),559080.0,152628840.0
2025-09-01,IU_North_3,GU_North_1,road,29448,Trucks (30 MT),883440.0,61840800.0
2025-09-01,IU_South_1,GU_South_2,road,27922,Trucks (30 MT),837660.0,47746620.0
2025-09-01,IU_South_2,GU_South_1,road,8164,Trucks (30 MT),244920.0,14940120.0
2025-09-01,IU_South_2,GU_South_3,road,32242,Trucks (30 MT),967260.0,63839160.0
2025-09-01,IU_South_3,GU_South_1,road,23562,Trucks (30 MT),706860.0,170353260.0
2025-09-01,IU_West_1,GU_West_2,road,21030,Trucks (30 MT),630900.0,70660800.0
2025-09-01,IU_West_2,GU_West_3,road,25788,Trucks (30 MT),773640.0,187994520.0
2025-09-01,IU_West_3,GU_West_1,road,22724,Trucks (30 MT),681720.0,58627920.0
2025-10-01,IU_Central_1,GU_Central_2,road,5989,Trucks (30 MT),179670.0,51924630.0
2025-10-01,IU_Central_2,GU_Central_1,road,15164,Trucks (30 MT),454920.0,59594520.0
2025-10-01,IU_Central_2,GU_Central_2,road,19946,Trucks (30 MT),598380.0,117282480.0
2025-10-01,IU_Central_3,GU_Central_1,road,13122,Trucks (30 MT),393660.0,65741220.0
2025-10-01,IU_Central_3,GU_Central_3,road,30739,Trucks (30 MT),922170.0,81150960.0
2025-10-01,IU_East_1,GU_East_3,road,13291,Trucks (30 MT),398730.0,132777090.0
2025-10-01,IU_East_2,GU_East_1,road,25781,Trucks (30 MT),773430.0,95905320.0
2025-10-01,IU_East_2,GU_East_3,road,13171,Trucks (30 MT),395130.0,82582170.0
2025-10-01,IU_East_3,GU_East_2,road,29231,Trucks (30 MT),876930.0,99093090.0
2025-10-01,IU_North_1,GU_North_2,road,13707,Trucks (30 MT),411210.0,71550540.0
2025-10-01,IU_North_1,GU_North_3,road,38295,Trucks (30 MT),1148850.0,98801100.0
2025-10-01,IU_North_2,GU_North_2,road,18790,Trucks (30 MT),563700.0,153890100.0
2025-10-01,IU_North_3,GU_North_1,road,38908,Trucks (30 MT),1167240.0,81706800.0
2025-10-01,IU_South_1,GU_South_2,road,33732,Trucks (30 MT),1011960.0,57681720.0
2025-10-01,IU_South_2,GU_South_1,road,16478,Trucks (30 MT),494340.0,30154740.0
2025-10-01,IU_South_2,GU_South_3,road,35555,Trucks (30 MT),1066650.0,70398900.0
2025-10-01,IU_South_3,GU_South_1,road,17201,Trucks (30 MT),516030.0,124363230.0
2025-10-01,IU_West_1,GU_West_2,road,27261,Trucks (30 MT),817830.0,91596960.0
2025-10-01,IU_West_2,GU_West_3,road,28045,Trucks (30 MT),841350.0,204448050.0
2025-10-01,IU_West_3,GU_West_1,road,30676,Trucks (30 MT),920280.0,79144080.0
2025-11-01,IU_Central_1,GU_Central_2,road,10587,Trucks (30 MT),317610.0,91789290.0
2025-11-01,IU_Central_2,GU_Central_1,road,25373,Trucks (30 MT),761190.0,99715890.0
2025-11-01,IU_Central_2,GU_Central_2,road,21052,Trucks (30 MT),631560.0,123785760.0
2025-11-01,IU_Central_3,GU_Central_1,road,6590,Trucks (30 MT),197700.0,33015900.0
2025-11-01,IU_Central_3,GU_Central_3,road,31327,Trucks (30 MT),939810.0,82703280.0
2025-11-01,IU_East_1,GU_East_3,road,13975,Trucks (30 MT),419250.0,139610250.0
2025-11-01,IU_East_2,GU_East_1,road,29648,Trucks (30 MT),889440.0,110290560.0
2025-11-01,IU_East_2,GU_East_3,road,16122,Trucks (30 MT),483660.0,101084940.0
2025-11-01,IU_East_3,GU_East_2,road,30694,Trucks (30 MT),920820.0,104052660.0
2025-11-01,IU_North_1,GU_North_2,road,13140,Trucks (30 MT),394200.0,68590800.0
2025-11-01,IU_North_1,GU_North_3,road,48523,Trucks (30 MT),1455690.0,125189340.0
2025-11-01,IU_North_2,GU_North_2,road,24249,Trucks (30 MT),727470.0,198599310.0
2025-11-01,IU_North_3,GU_North_1,road,43184,Trucks (30 MT),1295520.0,90686400.0
2025-11-01,IU_South_1,GU_South_2,road,40191,Trucks (30 MT),1205730.0,68726610.0
2025-11-01,IU_South_2,GU_South_1,road,14810,Trucks (30 MT),444300.0,27102300.0
2025-11-01,IU_South_2,GU_South_3,road,43687,Trucks (30 MT),1310610.0,86500260.0
2025-11-01,IU_South_3,GU_South_1,road,32473,Trucks (30 MT),974190.0,234779790.0
2025-11-01,IU_West_1,GU_West_2,road,36381,Trucks (30 MT),1091430.0,122240160.0
2025-11-01,IU_West_2,GU_West_3,road,36935,Trucks (30 MT),1108050.0,269256150.0
2025-11-01,IU_West_3,GU_West_1,road,31904,Trucks (30 MT),957120.0,82312320.0
2025-12-01,IU_Central_2,GU_Central_1,road,16186,Trucks (30 MT),485580.0,63610980.0
2025-12-01,IU_Central_2,GU_Central_2,road,35595,Trucks (30 MT),1067850.0,209298600.0
2025-12-01,IU_Central_3,GU_Central_1,road,18171,Trucks (30 MT),545130.0,91036710.0
2025-12-01,IU_Central_3,GU_Central_3,road,34447,Trucks (30 MT),1033410.0,90940080.0
2025-12-01,IU_East_1,GU_East_3,road,27628,Trucks (30 MT),828840.0,276003720.0
2025-12-01,IU_East_2,GU_East_1,road,36042,Trucks (30 MT),1081260.0,134076240.0
2025-12-01,IU_East_2,GU_East_3,road,9679,Trucks (30 MT),290370.0,60687330.0
2025-12-01,IU_East_3,GU_East_2,road,34019,Trucks (30 MT),1020570.0,115324410.0
2025-12-01,IU_North_1,GU_North_2,road,15557,Trucks (30 MT),466710.0,81207540.0
2025-12-01,IU_North_1,GU_North_3,road,45049,Trucks (30 MT),1351470.0,116226420.0
2025-12-01,IU_North_2,GU_North_2,road,33808,Trucks (30 MT),1014240.0,276887520.0
2025-12-01,IU_North_3,GU_North_1,road,46361,Trucks (30 MT),1390830.0,97358100.0
2025-12-01,IU_South_1,GU_South_2,road,48535,Trucks (30 MT),1456050.0,82994850.0
2025-12-01,IU_South_2,GU_South_1,road,26161,Trucks (30 MT),784830.0,47874630.0
2025-12-01,IU_South_2,GU_South_3,road,51134,Trucks (30 MT),1534020.0,101245320.0
2025-12-01,IU_South_3,GU_South_1,road,19766,Trucks (30 MT),592980.0,142908180.0
2025-12-01,IU_West_1,GU_West_2,road,36800,Trucks (30 MT),1104000.0,123648000.0
2025-12-01,IU_West_2,GU_West_3,road,38212,Trucks (30 MT),1146360.0,278565480.0
2025-12-01,IU_West_3,GU_West_1,road,41241,Trucks (30 MT),1237230.0,106401780.0
